gene,arm
A3GALT2,1p
AADACL3,1p
AADACL4,1p
ABCA4,1p
ABCB10,1q
ABCD3,1p
ABL2,1q
ACADM,1p
ACAP3,1p
ACBD3,1q
ACBD3-AS1,1q
ACBD6,1q
ACKR1,1q
ACOT11,1p
ACOT7,1p
ACP6,1q
ACTA1,1q
ACTG1P20,1p
ACTG1P25,1q
ACTG1P4,1p
ACTL8,1p
ACTN2,1q
ACTRT2,1p
ADAM15,1q
ADAM30,1p
ADAMTS4,1q
ADAMTSL4,1q
ADAMTSL4-AS1,1q
ADAR,1q
ADCY10,1q
ADGRB2,1p
ADGRL2,1p
ADGRL4,1p
ADIPOR1,1q
ADORA1,1q
ADORA3,1p
ADPRS,1p
ADSS2,1q
AGBL4,1p
AGBL4-AS1,1p
AGBL4-IT1,1p
AGL,1p
AGMAT,1p
AGO1,1p
AGO3,1p
AGO4,1p
AGRN,1p
AGT,1q
AGTRAP,1p
AHCTF1,1q
AHCYL1,1p
AHDC1,1p
AIDA,1q
AIM2,1q
AJAP1,1p
AK2,1p
AK4,1p
AK5,1p
AKIRIN1,1p
AKNAD1,1p
AKR1A1,1p
AKR7A2,1p
AKR7A2P1,1p
AKR7A3,1p
AKR7L,1p
AKT3,1q
ALDH4A1,1p
ALDH9A1,1q
ALG14,1p
ALG14-AS1,1p
ALG6,1p
ALPL,1p
ALX3,1p
AMIGO1,1p
AMPD1,1p
AMPD2,1p
AMY1A,1p
AMY1B,1p
AMY1C,1p
AMY2A,1p
AMY2B,1p
ANGEL2,1q
ANGPTL1,1q
ANGPTL3,1p
ANGPTL7,1p
ANKRD13C,1p
ANKRD34A,1q
ANKRD35,1q
ANKRD36BP1,1q
ANKRD45,1q
ANKRD65,1p
ANP32E,1q
ANXA9,1q
AP4B1,1p
AP4B1-AS1,1p
APCS,1q
APH1A,1q
APOA2,1q
APOBEC4,1q
AQP10,1q
ARF1,1q
ARHGAP29,1p
ARHGAP30,1q
ARHGEF10L,1p
ARHGEF11,1q
ARHGEF16,1p
ARHGEF19,1p
ARHGEF2,1q
ARID1A,1p
ARID4B,1q
ARL8A,1q
ARMH1,1p
ARNT,1q
ARPC5,1q
ARTN,1p
ARV1,1q
ASAP3,1p
ASB17,1p
ASCL5,1q
ASH1L,1q
ASH1L-AS1,1q
ASPM,1q
ASTN1,1q
ATAD3A,1p
ATAD3B,1p
ATAD3C,1p
ATF3,1q
ATF6,1q
ATG4C,1p
ATP13A2,1p
ATP1A1,1p
ATP1A1-AS1,1p
ATP1A2,1q
ATP1A4,1q
ATP1B1,1q
ATP2B4,1q
ATP5IF1,1p
ATP5PB,1p
ATP6V0B,1p
ATP6V1G3,1q
ATP8B2,1q
ATPAF1,1p
ATXN7L2,1p
AUNIP,1p
AURKAIP1,1p
AURKAP1,1q
AVPR1B,1q
AXDND1,1q
AZIN2,1p
B3GALNT2,1q
B3GALT2,1q
B3GALT6,1p
B4GALT2,1p
B4GALT3,1q
BARHL2,1p
BATF3,1q
BCAN,1q
BCAR3,1p
BCAR3-AS1,1p
BCAS2,1p
BCL10,1p
BCL2L15,1p
BCL9,1q
BECN2,1q
BEND5,1p
BEST4,1p
BGLAP,1q
BLACAT1,1q
BLZF1,1q
BMP8A,1p
BMP8B,1p
BNIPL,1q
BOLA1,1q
BPNT1,1q
BRDT,1p
BRINP2,1q
BRINP3,1q
BROX,1q
BSDC1,1p
BSND,1p
BTBD19,1p
BTBD8,1p
BTF3L4,1p
BTG2,1q
BTNL10,1q
C1QA,1p
C1QB,1p
C1QC,1p
C1QTNF12,1p
C1orf100,1q
C1orf105,1q
C1orf109,1p
C1orf112,1q
C1orf115,1q
C1orf116,1q
C1orf122,1p
C1orf127,1p
C1orf131,1q
C1orf141,1p
C1orf146,1p
C1orf158,1p
C1orf159,1p
C1orf162,1p
C1orf167,1p
C1orf167-AS1,1p
C1orf174,1p
C1orf185,1p
C1orf189,1q
C1orf194,1p
C1orf195,1p
C1orf198,1q
C1orf21,1q
C1orf210,1p
C1orf216,1p
C1orf220,1q
C1orf226,1q
C1orf229,1q
C1orf232,1p
C1orf35,1q
C1orf43,1q
C1orf50,1p
C1orf52,1p
C1orf53,1q
C1orf54,1q
C1orf56,1q
C1orf68,1q
C1orf74,1q
C1orf87,1p
C1orf94,1p
C2CD4D,1q
C2CD4D-AS1,1q
C4BPA,1q
C4BPB,1q
C8A,1p
C8B,1p
CA14,1q
CA6,1p
CACHD1,1p
CACNA1E,1q
CACNA1S,1q
CACYBP,1q
CADM3,1q
CADM3-AS1,1q
CALML6,1p
CALR4P,1p
CAMK1G,1q
CAMK2N1,1p
CAMSAP2,1q
CAMTA1,1p
CAMTA1-AS2,1p
CAMTA1-DT,1p
CAP1,1p
CAPN2,1q
CAPN8,1q
CAPN9,1q
CAPZA1,1p
CAPZB,1p
CASP9,1p
CASQ1,1q
CASQ2,1p
CASZ1,1p
CATSPER4,1p
CATSPERE,1q
CC2D1B,1p
CCDC163,1p
CCDC17,1p
CCDC18,1p
CCDC18-AS1,1p
CCDC181,1q
CCDC185,1q
CCDC190,1q
CCDC24,1p
CCDC27,1p
CCDC28B,1p
CCDC30,1p
CCN1,1p
CCNL2,1p
CCSAP,1q
CCT3,1q
CD101,1p
CD160,1q
CD164L2,1p
CD1A,1q
CD1B,1q
CD1C,1q
CD1D,1q
CD1E,1q
CD2,1p
CD244,1q
CD247,1q
CD34,1q
CD46,1q
CD48,1q
CD52,1p
CD53,1p
CD55,1q
CD58,1p
CD5L,1q
CD84,1q
CDA,1p
CDC14A,1p
CDC20,1p
CDC42,1p
CDC42BPA,1q
CDC42SE1,1q
CDC7,1p
CDC73,1q
CDCA8,1p
CDCP2,1p
CDK11A,1p
CDK11B,1p
CDK18,1q
CDKN2C,1p
CELA2A,1p
CELA2B,1p
CELA3A,1p
CELA3B,1p
CELF3,1q
CELSR2,1p
CENPF,1q
CENPL,1q
CENPS,1p
CENPS-CORT,1p
CEP104,1p
CEP170,1q
CEP350,1q
CEP85,1p
CEPT1,1p
CERS2,1q
CFAP126,1q
CFAP45,1q
CFAP57,1p
CFAP74,1p
CFH,1q
CFHR1,1q
CFHR2,1q
CFHR3,1q
CFHR4,1q
CFHR5,1q
CGN,1q
CHD1L,1q
CHD5,1p
CHI3L1,1q
CHI3L2,1p
CHIA,1p
CHIAP2,1p
CHIT1,1q
CHML,1q
CHRM3,1q
CHRM3-AS1,1q
CHRM3-AS2,1q
CHRNB2,1q
CHTOP,1q
CIART,1q
CITED4,1p
CKS1B,1q
CLCA1,1p
CLCA2,1p
CLCA3P,1p
CLCA4,1p
CLCA4-AS1,1p
CLCC1,1p
CLCN6,1p
CLCNKA,1p
CLCNKB,1p
CLDN19,1p
CLIC4,1p
CLK2,1q
CLSPN,1p
CLSTN1,1p
CMPK1,1p
CNIH3,1q
CNIH4,1q
CNKSR1,1p
CNN3,1p
CNN3-DT,1p
CNR2,1p
CNST,1q
CNTN2,1q
COA6,1q
COA6-AS1,1q
COA7,1p
COG2,1q
COL11A1,1p
COL16A1,1p
COL24A1,1p
COL8A2,1p
COL9A2,1p
COLGALT2,1q
COP1,1q
COPA,1q
COQ8A,1q
CORT,1p
COX20,1q
CPLANE2,1p
CPT2,1p
CPTP,1p
CR1,1q
CR1L,1q
CR2,1q
CRABP2,1q
CRB1,1q
CRCT1,1q
CREB3L4,1q
CREG1,1q
CRNN,1q
CROCC,1p
CROCCP2,1p
CROCCP3,1p
CRP,1q
CRTC2,1q
CRYBG2,1p
CRYZ,1p
CRYZL2P,1q
CRYZL2P-SEC16B,1q
CSDE1,1p
CSF1,1p
CSF3R,1p
CSMD2,1p
CSMD2-AS1,1p
CSRP1,1q
CTBS,1p
CTH,1p
CTNNBIP1,1p
CTPS1,1p
CTRC,1p
CTSE,1q
CTSK,1q
CTSS,1q
CTTNBP2NL,1p
CTXND2,1q
CYB561D1,1p
CYB5R1,1q
CYB5RL,1p
CYCSP52,1q
CYMP,1p
CYMP-AS1,1p
CYP2J2,1p
CYP4A11,1p
CYP4A22,1p
CYP4B1,1p
CYP4X1,1p
CYP4Z1,1p
CYP4Z2P,1p
CZIB,1p
DAB1,1p
DAB1-AS1,1p
DAP3,1q
DARS2,1q
DBT,1p
DCAF6,1q
DCAF8,1q
DCDC2B,1p
DCLRE1B,1p
DCST1,1q
DCST1-AS1,1q
DCST2,1q
DDAH1,1p
DDI2,1p
DDOST,1p
DDR2,1q
DDX11L1,1p
DDX11L17,1p
DDX20,1p
DDX59,1q
DDX59-AS1,1q
DEDD,1q
DEGS1,1q
DENND1B,1q
DENND2C,1p
DENND2D,1p
DENND4B,1q
DEPDC1,1p
DEPDC1-AS1,1p
DESI2,1q
DFFA,1p
DFFB,1p
DHCR24,1p
DHDDS,1p
DHDDS-AS1,1p
DHRS3,1p
DHX9,1q
DIO1,1p
DIPK1A,1p
DIRAS3,1p
DISC1,1q
DISC1-IT1,1q
DISC2,1q
DISP1,1q
DISP3,1p
DLEU2L,1p
DLGAP3,1p
DLSTP1,1p
DMAP1,1p
DMBX1,1p
DMRTA2,1p
DMRTB1,1p
DNAH14,1q
DNAI3,1p
DNAI4,1p
DNAJA1P5,1p
DNAJB4,1p
DNAJC11,1p
DNAJC16,1p
DNAJC6,1p
DNAJC8,1p
DNALI1,1p
DNASE2B,1p
DNM3,1q
DNM3-IT1,1q
DNM3OS,1q
DNTTIP2,1p
DOCK7,1p
DPH2,1p
DPH5,1p
DPM3,1q
DPT,1q
DPYD,1p
DPYD-AS1,1p
DPYD-AS2,1p
DR1,1p
DRAM2,1p
DRAXIN,1p
DRD5P2,1q
DSTYK,1q
DTL,1q
DUSP10,1q
DUSP12,1q
DUSP23,1q
DUSP5P1,1q
DVL1,1p
DYRK3,1q
E2F2,1p
EBNA1BP2,1p
ECE1,1p
ECE1-AS1,1p
ECHDC2,1p
ECM1,1q
EDARADD,1q
EDEM3,1q
EDN2,1p
EEF1AKNMT,1q
EFCAB14,1p
EFCAB14-AS1,1p
EFCAB2,1q
EFCAB7,1p
EFHD2,1p
EFNA1,1q
EFNA3,1q
EFNA4,1q
EGLN1,1q
EIF2B3,1p
EIF2D,1q
EIF3I,1p
EIF4G3,1p
ELAPOR1,1p
ELAVL4,1p
ELF3,1q
ELF3-AS1,1q
ELK4,1q
ELOA,1p
ELOA-AS1,1p
ELOVL1,1p
EMBP1,1p
EMC1,1p
EMC1-AS1,1p
ENAH,1q
ENO1,1p
ENO1-AS1,1p
ENSA,1q
EPB41,1p
EPHA10,1p
EPHA2,1p
EPHA8,1p
EPHB2,1p
EPHX1,1q
EPHX4,1p
EPRS1,1q
EPS15,1p
EPS8L3,1p
ERI3,1p
ERI3-IT1,1p
ERICH3,1p
ERICH3-AS1,1p
ERLNC1,1q
ERMAP,1p
ERO1B,1q
ERRFI1,1p
ESPN,1p
ESPNP,1p
ESRRG,1q
ETNK2,1q
ETV3,1q
ETV3L,1q
EVA1B,1p
EVI5,1p
EXO1,1q
EXO5,1p
EXOC8,1q
EXOSC10,1p
EXOSC10-AS1,1p
EXTL1,1p
EXTL2,1p
EYA3,1p
F11R,1q
F13B,1q
F3,1p
F5,1q
FAAH,1p
FAAHP1,1p
FAAP20,1p
FABP3,1p
FAF1,1p
FALEC,1q
FAM102B,1p
FAM110D,1p
FAM131C,1p
FAM138A,9p
FAM138C,9p
FAM138D,12p
FAM138F,9p
FAM151A,1p
FAM163A,1q
FAM167B,1p
FAM177B,1q
FAM183A,1p
FAM189B,1q
FAM20B,1q
FAM229A,1p
FAM41C,1p
FAM43B,1p
FAM71A,1q
FAM72A,1q
FAM72B,1p
FAM72C,1q
FAM72D,1q
FAM76A,1p
FAM78B,1q
FAM87B,1p
FAM89A,1q
FASLG,1q
FBLIM1,1p
FBXO2,1p
FBXO28,1q
FBXO42,1p
FBXO44,1p
FBXO6,1p
FCAMR,1q
FCER1A,1q
FCER1G,1q
FCGR1A,1q
FCGR1B,1p
FCGR1CP,1q
FCGR2A,1q
FCGR2B,1q
FCGR2C,1q
FCGR3A,1q
FCGR3B,1q
FCMR,1q
FCN3,1p
FCRL1,1q
FCRL2,1q
FCRL3,1q
FCRL4,1q
FCRL5,1q
FCRL6,1q
FCRLA,1q
FCRLB,1q
FDPS,1q
FGGY,1p
FGR,1p
FH,1q
FHAD1,1p
FHAD1-AS1,1p
FHL3,1p
FLAD1,1q
FLG,1q
FLG-AS1,1q
FLG2,1q
FLJ37453,1p
FLJ39095,1q
FLVCR1,1q
FLVCR1-DT,1q
FMN2,1q
FMO1,1q
FMO2,1q
FMO3,1q
FMO4,1q
FMO5,1q
FMO6P,1q
FMO9P,1q
FMOD,1q
FNBP1L,1p
FNDC10,1p
FNDC5,1p
FNDC7,1p
FOXD2,1p
FOXD2-AS1,1p
FOXD3,1p
FOXD3-AS1,1p
FOXE3,1p
FOXJ3,1p
FOXO6,1p
FOXO6-AS1,1p
FPGT,1p
FPGT-TNNI3K,1p
FRRS1,1p
FUBP1,1p
FUCA1,1p
FYB2,1p
G0S2,1q
GABPB2,1q
GABRD,1p
GADD45A,1p
GALE,1p
GALNT2,1q
GAS5,1q
GAS5-AS1,1q
GATAD2B,1q
GBA,1q
GBAP1,1q
GBP1,1p
GBP1P1,1p
GBP2,1p
GBP3,1p
GBP4,1p
GBP5,1p
GBP6,1p
GBP7,1p
GCLM,1p
GCSAML,1q
GCSAML-AS1,1q
GDAP2,1p
GEMIN8P4,1p
GFI1,1p
GGPS1,1q
GIPC2,1p
GJA4,1p
GJA5,1q
GJA8,1q
GJA9,1p
GJA9-MYCBP,1p
GJB3,1p
GJB4,1p
GJB5,1p
GJC2,1q
GLIS1,1p
GLMN,1p
GLMP,1q
GLRX2,1q
GLUL,1q
GMEB1,1p
GNAI3,1p
GNAT2,1p
GNB1,1p
GNG12,1p
GNG12-AS1,1p
GNG4,1q
GNG5,1p
GNL2,1p
GNPAT,1q
GNRHR2,1q
GOLPH3L,1q
GOLT1A,1q
GON4L,1q
GORAB,1q
GORAB-AS1,1q
GPA33,1q
GPATCH2,1q
GPATCH3,1p
GPATCH4,1q
GPBP1L1,1p
GPN2,1p
GPR137B,1q
GPR153,1p
GPR157,1p
GPR161,1q
GPR25,1q
GPR3,1p
GPR37L1,1q
GPR52,1q
GPR61,1p
GPR88,1p
GPR89A,1q
GPR89B,1q
GPSM2,1p
GPX7,1p
GREM2,1q
GRHL3,1p
GRIK3,1p
GS1-279B7.1,1q
GSTM1,1p
GSTM2,1p
GSTM3,1p
GSTM4,1p
GSTM5,1p
GTF2B,1p
GTF2IP20,1q
GUCA2A,1p
GUCA2B,1p
GUK1,1q
H2AC18,1q
H2AC19,1q
H2AC20,1q
H2AC21,1q
H2AW,1q
H2BC18,1q
H2BC20P,1q
H2BC21,1q
H2BP1,1p
H2BP2,1q
H2BU1,1q
H3-2,1q
H3-3A,1q
H3-4,1q
H3C13,1q
H3C14,1q
H3C15,1q
H3P4,1p
H3P6,2q
H4C14,1q
H4C15,1q
H6PD,1p
HAO2,1p
HAO2-IT1,1p
HAPLN2,1q
HAX1,1q
HCN3,1q
HCRTR1,1p
HDAC1,1p
HDGF,1q
HEATR1,1q
HECTD3,1p
HENMT1,1p
HES2,1p
HES3,1p
HES4,1p
HES5,1p
HEYL,1p
HFM1,1p
HHAT,1q
HHIPL2,1q
HHLA3,1p
HIPK1,1p
HIPK1-AS1,1p
HIVEP3,1p
HJV,1q
HLX,1q
HLX-AS1,1q
HMCN1,1q
HMGB4,1p
HMGCL,1p
HMGCS2,1p
HMGN2,1p
HNRNPCL1,1p
HNRNPCL2,1p
HNRNPCL3,1p
HNRNPCL4,1p
HNRNPR,1p
HNRNPU,1q
HOOK1,1p
HORMAD1,1q
HP1BP3,1p
HPCA,1p
HPCAL4,1p
HPDL,1p
HRNR,1q
HS2ST1,1p
HSD11B1,1q
HSD11B1-AS1,1q
HSD17B7,1q
HSD3B1,1p
HSD3B2,1p
HSD3BP4,1p
HSD52,1p
HSPA6,1q
HSPA7,1q
HSPB11,1p
HSPB7,1p
HSPG2,1p
HTR1D,1p
HTR6,1p
HYDIN2,1q
HYI,1p
IARS2,1q
IBA57,1q
IBA57-DT,1q
ICMT,1p
ID3,1p
IER5,1q
IFFO2,1p
IFI16,1q
IFI44,1p
IFI44L,1p
IFI6,1p
IFNLR1,1p
IGFN1,1q
IGSF21,1p
IGSF3,1p
IGSF8,1q
IGSF9,1q
IKBKE,1q
IL10,1q
IL12RB2,1p
IL19,1q
IL20,1q
IL22RA1,1p
IL23R,1p
IL24,1q
IL6R,1q
IL6R-AS1,1q
ILDR2,1q
ILF2,1q
INAVA,1q
INKA2,1p
INKA2-AS1,1p
INPP5B,1p
INSL5,1p
INSRR,1q
INTS11,1p
INTS3,1q
INTS7,1q
IPO13,1p
IPO9,1q
IPO9-AS1,1q
IPP,1p
IQCC,1p
IQGAP3,1q
IRF2BP2,1q
IRF6,1q
ISG15,1p
ISG20L2,1q
ITGA10,1q
ITGB3BP,1p
ITLN1,1q
ITLN2,1q
ITPKB,1q
ITPKB-IT1,1q
IVL,1q
IVNS1ABP,1q
JAK1,1p
JMJD4,1q
JTB,1q
JUN,1p
KANK4,1p
KAZN,1p
KAZN-AS1,1p
KCNA10,1p
KCNA2,1p
KCNA3,1p
KCNAB2,1p
KCNC4,1p
KCND3,1p
KCND3-AS1,1p
KCND3-IT1,1p
KCNH1,1q
KCNH1-IT1,1q
KCNJ10,1q
KCNJ9,1q
KCNK1,1q
KCNK2,1q
KCNN3,1q
KCNQ4,1p
KCNT2,1q
KCTD3,1q
KDF1,1p
KDM1A,1p
KDM4A,1p
KDM4A-AS1,1p
KDM5B,1q
KHDC4,1q
KHDRBS1,1p
KIAA0040,1q
KIAA0319L,1p
KIAA0754,1p
KIAA1522,1p
KIAA1614,1q
KIAA1614-AS1,1q
KIAA2013,1p
KIF14,1q
KIF17,1p
KIF1B,1p
KIF21B,1q
KIF26B,1q
KIF26B-AS1,1q
KIF2C,1p
KIFAP3,1q
KIRREL1,1q
KIRREL1-IT1,1q
KISS1,1q
KLF17,1p
KLF18,1p
KLHDC7A,1p
KLHDC8A,1q
KLHDC9,1q
KLHL12,1q
KLHL17,1p
KLHL20,1q
KLHL21,1p
KMO,1q
KNCN,1p
KPNA6,1p
KPRP,1q
KRTCAP2,1q
KTI12,1p
KYAT3,1p
L1TD1,1p
LACTBL1,1p
LAD1,1q
LAMB3,1q
LAMC1,1q
LAMC1-AS1,1q
LAMC2,1q
LAMTOR2,1q
LAMTOR5,1p
LAMTOR5-AS1,1p
LAPTM5,1p
LAX1,1q
LBR,1q
LCE1A,1q
LCE1B,1q
LCE1C,1q
LCE1D,1q
LCE1E,1q
LCE1F,1q
LCE2A,1q
LCE2B,1q
LCE2C,1q
LCE2D,1q
LCE3A,1q
LCE3B,1q
LCE3C,1q
LCE3D,1q
LCE3E,1q
LCE4A,1q
LCE5A,1q
LCE6A,1q
LCK,1p
LDC1P,1p
LDLRAD1,1p
LDLRAD2,1p
LDLRAP1,1p
LEFTY1,1q
LEFTY2,1q
LELP1,1q
LEMD1,1q
LEMD1-AS1,1q
LEMD1-DT,1q
LENEP,1q
LEPR,1p
LEPROT,1p
LEXM,1p
LGALS8,1q
LGALS8-AS1,1q
LGR6,1q
LHX4,1q
LHX4-AS1,1q
LHX8,1p
LHX9,1q
LIN28A,1p
LIN9,1q
LINC00115,1p
LINC00184,1q
LINC00210,1q
LINC00260,1q
LINC00272,1q
LINC00302,1q
LINC00303,1q
LINC00337,1p
LINC00339,1p
LINC00466,1p
LINC00467,1q
LINC00538,1q
LINC00582,1q
LINC00622,1p
LINC00623,1p
LINC00624,1q
LINC00626,1q
LINC00628,1q
LINC00853,1p
LINC00862,1q
LINC00869,1q
LINC00970,1q
LINC01031,1q
LINC01036,1q
LINC01037,1q
LINC01128,1p
LINC01132,1q
LINC01133,1q
LINC01134,1p
LINC01135,1p
LINC01136,1q
LINC01137,1p
LINC01138,1q
LINC01139,1q
LINC01140,1p
LINC01141,1p
LINC01142,1q
LINC01144,1p
LINC01145,1q
LINC01160,1p
LINC01221,1q
LINC01222,1q
LINC01226,1p
LINC01307,1p
LINC01341,1q
LINC01342,1p
LINC01343,1p
LINC01344,1q
LINC01345,1p
LINC01346,1p
LINC01347,1q
LINC01348,1q
LINC01349,1p
LINC01350,1q
LINC01351,1q
LINC01352,1q
LINC01353,1q
LINC01354,1q
LINC01355,1p
LINC01356,1p
LINC01358,1p
LINC01359,1p
LINC01360,1p
LINC01361,1p
LINC01362,1p
LINC01363,1q
LINC01364,1p
LINC01389,1p
LINC01397,1p
LINC01398,1p
LINC01461,1p
LINC01525,1p
LINC01555,1p
LINC01562,1p
LINC01633,1q
LINC01635,1p
LINC01645,1q
LINC01646,1p
LINC01647,1p
LINC01648,1p
LINC01649,1p
LINC01650,1p
LINC01653,1q
LINC01654,1p
LINC01655,1q
LINC01657,1q
LINC01661,1p
LINC01672,1p
LINC01675,1q
LINC01676,1p
LINC01677,1p
LINC01680,1q
LINC01681,1q
LINC01682,1q
LINC01685,1p
LINC01686,1q
LINC01688,1q
LINC01693,1q
LINC01696,1q
LINC01698,1q
LINC01699,1q
LINC01703,1q
LINC01704,1q
LINC01707,1p
LINC01708,1p
LINC01710,1q
LINC01712,1p
LINC01714,1p
LINC01715,1p
LINC01717,1q
LINC01719,1q
LINC01720,1q
LINC01724,1q
LINC01725,1p
LINC01732,1q
LINC01736,1q
LINC01737,1q
LINC01739,1p
LINC01740,1q
LINC01741,1q
LINC01743,1q
LINC01744,1q
LINC01745,1q
LINC01748,1p
LINC01750,1p
LINC01753,1p
LINC01755,1p
LINC01756,1p
LINC01757,1p
LINC01758,1p
LINC01760,1p
LINC01761,1p
LINC01762,1p
LINC01763,1p
LINC01767,1p
LINC01770,1p
LINC01771,1p
LINC01772,1p
LINC01774,1q
LINC01776,1p
LINC01777,1p
LINC01778,1p
LINC01780,1p
LINC01781,1p
LINC01783,1p
LINC01784,1p
LINC01787,1p
LINC01788,1p
LINC01930,1p
LINC02238,1p
LINC02257,1q
LINC02474,1q
LINC02567,1p
LINC02574,1p
LINC02586,1p
LINC02591,1q
LINC02593,1p
LINC02606,1p
LINC02607,1p
LINC02608,1q
LINC02609,1p
LINC02767,1q
LINC02774,1q
LINC02783,1p
LINC02789,1q
LINC02790,1p
LINC02800,1p
LINC02801,1p
LINC02805,1q
LINC02809,1q
LINC02817,1q
LINC02868,1p
LINC02869,1q
LINGO4,1q
LIX1L,1q
LIX1L-AS1,1q
LMNA,1q
LMO4,1p
LMOD1,1q
LMX1A,1q
LNCTAM34A,1p
LOC100129138,1p
LOC100129534,1p
LOC100129620,1p
LOC100130331,1q
LOC100131107,1q
LOC100132062,5q
LOC100132287,5q
LOC100287049,1q
LOC100288069,1p
LOC100288175,1p
LOC100422212,1q
LOC100505918,1q
LOC100506023,1q
LOC100506730,1p
LOC100507564,1p
LOC100507634,1p
LOC100996263,1p
LOC100996318,1p
LOC100996583,1p
LOC100996720,1p
LOC100996740,1q
LOC101060524,1q
LOC101926944,1p
LOC101926964,1p
LOC101927143,1q
LOC101927164,1q
LOC101927342,1p
LOC101927429,1q
LOC101927434,1p
LOC101927468,1q
LOC101927478,1q
LOC101927560,1p
LOC101927604,1q
LOC101927787,1q
LOC101927851,1q
LOC101928009,1q
LOC101928034,1q
LOC101928068,1q
LOC101928118,1p
LOC101928120,1q
LOC101928163,1p
LOC101928177,1q
LOC101928370,1p
LOC101928372,1q
LOC101928436,1p
LOC101928565,1q
LOC101928596,1q
LOC101928626,1p
LOC101928718,1p
LOC101928728,1p
LOC101928977,1p
LOC101929099,1p
LOC101929536,1p
LOC101929626,1p
LOC101929935,1p
LOC102606465,1p
LOC103021295,17p
LOC105369140,1q
LOC105369199,1p
LOC105371215,1q
LOC105371433,1q
LOC105371458,1q
LOC105373159,1q
LOC105373289,1q
LOC105376805,1p
LOC105378586,1p
LOC105378591,1p
LOC105378614,1p
LOC105378663,1p
LOC105378933,1p
LOC105378948,1p
LOC105378949,1p
LOC107985115,1q
LOC107985184,1p
LOC107985246,1q
LOC107985355,1q
LOC107985524,1p
LOC107985728,1p
LOC112267871,1p
LOC112268219,1p
LOC112543491,1q
LOC117779438,1p
LOC148696,1q
LOC284581,1q
LOC339539,1p
LOC343052,1q
LOC440700,1q
LOC643441,1p
LOC644634,1q
LOC646471,1p
LOC646626,1p
LOC647070,1q
LOC653160,1p
LOC653513,1q
LOC728989,1q
LOC729737,1p
LOC729867,1q
LOC729930,1p
LOC91548,1q
LORICRIN,1q
LPAR3,1p
LPGAT1,1q
LPGAT1-AS1,1q
LRIF1,1p
LRIG2,1p
LRIG2-DT,1p
LRP8,1p
LRRC38,1p
LRRC39,1p
LRRC40,1p
LRRC41,1p
LRRC42,1p
LRRC47,1p
LRRC52,1q
LRRC52-AS1,1q
LRRC53,1p
LRRC7,1p
LRRC71,1q
LRRC8B,1p
LRRC8C,1p
LRRC8C-DT,1p
LRRC8D,1p
LRRIQ3,1p
LRRN2,1q
LSM10,1p
LSP1P5,1q
LURAP1,1p
LUZP1,1p
LY9,1q
LYPD8,1q
LYPD9P,1q
LYPLA2,1p
LYPLAL1,1q
LYPLAL1-AS1,1q
LYPLAL1-DT,1q
LYSMD1,1q
LYST,1q
LZIC,1p
MAB21L3,1p
MACF1,1p
MACO1,1p
MAD2L2,1p
MAEL,1q
MAGI3,1p
MAGOH,1p
MAN1A2,1p
MAN1C1,1p
MANEAL,1p
MAP10,1q
MAP1LC3C,1q
MAP3K21,1q
MAP3K6,1p
MAP7D1,1p
MAPKAPK2,1q
MARCKSL1,1p
MARK1,1q
MASP2,1p
MAST2,1p
MATN1,1p
MATN1-AS1,1p
MCL1,1q
MCOLN2,1p
MCOLN3,1p
MDM4,1q
MDS2,1p
MEAF6,1p
MECR,1p
MED18,1p
MED8,1p
MEF2D,1q
MEGF6,1p
METTL11B,1q
METTL18,1q
MEX3A,1q
MFAP2,1p
MFN2,1p
MFSD14A,1p
MFSD2A,1p
MFSD4A,1q
MFSD4A-AS1,1q
MGAT4EP,1q
MGAT4FP,1q
MGC27382,1p
MGC34796,1p
MGST3,1q
MIA3,1q
MIB2,1p
MICOS10,1p
MICOS10-NBL1,1p
MIER1,1p
MIG7,1p
MIGA1,1p
MIIP,1p
MINDY1,1q
MIR101-1,1p
MIR11399,1p
MIR1182,1q
MIR12116,1q
MIR12132,1p
MIR12133,1p
MIR12136,1p
MIR1231,1q
MIR1255B2,1q
MIR1256,1p
MIR1262,1p
MIR1278,1q
MIR1290,1p
MIR1295A,1q
MIR1295B,1q
MIR1302-10,9p
MIR1302-11,9p
MIR1302-2,9p
MIR1302-9,9p
MIR135B,1q
MIR137,1p
MIR137HG,1p
MIR1537,1q
MIR181A1,1q
MIR181A1HG,1q
MIR181B1,1q
MIR1843,1q
MIR186,1p
MIR190B,1q
MIR194-1,1q
MIR197,1p
MIR1976,1p
MIR199A2,1q
MIR200A,1p
MIR200B,1p
MIR205,1q
MIR205HG,1q
MIR214,1q
MIR215,1q
MIR2682,1p
MIR29B2,1q
MIR29B2CHG,1q
MIR29C,1q
MIR30C1,1p
MIR30E,1p
MIR3115,1p
MIR3116-1,1p
MIR3116-2,1p
MIR3117,1p
MIR3119-1,1q
MIR3119-2,1q
MIR3120,1q
MIR3121,1q
MIR3122,1q
MIR3123,1q
MIR3124,1q
MIR320B1,1p
MIR320B2,1q
MIR34A,1p
MIR34AHG,1p
MIR3605,1p
MIR3620,1q
MIR3658,1q
MIR3659,1p
MIR3659HG,1p
MIR3671,1p
MIR3675,1p
MIR378F,1p
MIR378G,1p
MIR3916,1q
MIR3917,1p
MIR3972,1p
MIR4251,1p
MIR4252,1p
MIR4253,1p
MIR4254,1p
MIR4255,1p
MIR4256,1p
MIR4257,1q
MIR4258,1q
MIR4259,1q
MIR4260,1q
MIR429,1p
MIR4418,1p
MIR4420,1p
MIR4421,1p
MIR4422,1p
MIR4422HG,1p
MIR4423,1p
MIR4424,1q
MIR4425,1p
MIR4426,2p
MIR4427,1q
MIR4428,1q
MIR4454,Xq
MIR4632,1p
MIR4654,1q
MIR4666A,1q
MIR4671,1q
MIR4677,1q
MIR4684,1p
MIR4689,1p
MIR4695,1p
MIR4711,1p
MIR4735,1q
MIR4742,1q
MIR4753,1q
MIR4781,1p
MIR4794,1p
MIR488,1q
MIR5008,1q
MIR5087,1q
MIR5187,1q
MIR5191,1q
MIR548AC,1p
MIR548F3,5q
MIR548N,7p
MIR551A,1p
MIR552,1p
MIR553,1p
MIR554,1q
MIR555,1q
MIR556,1q
MIR557,1q
MIR5581,1p
MIR5584,1p
MIR5585,1p
MIR5697,1p
MIR5698,1q
MIR6068,1p
MIR6077,1q
MIR6079,1p
MIR6084,1p
MIR6127,1p
MIR6500,1p
MIR664A,1q
MIR6726,1p
MIR6727,1p
MIR6728,1p
MIR6729,1p
MIR6730,1p
MIR6731,1p
MIR6732,1p
MIR6733,1p
MIR6734,1p
MIR6735,1p
MIR6736,1q
MIR6737,1q
MIR6738,1q
MIR6739,1q
MIR6740,1q
MIR6741,1q
MIR6742,1q
MIR6769B,1q
MIR6808,1p
MIR6859-1,16p
MIR6859-2,16p
MIR6859-3,16p
MIR6859-4,16p
MIR6878,1q
MIR7156,1p
MIR760,1p
MIR761,1p
MIR765,1q
MIR7846,1p
MIR7852,1p
MIR7856,1p
MIR8083,1q
MIR9-1,1q
MIR9-1HG,1q
MIR921,1q
MIR92B,1q
MIR942,1p
MIXL1,1q
MKNK1,1p
MKNK1-AS1,1p
MLLT11,1q
MMACHC,1p
MMEL1,1p
MMP23A,1p
MMP23B,1p
MNDA,1q
MOB3C,1p
MORN1,1p
MOV10,1p
MPC2,1q
MPL,1p
MPZ,1q
MPZL1,1q
MR1,1q
MROH3P,1q
MROH7,1p
MROH7-TTC4,1p
MROH9,1q
MRPL20,1p
MRPL20-AS1,1p
MRPL24,1q
MRPL37,1p
MRPL55,1q
MRPL9,1q
MRPS14,1q
MRPS15,1p
MRPS21,1q
MRTO4,1p
MSH4,1p
MST1L,1p
MST1P2,1p
MSTO1,1q
MSTO2P,1q
MT1HL1,1q
MTARC1,1q
MTARC2,1q
MTF1,1p
MTF2,1p
MTFR1L,1p
MTHFR,1p
MTMR11,1q
MTMR9LP,1p
MTOR,1p
MTOR-AS1,1p
MTR,1q
MTX1,1q
MUC1,1q
MUL1,1p
MUTYH,1p
MXRA8,1p
MYBPH,1q
MYBPHL,1p
MYCBP,1p
MYCL,1p
MYOC,1q
MYOCOS,1q
MYOG,1q
MYOM3,1p
MYOPARR,1q
MYSM1,1p
NADK,1p
NASP,1p
NAV1,1q
NAXE,1q
NBL1,1p
NBPF1,1p
NBPF10,1q
NBPF11,1q
NBPF12,1q
NBPF13P,1q
NBPF14,1q
NBPF15,1q
NBPF18P,1q
NBPF19,1q
NBPF20,1q
NBPF25P,1q
NBPF26,1p
NBPF3,1p
NBPF4,1p
NBPF6,1p
NBPF7,1p
NBPF8,1p
NBPF9,1q
NCDN,1p
NCF2,1q
NCMAP,1p
NCMAP-DT,1p
NCSTN,1q
NDC1,1p
NDUFS2,1q
NDUFS5,1p
NECAP2,1p
NECTIN4,1q
NEGR1,1p
NEGR1-IT1,1p
NEK2,1q
NEK7,1q
NENF,1q
NES,1q
NEXN,1p
NEXN-AS1,1p
NFASC,1q
NFIA,1p
NFIA-AS1,1p
NFIA-AS2,1p
NFYC,1p
NFYC-AS1,1p
NGF,1p
NGF-AS1,1p
NHLH1,1q
NHLH2,1p
NIBAN1,1q
NID1,1q
NIPAL3,1p
NIT1,1q
NKAIN1,1p
NLRP3,1q
NME7,1q
NMNAT1,1p
NMNAT2,1q
NOC2L,1p
NOL9,1p
NOS1AP,1q
NOTCH2,1p
NOTCH2NLA,1q
NOTCH2NLB,1q
NOTCH2NLC,1q
NOTCH2NLR,1p
NPHP4,1p
NPHS2,1q
NPL,1q
NPPA,1p
NPPA-AS1,1p
NPPB,1p
NPR1,1q
NR0B2,1p
NR1I3,1q
NR5A2,1q
NRAS,1p
NRDC,1p
NSL1,1q
NSUN4,1p
NT5C1A,1p
NTNG1,1p
NTPCR,1q
NTRK1,1q
NUAK2,1q
NUCKS1,1q
NUDC,1p
NUDT17,1q
NUDT4B,1q
NUDT4P2,1q
NUF2,1q
NUP133,1q
NUP210L,1q
NVL,1q
OAZ3,1q
OBSCN,1q
OBSCN-AS1,1q
ODF2L,1p
ODR4,1q
OLFM3,1p
OLFML2B,1q
OLFML3,1p
OMA1,1p
OPN3,1q
OPRD1,1p
OPTC,1q
OR10J1,1q
OR10J3,1q
OR10J4,1q
OR10J5,1q
OR10K1,1q
OR10K2,1q
OR10R2,1q
OR10T2,1q
OR10X1,1q
OR10Z1,1q
OR11L1,1q
OR13G1,1q
OR14A16,1q
OR14A2,1q
OR14C36,1q
OR14I1,1q
OR14K1,1q
OR1C1,1q
OR2AJ1,1q
OR2AK2,1q
OR2B11,1q
OR2C3,1q
OR2G2,1q
OR2G3,1q
OR2G6,1q
OR2L13,1q
OR2L1P,1q
OR2L2,1q
OR2L3,1q
OR2L5,1q
OR2L8,1q
OR2M1P,1q
OR2M2,1q
OR2M3,1q
OR2M4,1q
OR2M5,1q
OR2M7,1q
OR2T1,1q
OR2T10,1q
OR2T11,1q
OR2T12,1q
OR2T2,1q
OR2T27,1q
OR2T29,1q
OR2T3,1q
OR2T33,1q
OR2T34,1q
OR2T35,1q
OR2T4,1q
OR2T5,1q
OR2T6,1q
OR2T7,1q
OR2T8,1q
OR2W3,1q
OR2W5,1q
OR4F16,5q
OR4F29,5q
OR4F3,5q
OR4F5,1p
OR6F1,1q
OR6K2,1q
OR6K3,1q
OR6K6,1q
OR6N1,1q
OR6N2,1q
OR6P1,1q
OR6Y1,1q
ORC1,1p
OSBPL9,1p
OSCP1,1p
OTUD3,1p
OTUD7B,1q
OVAAL,1q
OVGP1,1p
OXCT2,1p
OXCT2P1,1p
P3H1,1p
P3R3URF,1p
P3R3URF-PIK3R3,1p
PABPC4,1p
PABPC4-AS1,1p
PACC1,1q
PACERR,1q
PADI1,1p
PADI2,1p
PADI3,1p
PADI4,1p
PADI6,1p
PAFAH2,1p
PALMD,1p
PANK4,1p
PAPPA2,1q
PAQR6,1q
PAQR7,1p
PARK7,1p
PARP1,1q
PARS2,1p
PATJ,1p
PAX7,1p
PBX1,1q
PBX1-AS1,1q
PBXIP1,1q
PCAT6,1q
PCNX2,1q
PCP4L1,1q
PCSK9,1p
PDC,1q
PDC-AS1,1q
PDE4B,1p
PDE4B-AS1,1p
PDE4DIP,1q
PDE4DIPP1,1q
PDE4DIPP2,1p
PDE4DIPP4,1p
PDE4DIPP6,1q
PDIA3P1,1q
PDIK1L,1p
PDPN,1p
PDZK1,1q
PDZK1IP1,1p
PDZK1P1,1q
PEA15,1q
PEAR1,1q
PEF1,1p
PER3,1p
PERM1,1p
PEX10,1p
PEX11B,1q
PEX14,1p
PEX19,1q
PFDN2,1q
PFKFB2,1q
PFN1P2,1p
PGBD2,1q
PGBD5,1q
PGBP,1p
PGD,1p
PGLYRP3,1q
PGLYRP4,1q
PGM1,1p
PHACTR4,1p
PHC2,1p
PHC2-AS1,1p
PHF13,1p
PHGDH,1p
PHLDA3,1q
PHTF1,1p
PI4KB,1q
PIAS3,1q
PIFO,1p
PIGC,1q
PIGK,1p
PIGM,1q
PIGR,1q
PIGV,1p
PIK3C2B,1q
PIK3CD,1p
PIK3CD-AS1,1p
PIK3CD-AS2,1p
PIK3R3,1p
PIN1P1,1p
PINK1,1p
PINK1-AS,1p
PIP5K1A,1q
PITHD1,1p
PKLR,1q
PKN2,1p
PKN2-AS1,1p
PKP1,1q
PLA2G2A,1p
PLA2G2C,1p
PLA2G2D,1p
PLA2G2E,1p
PLA2G2F,1p
PLA2G4A,1q
PLA2G5,1p
PLCH2,1p
PLD5,1q
PLEKHA6,1q
PLEKHG5,1p
PLEKHM2,1p
PLEKHN1,1p
PLEKHO1,1q
PLK3,1p
PLOD1,1p
PLPP3,1p
PLPPR4,1p
PLPPR5,1p
PLXNA2,1q
PM20D1,1q
PMF1,1q
PMF1-BGLAP,1q
PMVK,1q
PNRC2,1p
PODN,1p
POGK,1q
POGZ,1q
POLR3C,1q
POLR3GL,1q
POMGNT1,1p
POU2F1,1q
POU3F1,1p
POU5F1P4,1q
PP2672,1q
PPCS,1p
PPFIA4,1q
PPIAL4A,1p
PPIAL4C,1q
PPIAL4D,1q
PPIAL4E,1q
PPIAL4F,1q
PPIAL4G,1q
PPIAL4H,1q
PPIE,1p
PPIEL,1p
PPIH,1p
PPM1J,1p
PPOX,1q
PPP1R12B,1q
PPP1R15B,1q
PPP1R8,1p
PPP2R5A,1q
PPT1,1p
PRAMEF1,1p
PRAMEF10,1p
PRAMEF11,1p
PRAMEF12,1p
PRAMEF13,1p
PRAMEF14,1p
PRAMEF15,1p
PRAMEF17,1p
PRAMEF18,1p
PRAMEF19,1p
PRAMEF2,1p
PRAMEF20,1p
PRAMEF22,1p
PRAMEF25,1p
PRAMEF26,1p
PRAMEF27,1p
PRAMEF33,1p
PRAMEF34P,1p
PRAMEF36P,1p
PRAMEF4,1p
PRAMEF5,1p
PRAMEF6,1p
PRAMEF7,1p
PRAMEF8,1p
PRAMEF9,1p
PRCC,1q
PRDM16,1p
PRDM16-DT,1p
PRDM2,1p
PRDX1,1p
PRDX6,1q
PRDX6-AS1,1q
PRELP,1q
PRG4,1q
PRKAA2,1p
PRKAB2,1q
PRKACB,1p
PRKCZ,1p
PRKCZ-AS1,1p
PRMT6,1p
PROK1,1p
PROX1,1q
PROX1-AS1,1q
PRPF3,1q
PRPF38A,1p
PRPF38B,1p
PRR9,1q
PRRC2C,1q
PRRX1,1q
PRSS38,1q
PRUNE1,1q
PRXL2B,1p
PSEN2,1q
PSMA5,1p
PSMB2,1p
PSMB4,1q
PSMD4,1q
PSRC1,1p
PTAFR,1p
PTBP2,1p
PTCH2,1p
PTGER3,1p
PTGFR,1p
PTGFRN,1p
PTGS2,1q
PTP4A2,1p
PTPN14,1q
PTPN22,1p
PTPN7,1q
PTPRC,1q
PTPRF,1p
PTPRU,1p
PTPRVP,1q
PUM1,1p
PUSL1,1p
PYCR2,1q
PYDC5,1q
PYGO2,1q
PYHIN1,1q
QSOX1,1q
RAB13,1q
RAB25,1q
RAB29,1q
RAB3B,1p
RAB3GAP2,1q
RAB42,1p
RAB4A,1q
RAB7B,1q
RABGAP1L,1q
RABGAP1L-AS1,1q
RABGAP1L-DT,1q
RABGGTB,1p
RABIF,1q
RAD54L,1p
RALGPS2,1q
RAP1A,1p
RAP1GAP,1p
RASAL2,1q
RASAL2-AS1,1q
RASSF5,1q
RAVER2,1p
RBBP4,1p
RBBP5,1q
RBM15,1p
RBM15-AS1,1p
RBM34,1q
RBM8A,1q
RBMXL1,1p
RBP7,1p
RC3H1,1q
RCAN3,1p
RCAN3AS,1p
RCC1,1p
RCC2,1p
RCOR3,1q
RCSD1,1q
RD3,1q
REG4,1p
REN,1q
RER1,1p
RERE,1p
RERE-AS1,1p
RFX5,1q
RFX5-AS1,1q
RGL1,1q
RGS1,1q
RGS13,1q
RGS16,1q
RGS18,1q
RGS2,1q
RGS2-AS1,1q
RGS21,1q
RGS4,1q
RGS5,1q
RGS5-AS1,1q
RGS7,1q
RGS8,1q
RGSL1,1q
RHBDL2,1p
RHBG,1q
RHCE,1p
RHD,1p
RHEX,1q
RHOC,1p
RHOU,1q
RIIAD1,1q
RIMKLA,1p
RIMS3,1p
RIT1,1q
RLF,1p
RNA5S1,1q
RNA5S10,1q
RNA5S11,1q
RNA5S12,1q
RNA5S13,1q
RNA5S14,1q
RNA5S15,1q
RNA5S16,1q
RNA5S17,1q
RNA5S2,1q
RNA5S3,1q
RNA5S4,1q
RNA5S5,1q
RNA5S6,1q
RNA5S7,1q
RNA5S8,1q
RNA5S9,1q
RNASEL,1q
RNF11,1p
RNF115,1q
RNF186,1p
RNF187,1q
RNF19B,1p
RNF2,1q
RNF207,1p
RNF207-AS1,1p
RNF220,1p
RNF223,1p
RNPC3,1p
RNPEP,1q
RNU1-1,14q
RNU1-2,14q
RNU1-3,14q
RNU1-4,14q
RNU11,1p
RNU5D-1,1p
RNU5E-1,1p
RNU5F-1,1p
RNU6-1,Xq
RNU6-2,Xq
RNU6-7,Xq
RNU6-8,Xq
RNU6-9,Xq
RNU6ATAC35P,1q
RNVU1-1,1q
RNVU1-14,1q
RNVU1-15,1q
RNVU1-17,1q
RNVU1-18,14q
RNVU1-19,1p
RNVU1-20,1p
RNVU1-2A,1q
RNVU1-3,1q
RNVU1-4,1p
RNVU1-6,1q
RNVU1-7,1q
RNVU1-8,1q
RO60,1q
ROR1,1p
ROR1-AS1,1p
RORC,1q
RPA2,1p
RPAP2,1p
RPE65,1p
RPF1,1p
RPL11,1p
RPL21P28,1q
RPL22,1p
RPL31P11,1q
RPL5,1p
RPRD2,1q
RPS10P7,1q
RPS14P3,1p
RPS15AP10,1p
RPS27,1q
RPS6KA1,1p
RPS6KC1,1q
RPS7P5,1q
RPS8,1p
RPTN,1q
RRAGC,1p
RRNAD1,1q
RRP15,1q
RSBN1,1p
RSC1A1,1p
RSPO1,1p
RSRP1,1p
RTCA,1p
RTCA-AS1,1p
RUNX3,1p
RUSC1,1q
RUSC1-AS1,1q
RWDD3,1p
RXFP4,1q
RXRG,1q
RYR2,1q
S100A1,1q
S100A10,1q
S100A11,1q
S100A12,1q
S100A13,1q
S100A14,1q
S100A16,1q
S100A2,1q
S100A3,1q
S100A4,1q
S100A5,1q
S100A6,1q
S100A7,1q
S100A7A,1q
S100A8,1q
S100A9,1q
S100PBP,1p
S1PR1,1p
SAMD11,1p
SAMD13,1p
SARS1,1p
SASS6,1p
SCAMP3,1q
SCARNA1,1p
SCARNA18B,1q
SCARNA2,1p
SCARNA21B,1p
SCARNA26A,1q
SCARNA26B,1q
SCARNA3,1q
SCARNA4,1q
SCCPDH,1q
SCMH1,1p
SCNM1,1q
SCNN1D,1p
SCP2,1p
SCYL3,1q
SDC3,1p
SDCCAG8,1q
SDE2,1q
SDF4,1p
SDHB,1p
SDHC,1q
SEC16B,1q
SEC22B,1p
SEC22B2P,1q
SEC22B3P,1q
SELE,1q
SELENBP1,1q
SELENOF,1p
SELENON,1p
SELL,1q
SELP,1q
SEMA4A,1q
SEMA6C,1q
SEPTIN7P13,1q
SERBP1,1p
SERINC2,1p
SERPINC1,1q
SERTAD4,1q
SERTAD4-AS1,1q
SESN2,1p
SETDB1,1q
SETSIP,1p
SF3A3,1p
SF3B4,1q
SFN,1p
SFPQ,1p
SFT2D2,1q
SGIP1,1p
SH2D1B,1q
SH2D2A,1q
SH2D5,1p
SH3BGRL3,1p
SH3BP5L,1q
SH3D21,1p
SH3GLB1,1p
SHC1,1q
SHCBP1L,1q
SHE,1q
SHISA4,1q
SHISAL2A,1p
SIKE1,1p
SIPA1L2,1q
SKI,1p
SKINT1L,1p
SLAMF1,1q
SLAMF6,1q
SLAMF7,1q
SLAMF8,1q
SLAMF9,1q
SLC16A1,1p
SLC16A1-AS1,1p
SLC16A4,1p
SLC19A2,1q
SLC1A7,1p
SLC22A15,1p
SLC25A24,1p
SLC25A33,1p
SLC25A34,1p
SLC25A34-AS1,1p
SLC25A3P1,1p
SLC25A44,1q
SLC26A9,1q
SLC26A9-AS1,1q
SLC27A3,1q
SLC2A1,1p
SLC2A1-AS1,1p
SLC2A5,1p
SLC2A7,1p
SLC30A1,1q
SLC30A10,1q
SLC30A2,1p
SLC30A7,1p
SLC35A3,1p
SLC35D1,1p
SLC35E2A,1p
SLC35E2B,1p
SLC35F3,1q
SLC39A1,1q
SLC41A1,1q
SLC44A3,1p
SLC44A3-AS1,1p
SLC44A5,1p
SLC45A1,1p
SLC45A3,1q
SLC50A1,1q
SLC5A9,1p
SLC66A1,1p
SLC6A17,1p
SLC6A9,1p
SLC9A1,1p
SLC9C2,1q
SLFNL1,1p
SLFNL1-AS1,1p
SMAP2,1p
SMCP,1q
SMG5,1q
SMG7,1q
SMG7-AS1,1q
SMIM1,1p
SMIM12,1p
SMPDL3B,1p
SMYD2,1q
SMYD3,1q
SNAP47,1q
SNAPIN,1q
SNHG12,1p
SNHG28,1q
SNHG3,1p
SNIP1,1p
SNORA100,1q
SNORA103,1q
SNORA110,1p
SNORA14B,1q
SNORA16A,1p
SNORA16B,1q
SNORA36B,1q
SNORA44,1p
SNORA55,1p
SNORA58B,1q
SNORA59A,17p
SNORA59B,17p
SNORA61,1p
SNORA63C,1p
SNORA66,1p
SNORA70H,1q
SNORA73A,1p
SNORA73B,1p
SNORA77,1q
SNORA80E,1q
SNORD103A,1p
SNORD103B,1p
SNORD103C,1p
SNORD128,1p
SNORD13C,1q
SNORD145,1p
SNORD160,1p
SNORD167,1p
SNORD21,1p
SNORD38A,1p
SNORD38B,1p
SNORD3G,1p
SNORD44,1q
SNORD45A,1p
SNORD45B,1p
SNORD45C,1p
SNORD46,1p
SNORD47,1q
SNORD55,1p
SNORD74,1q
SNORD75,1q
SNORD76,1q
SNORD77,1q
SNORD78,1q
SNORD79,1q
SNORD80,1q
SNORD81,1q
SNORD99,1p
SNRNP40,1p
SNRPD2P2,1q
SNRPE,1q
SNX27,1q
SNX7,1p
SOAT1,1q
SORT1,1p
SOX13,1q
SPAG17,1p
SPATA1,1p
SPATA17,1q
SPATA17-AS1,1q
SPATA21,1p
SPATA42,1p
SPATA45,1q
SPATA46,1q
SPATA6,1p
SPEN,1p
SPOCD1,1p
SPRR1A,1q
SPRR1B,1q
SPRR2A,1q
SPRR2B,1q
SPRR2C,1q
SPRR2D,1q
SPRR2E,1q
SPRR2F,1q
SPRR2G,1q
SPRR3,1q
SPRR4,1q
SPRTN,1q
SPSB1,1p
SPTA1,1q
SRARP,1p
SRGAP2,1q
SRGAP2-AS1,1q
SRGAP2B,1q
SRGAP2C,1p
SRGAP2D,1q
SRM,1p
SRP9,1q
SRRM1,1p
SRSF10,1p
SRSF11,1p
SRSF4,1p
SSBP3,1p
SSBP3-AS1,1p
SSR2,1q
SSU72,1p
SSX2IP,1p
ST3GAL3,1p
ST3GAL3-AS1,1p
ST6GALNAC3,1p
ST6GALNAC5,1p
ST7L,1p
STIL,1p
STK40,1p
STMN1,1p
STPG1,1p
STRIP1,1p
STUM,1q
STX12,1p
STX6,1q
STXBP3,1p
STYXL2,1q
SUCO,1q
SUMO1P3,1q
SUSD4,1q
SV2A,1q
SVBP,1p
SWT1,1q
SYCP1,1p
SYDE2,1p
SYF2,1p
SYNC,1p
SYPL2,1p
SYT11,1q
SYT14,1q
SYT2,1q
SYT6,1p
SYTL1,1p
SZRD1,1p
SZT2,1p
SZT2-AS1,1p
TACSTD2,1p
TADA1,1q
TAF12,1p
TAF13,1p
TAF1A,1q
TAF1A-AS1,1q
TAF5L,1q
TAFA3,1p
TAGLN2,1q
TAL1,1p
TARBP1,1q
TARDBP,1p
TARS2,1q
TAS1R1,1p
TAS1R2,1p
TAS1R3,1p
TATDN3,1q
TBCE,1q
TBX15,1p
TBX19,1q
TCEA3,1p
TCEANC2,1p
TCHH,1q
TCHHL1,1q
TCTEX1D1,1p
TCTEX1D4,1p
TDRD10,1q
TDRD5,1q
TDRKH,1q
TDRKH-AS1,1q
TEDDM1,1q
TEKT2,1p
TENT5B,1p
TENT5C,1p
TESK2,1p
TEX35,1q
TEX38,1p
TEX46,1p
TEX50,1q
TFAP2E,1p
TFB2M,1q
TGFB2,1q
TGFB2-AS1,1q
TGFB2-OT1,1q
TGFBR3,1p
THAP3,1p
THBS3,1q
THEM4,1q
THEM5,1q
THEMIS2,1p
THRAP3,1p
TIE1,1p
TIMM17A,1q
TINAGL1,1p
TIPRL,1q
TLCD4,1p
TLCD4-RWDD3,1p
TLR5,1q
TM2D1,1p
TMCC2,1q
TMCO1,1q
TMCO1-AS1,1q
TMCO2,1p
TMCO4,1p
TMED5,1p
TMEM125,1p
TMEM167B,1p
TMEM183A,1q
TMEM200B,1p
TMEM201,1p
TMEM222,1p
TMEM234,1p
TMEM240,1p
TMEM269,1p
TMEM269-DT,1p
TMEM274P,1p
TMEM275,1p
TMEM35B,1p
TMEM39B,1p
TMEM50A,1p
TMEM51,1p
TMEM51-AS1,1p
TMEM52,1p
TMEM53,1p
TMEM54,1p
TMEM59,1p
TMEM61,1p
TMEM63A,1q
TMEM69,1p
TMEM79,1q
TMEM81,1q
TMEM82,1p
TMEM88B,1p
TMEM9,1q
TMIGD3,1p
TMOD4,1q
TNFAIP8L2,1q
TNFAIP8L2-SCNM1,1q
TNFRSF14,1p
TNFRSF14-AS1,1p
TNFRSF18,1p
TNFRSF1B,1p
TNFRSF25,1p
TNFRSF4,1p
TNFRSF8,1p
TNFRSF9,1p
TNFSF18,1q
TNFSF4,1q
TNN,1q
TNNI1,1q
TNNI3K,1p
TNNT2,1q
TNR,1q
TOE1,1p
TOMM20,1q
TOMM40L,1q
TOP1P1,1q
TOR1AIP1,1q
TOR1AIP2,1q
TOR3A,1q
TP53BP2,1q
TP73,1p
TP73-AS1,1p
TPM3,1q
TPR,1q
TPRG1L,1p
TRABD2B,1p
TRAF3IP3,1q
TRAF5,1q
TRAPPC3,1p
TRIM11,1q
TRIM17,1q
TRIM33,1p
TRIM45,1p
TRIM46,1q
TRIM58,1q
TRIM62,1p
TRIM63,1p
TRIM67,1q
TRIM67-AS1,1q
TRIT1,1p
TRMT13,1p
TRMT1L,1q
TRNAU1AP,1p
TRNP1,1p
TSACC,1q
TSEN15,1q
TSHB,1p
TSNAX,1q
TSNAX-DISC1,1q
TSPAN1,1p
TSPAN2,1p
TSSK3,1p
TSTD1,1q
TTC13,1q
TTC22,1p
TTC24,1q
TTC34,1p
TTC39A,1p
TTC39A-AS1,1p
TTC4,1p
TTF2,1p
TTLL10,1p
TTLL7,1p
TUFT1,1q
TUT4,1p
TXLNA,1p
TXNDC12,1p
TXNDC12-AS1,1p
TXNIP,1q
TYW3,1p
UAP1,1q
UBAP2L,1q
UBE2J2,1p
UBE2Q1,1q
UBE2Q1-AS1,1q
UBE2T,1q
UBE2U,1p
UBE4B,1p
UBIAD1,1p
UBL4B,1p
UBQLN4,1q
UBR4,1p
UBXN10,1p
UBXN11,1p
UCHL5,1q
UCK2,1q
UFC1,1q
UHMK1,1q
UOX,1p
UQCRH,1p
UQCRHL,1p
URB2,1q
UROD,1p
USF1,1q
USH2A,1q
USH2A-AS2,1q
USP1,1p
USP21,1q
USP24,1p
USP33,1p
USP48,1p
UTP11,1p
UTP25,1q
UTS2,1p
VAMP3,1p
VAMP4,1q
VANGL1,1p
VANGL2,1q
VASH2,1q
VAV3,1p
VAV3-AS1,1p
VCAM1,1p
VHLL,1q
VN1R5,1q
VPS13D,1p
VPS45,1q
VPS72,1q
VSIG8,1q
VTCN1,1p
VWA1,1p
VWA5B1,1p
WARS2,1p
WARS2-AS1,1p
WARS2-IT1,1p
WASF2,1p
WASH7P,1p
WDR26,1q
WDR3,1p
WDR47,1p
WDR64,1q
WDR77,1p
WDTC1,1p
WLS,1p
WNT2B,1p
WNT3A,1q
WNT4,1p
WNT9A,1q
WRAP73,1p
XCL1,1q
XCL2,1q
XKR8,1p
XPR1,1q
YARS1,1p
YBX1,1p
YIPF1,1p
YOD1,1q
YRDC,1p
YTHDF2,1p
YY1AP1,1q
ZBED6,1q
ZBTB17,1p
ZBTB18,1q
ZBTB37,1q
ZBTB40,1p
ZBTB41,1q
ZBTB48,1p
ZBTB7B,1q
ZBTB8A,1p
ZBTB8B,1p
ZBTB8OS,1p
ZC3H11A,1q
ZC3H11B,1q
ZC3H12A,1p
ZCCHC17,1p
ZDHHC18,1p
ZFP69,1p
ZFP69B,1p
ZFYVE9,1p
ZMPSTE24,1p
ZMYM1,1p
ZMYM4,1p
ZMYM4-AS1,1p
ZMYM6,1p
ZMYND12,1p
ZNF124,1q
ZNF281,1q
ZNF326,1p
ZNF362,1p
ZNF436,1p
ZNF436-AS1,1p
ZNF496,1q
ZNF593,1p
ZNF644,1p
ZNF648,1q
ZNF669,1q
ZNF670,1q
ZNF670-ZNF695,1q
ZNF672,1q
ZNF678,1q
ZNF683,1p
ZNF684,1p
ZNF687,1q
ZNF687-AS1,1q
ZNF691,1p
ZNF692,1q
ZNF695,1q
ZNF697,1p
ZNF847P,1q
ZNHIT6,1p
ZP4,1q
ZPLD2P,1p
ZRANB2,1p
ZRANB2-AS1,1p
ZRANB2-AS2,1p
ZSCAN20,1p
ZSWIM5,1p
ZYG11A,1p
ZYG11B,1p
ZZZ3,1p
A1CF,10q
ABCC2,10q
ABI1,10p
ABLIM1,10q
ABRAXAS2,10q
ACADSB,10q
ACBD5,10p
ACBD7,10p
ACBD7-DCLRE1CP1,10p
ACSL5,10q
ACSM6,10q
ACTA2,10q
ACTA2-AS1,10q
ACTR1A,10q
ACTR3BP5,10p
ADAM12,10q
ADAM8,10q
ADAMTS14,10q
ADARB2,10p
ADARB2-AS1,10p
ADD3,10q
ADD3-AS1,10q
ADGRA1,10q
ADGRA1-AS1,10q
ADIRF,10q
ADK,10q
ADO,10q
ADRA2A,10q
ADRB1,10q
AFAP1L2,10q
AGAP10P,10q
AGAP11,10q
AGAP12P,10q
AGAP13P,10q
AGAP14P,10q
AGAP4,10q
AGAP5,10q
AGAP6,10q
AGAP7P,10q
AGAP9,10q
AIFM2,10q
AKR1C1,10p
AKR1C2,10p
AKR1C3,10p
AKR1C4,10p
AKR1C6P,10p
AKR1C8P,10p
AKR1E2,10p
ALDH18A1,10q
ALOX5,10q
ANAPC16,10q
ANK3,10q
ANKRD1,10q
ANKRD16,10p
ANKRD2,10q
ANKRD22,10q
ANKRD26,10p
ANKRD30A,10p
ANKRD30BP3,10q
ANTXRL,10q
ANTXRLP1,10q
ANXA11,10q
ANXA2P3,10q
ANXA7,10q
ANXA8,10q
ANXA8L1,10q
AP3M1,10q
APBB1IP,10p
ARHGAP12,10p
ARHGAP19,10q
ARHGAP19-SLIT1,10q
ARHGAP21,10p
ARHGAP22,10q
ARHGAP22-IT1,10q
ARID5B,10q
ARL3,10q
ARL5B,10p
ARMC3,10p
ARMC4,10p
ARMC4P1,10p
ARMH3,10q
ARMS2,10q
AS-PTPRE,10q
AS3MT,10q
ASAH2,10q
ASAH2B,10q
ASB13,10p
ASCC1,10q
ATAD1,10q
ATE1,10q
ATE1-AS1,10q
ATOH7,10q
ATP5F1C,10p
ATP5MD,10q
ATRNL1,10q
AVPI1,10q
BAG3,10q
BAMBI,10p
BBIP1,10q
BCCIP,10q
BEND3P3,10q
BEND7,10p
BICC1,10q
BLNK,10q
BLOC1S2,10q
BMI1,10p
BMPR1A,10q
BMS1,10q
BMS1P1,10q
BMS1P2,10q
BMS1P2-AGAP9,10q
BMS1P21,10q
BMS1P4,10q
BMS1P4-AGAP5,10q
BNIP3,10q
BORCS7,10q
BORCS7-ASMT,10q
BTAF1,10q
BTBD16,10q
BTRC,10q
BUB3,10q
C10orf105,10q
C10orf120,10q
C10orf126,10p
C10orf143,10q
C10orf53,10q
C10orf55,10q
C10orf62,10q
C10orf67,10p
C10orf71,10q
C10orf71-AS1,10q
C10orf82,10q
C10orf88,10q
C10orf88B,10q
C10orf90,10q
C10orf95,10q
C10orf99,10q
C1QL3,10p
CABCOCO1,10q
CACNB2,10p
CACUL1,10q
CALHM1,10q
CALHM2,10q
CALHM3,10q
CALML3,10p
CALML3-AS1,10p
CALML5,10p
CALY,10q
CAMK1D,10p
CAMK2G,10q
CASC2,10q
CASP7,10q
CC2D2B,10q
CCAR1,10q
CCDC172,10q
CCDC186,10q
CCDC3,10p
CCDC6,10q
CCDC7,10p
CCEPR,10q
CCNJ,10q
CCNY,10p
CCNYL2,10q
CCNYL4,10p
CCSER2,10q
CDC123,10p
CDH23,10q
CDH23-AS1,10q
CDHR1,10q
CDK1,10q
CDNF,10p
CELF2,10p
CELF2-AS1,10p
CELF2-AS2,10p
CELF2-DT,10p
CEP55,10q
CERNA2,10q
CFAP43,10q
CFAP46,10q
CFAP58,10q
CFAP58-DT,10q
CFAP70,10q
CFL1P1,10q
CH25H,10q
CHAT,10q
CHCHD1,10q
CHST15,10q
CHST3,10q
CHUK,10q
CISD1,10q
CLRN3,10q
CNNM1,10q
CNNM2,10q
COL13A1,10q
COL17A1,10q
COMMD3,10p
COMMD3-BMI1,10p
COMTD1,10q
COX15,10q
CPEB3,10q
CPN1,10q
CPXM2,10q
CREM,10p
CRTAC1,10q
CSGALNACT2,10q
CSTF2T,10q
CTAGE7P,10q
CTBP2,10q
CTNNA3,10q
CTSLP2,10q
CUBN,10p
CUEDC2,10q
CUL2,10p
CUTC,10q
CUZD1,10q
CWF19L1,10q
CXCL12,10q
CYP17A1,10q
CYP26A1,10q
CYP26C1,10q
CYP2C18,10q
CYP2C19,10q
CYP2C8,10q
CYP2C9,10q
CYP2E1,10q
DCLRE1A,10q
DCLRE1C,10p
DCLRE1CP1,10p
DDIT4,10q
DDX21,10q
DDX50,10q
DENND10,10q
DEPP1,10q
DHTKD1,10p
DHX32,10q
DIP2C,10p
DIP2C-AS1,10p
DKK1,10q
DLG5,10q
DLG5-AS1,10q
DMBT1,10q
DMBT1L1,10q
DNA2,10q
DNAJB12,10q
DNAJC1,10p
DNAJC12,10q
DNAJC9,10q
DNAJC9-AS1,10q
DNMBP,10q
DNMBP-AS1,10q
DNTT,10q
DOCK1,10q
DPCD,10q
DPYSL4,10q
DRGX,10q
DUSP13,10q
DUSP29,10q
DUSP5,10q
DYDC1,10q
DYDC2,10q
EBF3,10q
EBLN1,10p
ECD,10q
ECHDC3,10p
ECHS1,10q
EDRF1,10q
EDRF1-AS1,10q
EDRF1-DT,10q
EEF1AKMT2,10q
EGR2,10q
EIF3A,10q
EIF4EBP2,10q
EIF5AL1,10q
ELOVL3,10q
EMX2,10q
EMX2OS,10q
ENKUR,10p
ENO4,10q
ENTPD1,10q
ENTPD1-AS1,10q
ENTPD7,10q
EPC1,10p
ERCC6,10q
ERLIN1,10q
EXOC6,10q
EXOSC1,10q
FAM107B,10p
FAM133CP,10q
FAM13C,10q
FAM149B1,10q
FAM160B1,10q
FAM170B,10q
FAM170B-AS1,10q
FAM171A1,10p
FAM204A,10q
FAM21EP,10q
FAM238A,10p
FAM238B,10p
FAM238C,10p
FAM241B,10q
FAM245A,10q
FAM24A,10q
FAM24B,10q
FAM24B-CUZD1,10q
FAM25A,10q
FAM25BP,10q
FAM25C,10q
FAM25E,10q
FAM25G,10q
FAM53B,10q
FAM53B-AS1,10q
FANK1,10q
FANK1-AS1,10q
FAS,10q
FAS-AS1,10q
FBH1,10p
FBXL15,10q
FBXW4,10q
FFAR4,10q
FGF8,10q
FGFBP3,10q
FGFR2,10q
FLJ37201,10q
FOXI2,10q
FRA10AC1,10q
FRAT1,10q
FRAT2,10q
FRG2B,10q
FRMD4A,10p
FRMPD2,10q
FRMPD2B,10q
FUOM,10q
FUT11,10q
FXYD4,10q
FZD8,10p
GAD2,10p
GATA3,10p
GATA3-AS1,10p
GBF1,10q
GDF10,10q
GDF2,10q
GDI2,10p
GFRA1,10q
GHITM,10q
GJD4,10p
GLRX3,10q
GLUD1,10q
GLUD1P2,10q
GLUD1P3,10q
GOLGA2P6,10p
GOLGA7B,10q
GOT1,10q
GPAM,10q
GPR158,10p
GPR158-AS1,10p
GPR26,10q
GPRIN2,10q
GRID1,10q
GRID1-AS1,10q
GRK5,10q
GSTO1,10q
GSTO2,10q
GTPBP4,10p
GUCY2GP,10q
HABP2,10q
HACD1,10p
HEAT2,10q
HECTD2,10q
HECTD2-AS1,10q
HELLS,10q
HERC4,10q
HHEX,10q
HIF1AN,10q
HK1,10q
HKDC1,10q
HMX2,10q
HMX3,10q
HNRNPA1P33,10q
HNRNPA3P1,10q
HNRNPF,10q
HNRNPH3,10q
HOGA1,10q
HPS1,10q
HPS6,10q
HPSE2,10q
HSD17B7P2,10p
HSPA12A,10q
HSPA14,10p
HTR7,10q
HTRA1,10q
IATPR,10p
IDE,10q
IDI1,10p
IDI2,10p
IDI2-AS1,10p
IFIT1,10q
IFIT1B,10q
IFIT2,10q
IFIT3,10q
IFIT5,10q
IKZF5,10q
IL15RA,10p
IL2RA,10p
INA,10q
INPP5A,10q
INPP5F,10q
INSYN2A,10q
IPMK,10q
ITGA8,10p
ITGB1,10p
ITIH2,10p
ITIH5,10p
ITPRIP,10q
ITPRIP-AS1,10q
JAKMIP3,10q
JCAD,10p
JMJD1C,10q
JMJD1C-AS1,10q
KAT6B,10q
KAZALD1,10q
KCNIP2,10q
KCNIP2-AS1,10q
KCNK18,10q
KCNMA1,10q
KCNMA1-AS1,10q
KCNMA1-AS2,10q
KCNMA1-AS3,10q
KIAA1217,10p
KIF11,10q
KIF20B,10q
KIF5B,10p
KIFBP,10q
KIN,10p
KLF6,10p
KLLN,10q
KNDC1,10q
LARP4B,10p
LASTR,10p
LBX1,10q
LBX1-AS1,10q
LCOR,10q
LDB1,10q
LDB3,10q
LGI1,10q
LHPP,10q
LINC00200,10p
LINC00502,10q
LINC00595,10q
LINC00601,10q
LINC00619,10q
LINC00700,10p
LINC00701,10p
LINC00702,10p
LINC00703,10p
LINC00705,10p
LINC00706,10p
LINC00707,10p
LINC00708,10p
LINC00709,10p
LINC00710,10p
LINC00836,10p
LINC00837,10p
LINC00838,10p
LINC00839,10q
LINC00840,10q
LINC00841,10q
LINC00842,10q
LINC00844,10q
LINC00845,10q
LINC00856,10q
LINC00857,10q
LINC00858,10q
LINC00863,10q
LINC00865,10q
LINC00866,10q
LINC00867,10q
LINC00993,10p
LINC00999,10p
LINC01163,10q
LINC01164,10q
LINC01166,10q
LINC01167,10q
LINC01168,10q
LINC01264,10q
LINC01374,10q
LINC01375,10q
LINC01435,10q
LINC01475,10q
LINC01514,10q
LINC01515,10q
LINC01516,10p
LINC01517,10p
LINC01518,10q
LINC01519,10q
LINC01520,10q
LINC01553,10q
LINC01561,10q
LINC02561,10p
LINC02564,18p
LINC02620,10q
LINC02622,10q
LINC02623,10q
LINC02624,10q
LINC02626,10q
LINC02627,10q
LINC02639,10p
LINC02643,10p
LINC02644,10p
LINC02645,10p
LINC02647,10q
LINC02648,10p
LINC02649,10p
LINC02650,10q
LINC02652,10p
LINC02653,10q
LINC02655,10q
LINC02656,10p
LINC02658,10q
LINC02664,10p
LINC02667,10q
LINC02669,10p
LINC02670,10p
LINC02671,10q
LINC02676,10p
LINC02679,10q
LINC02681,10q
LINC02870,10q
LINC02881,10q
LINP1,10p
LIPA,10q
LIPF,10q
LIPJ,10q
LIPK,10q
LIPM,10q
LIPN,10q
LNCAROD,10q
LOC100130698,10q
LOC100130992,10p
LOC100421372,10p
LOC100499489,10p
LOC100505502,10p
LOC101927278,10q
LOC101927692,10q
LOC101927699,10q
LOC101927762,10p
LOC101927824,10p
LOC101927964,10p
LOC101928272,10p
LOC101928453,10p
LOC101928834,10p
LOC101928961,10q
LOC101928994,10q
LOC101929073,10p
LOC101929117,10p
LOC101929165,10q
LOC101929234,10q
LOC101929279,10p
LOC101929431,10p
LOC101929574,10q
LOC101929662,10q
LOC101930421,10p
LOC102031319,10p
LOC102723376,18p
LOC102723439,10q
LOC102723665,10q
LOC102724323,10q
LOC102724488,10q
LOC102724593,10q
LOC102724719,10q
LOC103344931,10q
LOC105376353,10p
LOC105376360,10p
LOC105376398,10p
LOC105376453,10p
LOC105378269,10q
LOC105378292,10q
LOC105378305,10q
LOC105378311,10q
LOC105378330,10q
LOC105378367,10q
LOC105378430,10q
LOC105378479,10q
LOC105378577,10q
LOC107001062,10q
LOC107984208,10p
LOC107984236,10q
LOC107984265,10q
LOC107984282,10q
LOC112268068,10q
LOC112577516,10q
LOC283028,10q
LOC283038,10q
LOC283045,10q
LOC441666,10q
LOC642361,10q
LOC644215,10q
LOC728158,10q
LOC729815,10q
LOXL4,10q
LRIT1,10q
LRIT2,10q
LRMDA,10q
LRRC18,10q
LRRC20,10q
LRRC27,10q
LRRC37A6P,10p
LRRTM3,10q
LYZL1,10p
LYZL2,10p
LZTS2,10q
MACROH2A2,10q
MALRD1,10p
MANCR,10p
MAP3K8,10p
MAPK8,10q
MARCHF5,10q
MARCHF8,10q
MARK2P9,10q
MARVELD1,10q
MASTL,10p
MAT1A,10q
MBL1P,10q
MBL2,10q
MCM10,10p
MCMBP,10q
MCU,10q
MEIG1,10p
MFSD13A,10q
MGMT,10q
MICU1,10q
MINDY3,10p
MINPP1,10q
MIR107,10q
MIR1265,10p
MIR1287,10q
MIR1296,10q
MIR1307,10q
MIR146B,10q
MIR1915,10p
MIR1915HG,10p
MIR202,10q
MIR202HG,10q
MIR2110,10q
MIR3085,10q
MIR3155A,10p
MIR3155B,10p
MIR3156-1,10q
MIR3157,10q
MIR3158-1,10q
MIR3158-2,10q
MIR346,10q
MIR3611,10p
MIR3663,10q
MIR3663HG,10q
MIR378C,10q
MIR3924,10q
MIR3941,10q
MIR3944,10q
MIR4293,10p
MIR4294,10q
MIR4295,10q
MIR4296,10q
MIR4297,10q
MIR4480,10p
MIR4481,10p
MIR4482,10q
MIR4483,10q
MIR4484,10q
MIR4675,10p
MIR4676,10q
MIR4678,10q
MIR4679-1,10q
MIR4679-2,10q
MIR4680,10q
MIR4681,10q
MIR4682,10q
MIR4683,10p
MIR4685,10q
MIR5100,10q
MIR511,10p
MIR548AK,10p
MIR548E,10q
MIR548F1,10q
MIR548Q,10p
MIR5699,10p
MIR603,10p
MIR604,10p
MIR605,10q
MIR606,10q
MIR607,10q
MIR6072,10p
MIR6078,10p
MIR608,10q
MIR609,10q
MIR6507,10q
MIR6715A,10q
MIR6715B,10q
MIR7151,10q
MIR7152,10q
MIR7162,10p
MIR8086,10p
MIR936,10q
MIR938,10p
MIR9851,10q
MKI67,10q
MKX,10p
MKX-AS1,10p
MLLT10,10p
MMP21,10q
MMRN2,10q
MMS19,10q
MORN4,10q
MPP7,10p
MRC1,10p
MRLN,10q
MRPL43,10q
MRPS16,10q
MSMB,10q
MSRB2,10p
MSS51,10q
MTG1,10q
MTPAP,10p
MTRNR2L5,10q
MTRNR2L7,10p
MXI1,10q
MYO3A,10p
MYOF,10q
MYOZ1,10q
MYPN,10q
NANOS1,10q
NCOA4,10q
NDST2,10q
NDUFB8,10q
NEBL,10p
NEBL-AS1,10p
NET1,10p
NEURL1,10q
NEURL1-AS1,10q
NEUROG3,10q
NFKB2,10q
NHLRC2,10q
NKX1-2,10q
NKX2-3,10q
NKX6-2,10q
NMT2,10p
NOC3L,10q
NODAL,10q
NOLC1,10q
NPFFR1,10q
NPM3,10q
NPS,10q
NPY4R,10q
NPY4R2,10q
NRAP,10q
NRBF2,10q
NRG3,10q
NRG3-AS1,10q
NRP1,10p
NSMCE4A,10q
NSUN6,10p
NT5C2,10q
NUDT13,10q
NUDT5,10p
NUDT9P1,10q
NUTM2A,10q
NUTM2A-AS1,10q
NUTM2B,10q
NUTM2B-AS1,10q
NUTM2D,10q
NUTM2E,10q
OAT,10q
OGA,10q
OGDHL,10q
OIT3,10q
OLAH,10p
OLMALINC,10q
OPALIN,10q
OPN4,10q
OPTN,10p
OR13A1,10q
OTUD1,10p
P4HA1,10q
PALD1,10q
PANK1,10q
PAOX,10q
PAPSS2,10q
PARD3,10p
PARD3-AS1,10p
PARG,10q
PARGP1,10q
PARGP1-AGAP4,10q
PAX2,10q
PBLD,10q
PCAT5,10p
PCBD1,10q
PCDH15,10q
PCGF5,10q
PCGF6,10q
PDCD11,10q
PDCD4,10q
PDCD4-AS1,10q
PDE6C,10q
PDLIM1,10q
PDSS1,10p
PDZD7,10q
PDZD8,10q
PFKFB3,10p
PFKP,10p
PGAM1,10q
PGBD3,10q
PHYH,10p
PHYHIPL,10q
PI4K2A,10q
PIK3AP1,10q
PIP4K2A,10p
PIPSL,10q
PITRM1,10p
PITRM1-AS1,10p
PITX3,10q
PKD2L1,10q
PLA2G12B,10q
PLAC9,10q
PLAU,10q
PLCE1,10q
PLCE1-AS1,10q
PLCE1-AS2,10q
PLEKHA1,10q
PLEKHS1,10q
PLPP4,10q
PLXDC2,10p
PNLIP,10q
PNLIPRP1,10q
PNLIPRP2,10q
PNLIPRP3,10q
POLL,10q
POLR3A,10q
POU5F1P5,10q
PPA1,10q
PPIAP30,10p
PPIF,10q
PPP1R3C,10q
PPP2R2D,10q
PPP3CB,10q
PPP3CB-AS1,10q
PPRC1,10q
PRAP1,10q
PRDX3,10q
PRF1,10q
PRKCQ,10p
PRKCQ-AS1,10p
PRKG1,10q
PRKG1-AS1,10q
PRLHR,10q
PROSER2,10p
PROSER2-AS1,10p
PRPF18,10p
PRTFDC1,10p
PRXL2A,10q
PSAP,10q
PSD,10q
PSTK,10q
PTCHD3,10p
PTEN,10q
PTER,10p
PTF1A,10p
PTPN20,10q
PTPRE,10q
PWWP2B,10q
PYROXD2,10q
R3HCC1L,10q
RAB11FIP2,10q
RAB18,10p
RASGEF1A,10q
RASSF4,10q
RBM17,10p
RBM20,10q
RBP3,10q
RBP4,10q
REEP3,10q
RET,10q
RGR,10q
RGS10,10q
RHOBTB1,10q
RNLS,10q
RPARP-AS1,10q
RPEL1,10q
RPL13AP5,10q
RPL13AP6,10q
RPL21,13q
RPP30,10q
RPP38,10p
RPP38-DT,10p
RPS24,10q
RRP12,10q
RSU1,10p
RSU1P2,10q
RTKN2,10q
RUFY2,10q
SAMD8,10q
SAR1A,10q
SCART1,10q
SCD,10q
SEC23IP,10q
SEC24C,10q
SEC31B,10q
SEC61A2,10p
SEMA4G,10q
SEPHS1,10p
SEPTIN7P9,10p
SFMBT2,10p
SFR1,10q
SFRP5,10q
SFTA1P,10p
SFTPA1,10q
SFTPA2,10q
SFTPD,10q
SFXN2,10q
SFXN3,10q
SFXN4,10q
SGMS1,10q
SGMS1-AS1,10q
SGPL1,10q
SH2D4B,10q
SH3PXD2A,10q
SH3PXD2A-AS1,10q
SHLD2,10q
SHLD2P1,10q
SHLD2P3,10q
SHOC2,10q
SHTN1,10q
SIRT1,10q
SKIDA1,10p
SLC16A12,10q
SLC16A12-AS1,10q
SLC16A9,10q
SLC18A2,10q
SLC18A3,10q
SLC25A16,10q
SLC25A28,10q
SLC29A3,10q
SLC35G1,10q
SLC39A12,10p
SLC39A12-AS1,10p
SLF2,10q
SLIT1,10q
SLIT1-AS1,10q
SLK,10q
SMC3,10q
SMNDC1,10q
SNCG,10q
SNORA11F,10q
SNORA12,10q
SNORA19,10q
SNORA74C-1,10q
SNORA74C-2,10q
SNORA86,10p
SNORA87,10q
SNORD129,10p
SNORD130,10p
SNORD142,10p
SNORD158,10q
SNORD172,10q
SNORD3J,10q
SNORD98,10q
SORBS1,10q
SORCS1,10q
SORCS3,10q
SORCS3-AS1,10q
SPAG6,10p
SPOCK2,10q
SPRN,10q
SPRNP1,10q
SRGN,10q
ST8SIA6,10p
ST8SIA6-AS1,10p
STAM,10p
STAM-AS1,10p
STAMBPL1,10q
STK32C,10q
STN1,10q
STOX1,10q
SUFU,10q
SUPV3L1,10q
SUV39H2,10p
SVIL,10p
SVIL-AS1,10p
SVIL2P,10p
SYCE1,10q
SYNPO2L,10q
SYT15,10q
TACC2,10q
TACR2,10q
TAF3,10p
TAF5,10q
TASOR2,10p
TBATA,10q
TBC1D12,10q
TCERG1L,10q
TCERG1L-AS1,10q
TCF7L2,10q
TCTN3,10q
TDRD1,10q
TECTB,10q
TET1,10q
TEX36,10q
TEX36-AS1,10q
TFAM,10q
THNSL1,10p
TIAL1,10q
TIMM23,10q
TIMM23B,10q
TIMM23B-AGAP6,10q
TLL2,10q
TLX1,10q
TLX1NB,10q
TM9SF3,10q
TMEM236,10p
TMEM254,10q
TMEM254-AS1,10q
TMEM26,10q
TMEM26-AS1,10q
TMEM273,10q
TMEM72,10q
TMEM72-AS1,10q
TNKS2,10q
TNKS2-AS1,10q
TRDMT1,10p
TRIM8,10q
TRUB1,10q
TSPAN14,10q
TSPAN15,10q
TUBAL3,10p
TUBB8,10p
TUBGCP2,10q
TWNK,10q
TYSND1,10q
UBE2D1,10q
UBTD1,10q
UCMA,10p
UCN3,10p
UNC5B,10q
UNC5B-AS1,10q
UPF2,10p
UROS,10q
USP54,10q
USP6NL,10p
UTF1,10q
VAX1,10q
VCL,10q
VDAC2,10q
VENTX,10q
VIM,10p
VIM-AS1,10p
VPS26A,10q
VSIR,10q
VSTM4,10q
VTI1A,10q
VWA2,10q
WAC,10p
WAC-AS1,10p
WAPL,10q
WASHC2A,10q
WASHC2C,10q
WBP1L,10q
WDFY4,10q
WDR11,10q
WDR11-AS1,10q
WDR37,10p
WNT8B,10q
XLOC_008559,10q
XPNPEP1,10q
YME1L1,10p
ZCCHC24,10q
ZDHHC16,10q
ZDHHC6,10q
ZEB1,10p
ZEB1-AS1,10p
ZFAND4,10q
ZFYVE27,10q
ZMIZ1,10q
ZMIZ1-AS1,10q
ZMYND11,10p
ZNF22,10q
ZNF22-AS1,10q
ZNF239,10q
ZNF248,10p
ZNF25,10p
ZNF32,10q
ZNF32-AS1,10q
ZNF32-AS2,10q
ZNF32-AS3,10q
ZNF33A,10p
ZNF33B,10q
ZNF33BP1,10p
ZNF365,10q
ZNF37A,10p
ZNF37BP,10q
ZNF438,10p
ZNF485,10q
ZNF487,10q
ZNF488,10q
ZNF503,10q
ZNF503-AS1,10q
ZNF503-AS2,10q
ZNF511,10q
ZNF518A,10q
ZRANB1,10q
ZSWIM8,10q
ZSWIM8-AS1,10q
ZWINT,10q
AAMDC,11q
AASDHPPT,11q
ABCC8,11p
ABCG4,11q
ABTB2,11p
ACAD8,11q
ACAT1,11q
ACCS,11p
ACCSL,11p
ACER3,11q
ACP2,11p
ACRV1,11q
ACTE1P,11q
ACTN3,11q
ACY3,11q
ADAMTS15,11q
ADAMTS8,11q
ADM,11p
AGBL2,11p
AHNAK,11q
AIP,11q
AKIP1,11p
ALDH3B1,11q
ALDH3B2,11q
ALG1L9P,11q
ALG8,11q
ALG9,11q
ALKBH3,11p
ALKBH3-AS1,11p
ALKBH8,11q
ALX4,11p
AMBRA1,11p
AMOTL1,11q
AMPD3,11p
ANAPC15,11q
ANGPTL5,11q
ANKK1,11q
ANKRD13D,11q
ANKRD42,11q
ANKRD49,11q
ANO1,11q
ANO3,11p
ANO3-AS1,11p
ANO5,11p
ANO9,11p
AP2A2,11p
AP5B1,11q
APBB1,11p
API5,11p
APIP,11p
APLNR,11q
APLP2,11q
APOA1,11q
APOA1-AS,11q
APOA4,11q
APOA5,11q
APOC3,11q
AQP11,11q
ARAP1,11q
ARAP1-AS2,11q
ARCN1,11q
ARFGAP2,11p
ARFIP2,11p
ARHGAP1,11p
ARHGAP20,11q
ARHGAP32,11q
ARHGAP42,11q
ARHGAP42-AS1,11q
ARHGEF12,11q
ARHGEF17,11q
ARL14EP,11p
ARL2,11q
ARL2-SNX15,11q
ARNTL,11p
ARRB1,11q
ART1,11p
ART5,11p
ASCL2,11p
ASCL3,11p
ASRGL1,11q
ATG13,11p
ATG16L2,11q
ATG2A,11q
ATL3,11q
ATM,11q
ATP5MG,11q
B3GAT1,11q
B3GAT1-DT,11q
B3GAT3,11q
B3GNT6,11q
B4GALNT4,11p
B4GAT1,11q
BACE1,11q
BACE1-AS,11q
BAD,11q
BANF1,11q
BARX2,11q
BATF2,11q
BBOX1,11p
BBOX1-AS1,11p
BBS1,11q
BCL9L,11q
BCO2,11q
BDNF,11p
BDNF-AS,11p
BEST1,11q
BET1L,11p
BGLT3,11p
BIRC2,11q
BIRC3,11q
BLID,11q
BRMS1,11q
BRSK2,11p
BSCL2,11q
BSX,11q
BTBD10,11p
BTBD18,11q
BTG4,11q
BUD13,11q
C11orf1,11q
C11orf16,11p
C11orf21,11p
C11orf24,11q
C11orf42,11p
C11orf45,11q
C11orf49,11p
C11orf52,11q
C11orf53,11q
C11orf54,11q
C11orf58,11p
C11orf65,11q
C11orf68,11q
C11orf71,11q
C11orf72,11q
C11orf80,11q
C11orf86,11q
C11orf87,11q
C11orf91,11p
C11orf94,11p
C11orf95,11q
C11orf96,11p
C11orf97,11q
C11orf98,11q
C1QTNF4,11p
C1QTNF5,11q
C2CD2L,11q
C2CD3,11q
CABP2,11q
CABP4,11q
CADM1,11q
CALCA,11p
CALCB,11p
CAND1.11,11p
CAPN1,11q
CAPN5,11q
CAPRIN1,11p
CARD16,11q
CARD17,11q
CARD18,11q
CARNS1,11q
CARS1,11p
CARS1-AS1,11p
CASC23,11p
CASP1,11q
CASP12,11q
CASP1P2,11q
CASP4,11q
CASP4LP,11q
CASP5,11q
CAT,11p
CATSPER1,11q
CATSPERZ,11q
CAVIN3,11p
CBL,11q
CBLIF,11q
CCDC15,11q
CCDC153,11q
CCDC179,11p
CCDC34,11p
CCDC73,11p
CCDC81,11q
CCDC82,11q
CCDC83,11q
CCDC85B,11q
CCDC86,11q
CCDC87,11q
CCDC88B,11q
CCDC89,11q
CCDC90B,11q
CCKBR,11p
CCND1,11q
CCS,11q
CD151,11p
CD248,11q
CD3D,11q
CD3E,11q
CD3G,11q
CD44,11p
CD5,11q
CD59,11p
CD6,11q
CD81,11p
CD81-AS1,11p
CD82,11p
CDC42BPG,11q
CDC42EP2,11q
CDCA5,11q
CDHR5,11p
CDK2AP2,11q
CDKN1C,11p
CDON,11q
CELF1,11p
CENATAC,11q
CEND1,11p
CEP126,11q
CEP164,11q
CEP295,11q
CEP57,11q
CFAP300,11q
CFL1,11q
CHEK1,11q
CHID1,11p
CHKA,11q
CHORDC1,11q
CHRDL2,11q
CHRM1,11q
CHRM4,11p
CHRNA10,11p
CHST1,11p
CKAP5,11p
CLCF1,11q
CLDN25,11q
CLMP,11q
CLNS1A,11q
CLP1,11q
CLPB,11q
CNGA4,11p
CNIH2,11q
CNTF,11q
CNTN5,11q
COA4,11q
COLCA1,11q
COLCA2,11q
COMMD9,11p
COPB1,11p
CORO1B,11q
COX8A,11q
CPSF7,11q
CPT1A,11q
CRACR2B,11p
CREB3L1,11p
CREBZF,11q
CRTAM,11q
CRY2,11p
CRYAB,11q
CSKMT,11q
CSNK2A3,11p
CSRP3,11p
CST6,11q
CSTF3,11p
CSTF3-DT,11p
CTNND1,11q
CTR9,11p
CTSC,11q
CTSD,11p
CTSF,11q
CTSW,11q
CTTN,11q
CUL5,11q
CWC15,11q
CWF19L2,11q
CXCR5,11q
CYB561A3,11q
CYB5R2,11p
CYP2R1,11p
DAGLA,11q
DBX1,11p
DCDC1,11p
DCHS1,11p
DCPS,11q
DCUN1D5,11q
DDB1,11q
DDB2,11p
DDI1,11q
DDIAS,11q
DDX10,11q
DDX25,11q
DDX6,11q
DEAF1,11p
DEFB108B,11q
DEFB131B,11q
DENND2B,11p
DENND5A,11p
DEPDC7,11p
DEUP1,11q
DGAT2,11q
DGKZ,11p
DHCR7,11q
DISC1FP1,11q
DIXDC1,11q
DKK3,11p
DLAT,11q
DLG2,11q
DNAJB13,11q
DNAJC24,11p
DNAJC4,11q
DNHD1,11p
DOC2GP,11q
DPAGT1,11q
DPF2,11q
DPP3,11q
DRAP1,11q
DRD2,11q
DRD4,11p
DSCAML1,11q
DTX4,11q
DUSP8,11p
DYNC2H1,11q
E2F8,11p
EED,11q
EEF1G,11q
EFEMP2,11q
EHBP1L1,11q
EHD1,11q
EHF,11p
EI24,11q
EIF1AD,11q
EIF3F,11p
EIF3M,11p
EIF4G2,11p
ELF5,11p
ELMOD1,11q
ELP4,11p
EML3,11q
EMSY,11q
ENDOD1,11q
EPS8L2,11p
ESAM,11q
ESRRA,11q
ETS1,11q
ETS1-AS1,11q
EXPH5,11q
EXT2,11p
F2,11p
FADD,11q
FADS1,11q
FADS2,11q
FADS3,11q
FAM111A,11q
FAM111A-DT,11q
FAM111B,11q
FAM118B,11q
FAM160A2,11p
FAM168A,11q
FAM180B,11p
FAM181B,11q
FAM76B,11q
FAM86C2P,11q
FAM89B,11q
FAM99A,11p
FAM99B,11p
FANCF,11p
FAR1,11p
FAT3,11q
FAU,11q
FBXO3,11p
FBXO3-DT,11p
FCHSD2,11q
FDX1,11q
FDXACB1,11q
FEN1,11q
FERMT3,11q
FEZ1,11q
FGF19,11q
FGF3,11q
FGF4,11q
FIBIN,11p
FIBP,11q
FJX1,11p
FKBP2,11q
FLI1,11q
FLRT1,11q
FNBP4,11p
FOLH1,11p
FOLH1B,11q
FOLR1,11q
FOLR2,11q
FOLR3,11q
FOSL1,11q
FOXR1,11q
FOXRED1,11q
FRMD8,11q
FSHB,11p
FTH1,11q
FUT4,11q
FXYD2,11q
FXYD6,11q
FXYD6-FXYD2,11q
FZD4,11q
FZD4-DT,11q
GAB2,11q
GAL,11q
GAL3ST3,11q
GALNT18,11p
GANAB,11q
GAS2,11p
GATD1,11p
GDPD4,11q
GDPD5,11q
GLB1L2,11q
GLB1L3,11q
GLYAT,11q
GLYATL1,11q
GLYATL1B,11q
GLYATL2,11q
GNG3,11q
GPHA2,11q
GPR137,11q
GPR152,11q
GPR83,11q
GRAMD1B,11q
GRIA4,11q
GRIK4,11q
GRK2,11q
GRM5,11q
GRM5-AS1,11q
GSEC,11q
GSTP1,11q
GTF2H1,11p
GUCY1A2,11q
GUCY2EP,11q
GVINP1,11p
GVQW3,11q
H19,11p
H2AX,11q
HARBI1,11p
HBB,11p
HBBP1,11p
HBD,11p
HBE1,11p
HBG1,11p
HBG2,11p
HEPACAM,11q
HEPHL1,11q
HEPN1,11q
HIKESHI,11q
HINFP,11q
HIPK3,11p
HMBS,11q
HNRNPKP3,11p
HNRNPUL2,11q
HNRNPUL2-BSCL2,11q
HOATZ,11q
HPS5,11p
HPX,11p
HRAS,11p
HSD17B12,11p
HSPA8,11q
HSPB2,11q
HSPB2-C11orf52,11q
HTATIP2,11p
HTR3A,11q
HTR3B,11q
HYLS1,11q
HYOU1,11q
IFITM1,11p
IFITM10,11p
IFITM2,11p
IFITM3,11p
IFITM5,11p
IFT46,11q
IFTAP,11p
IGF2,11p
IGF2-AS,11p
IGHMBP2,11q
IGSF22,11p
IGSF9B,11q
IL10RA,11q
IL18,11q
IL18BP,11q
ILK,11p
IMMP1L,11p
INCENP,11q
INPPL1,11q
INS,11p
INS-IGF2,11p
INSC,11p
INTS4,11q
INTS5,11q
IPO7,11p
IRAG1,11p
IRAG1-AS1,11p
IRF7,11p
IZUMO1R,11q
JAM3,11q
JAML,11q
JHY,11q
JRKL,11q
JRKL-AS1,11q
KAT5,11q
KBTBD3,11q
KBTBD4,11p
KCNA4,11p
KCNC1,11p
KCNE3,11q
KCNJ1,11q
KCNJ11,11p
KCNJ5,11q
KCNK4,11q
KCNK4-TEX40,11q
KCNK7,11q
KCNQ1,11p
KCNQ1-AS1,11p
KCNQ1DN,11p
KCNQ1OT1,11p
KCTD14,11q
KCTD21,11q
KCTD21-AS1,11q
KDM2A,11q
KDM4D,11q
KDM4E,11q
KIAA1549L,11p
KIF18A,11p
KIRREL3,11q
KIRREL3-AS2,11q
KIRREL3-AS3,11q
KLC2,11q
KLHL35,11q
KMT2A,11q
KMT5B,11q
KRT8P41,11p
KRTAP5-1,11p
KRTAP5-10,11q
KRTAP5-11,11q
KRTAP5-2,11p
KRTAP5-3,11p
KRTAP5-4,11p
KRTAP5-5,11p
KRTAP5-6,11p
KRTAP5-7,11q
KRTAP5-8,11q
KRTAP5-9,11q
KRTAP5-AS1,11p
LAMTOR1,11q
LARGE2,11p
LAYN,11q
LBHD1,11q
LDHA,11p
LDHAL6A,11p
LDHC,11p
LDLRAD3,11p
LGALS12,11q
LGR4,11p
LGR4-AS1,11p
LIN7C,11p
LINC00167,11q
LINC00294,11p
LINC00301,11q
LINC00678,11p
LINC00900,11q
LINC00958,11p
LINC01001,11p
LINC01150,11p
LINC01219,11p
LINC01395,11q
LINC01488,11q
LINC01493,11p
LINC01495,11p
LINC01499,11p
LINC01537,11q
LINC01616,11p
LINC02098,11q
LINC02545,11p
LINC02546,11p
LINC02547,11p
LINC02548,11p
LINC02550,11q
LINC02551,11q
LINC02552,11q
LINC02584,11q
LINC02683,11p
LINC02685,11p
LINC02687,11p
LINC02688,11p
LINC02696,11p
LINC02702,11q
LINC02709,11p
LINC02711,11q
LINC02712,11q
LINC02714,11q
LINC02716,11p
LINC02719,11q
LINC02720,11q
LINC02724,11q
LINC02728,11q
LINC02729,11p
LINC02731,11q
LINC02732,11q
LINC02735,11q
LINC02737,11q
LINC02740,11p
LINC02743,11q
LINC02745,11p
LINC02746,11q
LINC02749,11p
LINC02751,11p
LINC02753,11q
LINC02759,11p
LINC02760,11p
LINC02762,11q
LINC02763,11q
LINC02764,11q
LINC02873,11q
LIPT2,11q
LMNTD2,11p
LMNTD2-AS1,11p
LMO1,11p
LMO2,11p
LOC100126784,11p
LOC100128494,11q
LOC100129203,11q
LOC100130987,11q
LOC100131626,11q
LOC100132078,11q
LOC100132686,11q
LOC100133315,11q
LOC100287837,11q
LOC100287896,11q
LOC100506258,11p
LOC100506282,11q
LOC100506675,11p
LOC100507144,11p
LOC100507283,11q
LOC100507384,11p
LOC100507548,11q
LOC100652768,11q
LOC101927495,11q
LOC101927708,11p
LOC101927789,11q
LOC101928008,11p
LOC101928053,11p
LOC101928069,11q
LOC101928424,11q
LOC101928510,11p
LOC101928535,11q
LOC101928837,11q
LOC101928847,11q
LOC101928894,11p
LOC101928896,11q
LOC101928940,11q
LOC101928985,11q
LOC101929089,11q
LOC101929208,11q
LOC101929227,11q
LOC101929295,11q
LOC101929340,11q
LOC101929427,11q
LOC101929473,11q
LOC101929538,11q
LOC101929653,11q
LOC102723838,11q
LOC102724064,11q
LOC102724265,11q
LOC102724301,11q
LOC102724784,11p
LOC105369332,11q
LOC105369391,11q
LOC105369438,11q
LOC105369507,11q
LOC105369509,11q
LOC105369532,11q
LOC105369535,11q
LOC105376526,11p
LOC107984341,11q
LOC107984399,11q
LOC114841035,11q
LOC115995503,11p
LOC143666,11p
LOC171391,11p
LOC283194,11q
LOC283214,11q
LOC283299,11p
LOC338694,11q
LOC341056,11q
LOC399975,11q
LOC403312,11q
LOC440040,11p
LOC642414,11q
LOC644656,11p
LOC646029,11q
LOC646813,11p
LOC649133,11q
LOC728196,11q
LOC728975,11q
LPXN,11q
LRFN4,11q
LRP4,11p
LRP4-AS1,11p
LRP5,11q
LRRC10B,11q
LRRC32,11q
LRRC4C,11p
LRRC55,11q
LRRC56,11p
LRRN4CL,11q
LRTOMT,11q
LSP1,11p
LTBP3,11q
LTO1,11q
LUZP2,11p
LYVE1,11p
MACROD1,11q
MADD,11p
MADD-AS1,11p
MAJIN,11q
MALAT1,11q
MAML2,11q
MAP3K11,11q
MAP4K2,11q
MAP6,11q
MAPK8IP1,11p
MARK2,11q
MASCRNA,11q
MCAM,11q
MDK,11p
ME3,11q
MED17,11q
MED19,11q
MEN1,11q
METTL15,11p
MFRP,11q
MICAL2,11p
MICALCL,11p
MIR100,11q
MIR100HG,11q
MIR10392,11q
MIR10526,11q
MIR1237,11q
MIR125B1,11q
MIR1260B,11q
MIR1261,11q
MIR129-2,11p
MIR1304,11q
MIR130A,11q
MIR1343,11p
MIR139,11q
MIR1908,11q
MIR192,11q
MIR194-2,11q
MIR194-2HG,11q
MIR210,11p
MIR210HG,11p
MIR302E,11p
MIR3159,11p
MIR3160-1,11p
MIR3160-2,11p
MIR3161,11p
MIR3162,11q
MIR3163,11q
MIR3164,11q
MIR3165,11q
MIR3166,11q
MIR3167,11q
MIR326,11q
MIR34B,11q
MIR34C,11q
MIR3654,7q
MIR3664,11q
MIR3920,11q
MIR3973,11p
MIR4298,11p
MIR4299,11p
MIR4300,11q
MIR4300HG,11q
MIR4301,11q
MIR4485,11p
MIR4486,11p
MIR4487,11p
MIR4488,11q
MIR4489,11q
MIR4490,11q
MIR4491,11q
MIR4492,11q
MIR4493,11q
MIR4686,11p
MIR4687,11p
MIR4688,11p
MIR4690,11q
MIR4691,11q
MIR4692,11q
MIR4693,11q
MIR4694,11p
MIR4696,11q
MIR4697,11q
MIR483,11p
MIR548AL,11q
MIR548K,11q
MIR548L,11q
MIR5579,11q
MIR5582,11p
MIR5691,11p
MIR6073,11p
MIR6090,11q
MIR610,11p
MIR611,11q
MIR612,11q
MIR6124,11p
MIR6128,11q
MIR6503,11q
MIR6514,11q
MIR670,11p
MIR670HG,11p
MIR6716,11q
MIR6743,11p
MIR6744,11p
MIR6745,11p
MIR6746,11q
MIR6747,11q
MIR6748,11q
MIR6749,11q
MIR675,11p
MIR6750,11q
MIR6751,11q
MIR6752,11q
MIR6753,11q
MIR6754,11q
MIR6755,11q
MIR6756,11q
MIR6860,11q
MIR6879,11q
MIR708,11q
MIR7113,11q
MIR7154,11p
MIR7155,11q
MIR7847,11p
MIR8052,11q
MIR8054,11p
MIR8068,11p
MIR8070,11p
MIR8087,11p
MIRLET7A2,11q
MMP1,11q
MMP10,11q
MMP12,11q
MMP13,11q
MMP20,11q
MMP26,11p
MMP27,11q
MMP3,11q
MMP7,11q
MMP8,11q
MOB2,11p
MOGAT2,11q
MPEG1,11q
MPPED2,11p
MPZL2,11q
MPZL3,11q
MRE11,11q
MRGPRD,11q
MRGPRE,11p
MRGPRF,11q
MRGPRF-AS1,11q
MRGPRG,11p
MRGPRG-AS1,11p
MRGPRX1,11p
MRGPRX2,11p
MRGPRX3,11p
MRGPRX4,11p
MRPL11,11q
MRPL16,11q
MRPL17,11p
MRPL21,11q
MRPL23,11p
MRPL23-AS1,11p
MRPL48,11q
MRPL49,11q
MS4A1,11q
MS4A10,11q
MS4A12,11q
MS4A13,11q
MS4A14,11q
MS4A15,11q
MS4A18,11q
MS4A2,11q
MS4A3,11q
MS4A4A,11q
MS4A4E,11q
MS4A5,11q
MS4A6A,11q
MS4A6E,11q
MS4A7,11q
MS4A8,11q
MSANTD2,11q
MSANTD4,11q
MTA2,11q
MTCH2,11p
MTMR2,11q
MTNR1B,11q
MTRNR2L8,11p
MUC15,11p
MUC2,11p
MUC5AC,11p
MUC5B,11p
MUC5B-AS1,11p
MUC6,11p
MUS81,11q
MYBPC3,11p
MYEOV,11q
MYO7A,11q
MYOD1,11p
MYRF,11q
MYRF-AS1,11q
NAA40,11q
NAALAD2,11q
NAALADL1,11q
NADSYN1,11q
NAP1L4,11p
NARS2,11q
NAT10,11p
NAV2,11p
NAV2-AS2,11p
NAV2-AS4,11p
NAV2-AS5,11p
NCAM1,11q
NCAM1-AS1,11q
NCAPD3,11q
NCR3LG1,11p
NDUFC2,11q
NDUFC2-KCTD14,11q
NDUFS3,11p
NDUFS8,11q
NDUFV1,11q
NEAT1,11q
NECTIN1,11q
NELL1,11p
NEU3,11q
NFRKB,11q
NKAPD1,11q
NLRP10,11p
NLRP14,11p
NLRP6,11p
NLRX1,11q
NNMT,11q
NOX4,11q
NPAS4,11q
NPAT,11q
NR1H3,11p
NRGN,11q
NRIP3,11p
NRXN2,11q
NTM,11q
NTM-AS1,11q
NTM-IT,11q
NUCB2,11p
NUDT22,11q
NUDT8,11q
NUMA1,11q
NUP160,11p
NUP98,11p
NXF1,11q
NXPE1,11q
NXPE2,11q
NXPE4,11q
OAF,11q
ODF3,11p
OLFM5P,11p
OLFML1,11p
OMP,11q
OOSP1,11q
OOSP2,11q
OOSP4B,11q
OPCML,11q
OR10A2,11p
OR10A3,11p
OR10A4,11p
OR10A5,11p
OR10A6,11p
OR10AG1,11q
OR10D3,11q
OR10G4,11q
OR10G6,11q
OR10G7,11q
OR10G8,11q
OR10G9,11q
OR10Q1,11q
OR10S1,11q
OR10V1,11q
OR10V2P,11q
OR10W1,11q
OR1S1,11q
OR1S2,11q
OR2AG1,11p
OR2AG2,11p
OR2AT4,11q
OR2D2,11p
OR2D3,11p
OR4A15,11q
OR4A16,11q
OR4A47,11p
OR4A5,11q
OR4B1,11p
OR4C11,11q
OR4C12,11p
OR4C13,11p
OR4C15,11q
OR4C16,11q
OR4C3,11p
OR4C45,11p
OR4C46,11q
OR4C5,11p
OR4C6,11q
OR4D10,11q
OR4D11,11q
OR4D5,11q
OR4D6,11q
OR4D9,11q
OR4P4,11q
OR4S1,11p
OR4S2,11q
OR4X1,11p
OR4X2,11p
OR51A2,11p
OR51A4,11p
OR51A7,11p
OR51B2,11p
OR51B4,11p
OR51B5,11p
OR51B6,11p
OR51D1,11p
OR51E1,11p
OR51E2,11p
OR51F1,11p
OR51F2,11p
OR51G1,11p
OR51G2,11p
OR51H1,11p
OR51I1,11p
OR51I2,11p
OR51J1,11p
OR51L1,11p
OR51M1,11p
OR51Q1,11p
OR51S1,11p
OR51T1,11p
OR51V1,11p
OR52A1,11p
OR52A5,11p
OR52B2,11p
OR52B4,11p
OR52B6,11p
OR52D1,11p
OR52E1,11p
OR52E2,11p
OR52E4,11p
OR52E5,11p
OR52E6,11p
OR52E8,11p
OR52H1,11p
OR52I1,11p
OR52I2,11p
OR52J3,11p
OR52K1,11p
OR52K2,11p
OR52L1,11p
OR52M1,11p
OR52N1,11p
OR52N2,11p
OR52N4,11p
OR52N5,11p
OR52R1,11p
OR52W1,11p
OR52Z1,11p
OR56A1,11p
OR56A3,11p
OR56A4,11p
OR56A5,11p
OR56B1,11p
OR56B4,11p
OR5A1,11q
OR5A2,11q
OR5AK2,11q
OR5AK4P,11q
OR5AL1,11q
OR5AN1,11q
OR5AP2,11q
OR5AR1,11q
OR5AS1,11q
OR5B12,11q
OR5B17,11q
OR5B2,11q
OR5B21,11q
OR5B3,11q
OR5D13,11q
OR5D14,11q
OR5D16,11q
OR5D18,11q
OR5E1P,11p
OR5F1,11q
OR5I1,11q
OR5J2,11q
OR5L1,11q
OR5L2,11q
OR5M1,11q
OR5M10,11q
OR5M11,11q
OR5M3,11q
OR5M8,11q
OR5M9,11q
OR5P2,11p
OR5P3,11p
OR5R1,11q
OR5T1,11q
OR5T2,11q
OR5T3,11q
OR5W2,11q
OR6A2,11p
OR6M1,11q
OR6Q1,11q
OR6T1,11q
OR6X1,11q
OR7E12P,11p
OR7E14P,11p
OR7E2P,11q
OR7E5P,11q
OR8A1,11q
OR8B12,11q
OR8B2,11q
OR8B3,11q
OR8B4,11q
OR8B8,11q
OR8D1,11q
OR8D2,11q
OR8D4,11q
OR8G1,11q
OR8G2P,11q
OR8G5,11q
OR8H1,11q
OR8H2,11q
OR8H3,11q
OR8I2,11q
OR8J1,11q
OR8J3,11q
OR8K1,11q
OR8K3,11q
OR8K5,11q
OR8U1,11q
OR8U8,11q
OR9G1,11q
OR9G4,11q
OR9G9,11q
OR9I1,11q
OR9Q1,11q
OR9Q2,11q
OSBP,11q
OSBPL5,11p
OTOG,11p
OTUB1,11q
OVCH2,11p
OVOL1,11q
OVOL1-AS1,11q
P2RX3,11q
P2RY2,11q
P2RY6,11q
P4HA3,11q
P4HA3-AS1,11q
PAAF1,11q
PACS1,11q
PACSIN3,11p
PAFAH1B2,11q
PAK1,11q
PAMR1,11p
PANX1,11q
PANX3,11q
PARVA,11p
PATE1,11q
PATE2,11q
PATE3,11q
PATE4,11q
PATL1,11q
PAUPAR,11p
PAX6,11p
PAX6-AS1,11p
PC,11q
PCF11,11q
PCF11-AS1,11q
PCNX3,11q
PCSK7,11q
PDE2A,11q
PDE3B,11p
PDGFD,11q
PDHX,11p
PDZD3,11q
PELI3,11q
PEX16,11p
PGA3,11q
PGA4,11q
PGA5,11q
PGAP2,11p
PGGHG,11p
PGM2L1,11q
PGR,11q
PGR-AS1,11q
PHF21A,11p
PHLDA2,11p
PHLDB1,11q
PHOX2A,11q
PHRF1,11p
PICALM,11q
PIDD1,11p
PIH1D2,11q
PIK3C2A,11p
PITPNM1,11q
PIWIL4,11q
PKNOX2,11q
PKNOX2-AS1,11q
PKP3,11p
PLAAT2,11q
PLAAT3,11q
PLAAT4,11q
PLAAT5,11q
PLCB3,11q
PLEKHA7,11p
PLEKHB1,11q
PLET1,11q
PNPLA2,11p
POGLUT3,11q
POLA2,11q
POLD3,11q
POLD4,11q
POLR2G,11q
POLR2L,11p
POU2AF1,11q
POU2F3,11q
PPFIA1,11q
PPFIBP2,11p
PPME1,11q
PPP1CA,11q
PPP1R14B,11q
PPP1R14B-AS1,11q
PPP1R32,11q
PPP2R1B,11q
PPP2R5B,11q
PPP6R3,11q
PRCP,11q
PRDM10,11q
PRDM11,11p
PRDX5,11q
PRG2,11q
PRG3,11q
PRMT3,11p
PRPF19,11q
PRR5L,11p
PRRG4,11p
PRSS23,11q
PSMA1,11p
PSMC3,11p
PSMD13,11p
PTDSS2,11p
PTGDR2,11q
PTH,11p
PTPMT1,11p
PTPN5,11p
PTPRCAP,11q
PTPRJ,11p
PTS,11q
PUS3,11q
PYGM,11q
QSER1,11p
RAB1B,11q
RAB30,11q
RAB30-DT,11q
RAB38,11q
RAB39A,11q
RAB3IL1,11q
RAB6A,11q
RAD9A,11q
RAG1,11p
RAG2,11p
RAPSN,11p
RASGRP2,11q
RASSF10,11p
RASSF7,11p
RBM14,11q
RBM14-RBM4,11q
RBM4,11q
RBM4B,11q
RBM7,11q
RBMXL2,11p
RCE1,11q
RCN1,11p
RCOR2,11q
RDX,11q
RELA,11q
RELT,11q
REXO2,11q
RHOD,11q
RHOG,11p
RIC3,11p
RIC8A,11p
RIN1,11q
RNASEH2C,11q
RNF121,11q
RNF141,11p
RNF169,11q
RNF214,11q
RNF26,11q
RNH1,11p
ROBO3,11q
ROBO4,11q
ROM1,11q
RPL23AP64,11q
RPL27A,11p
RPLP0P2,11q
RPLP2,11p
RPS13,11p
RPS25,11q
RPS3,11q
RPS6KA4,11q
RPS6KB2,11q
RPUSD4,11q
RRAS2,11p
RRM1,11p
RRP8,11p
RSF1,11q
RTN3,11q
RTN4RL2,11q
SAA1,11p
SAA2,11p
SAA2-SAA4,11p
SAA3P,11p
SAA4,11p
SAAL1,11p
SAC3D1,11q
SART1,11q
SBF2,11p
SBF2-AS1,11p
SC5D,11q
SCARNA9,11q
SCGB1A1,11q
SCGB1C1,11p
SCGB1D1,11q
SCGB1D2,11q
SCGB1D4,11q
SCGB2A1,11q
SCGB2A2,11q
SCN2B,11q
SCN3B,11q
SCN4B,11q
SCT,11p
SCUBE2,11p
SCYL1,11q
SDHAF2,11q
SDHD,11q
SEC14L1P1,11p
SELENOH,11q
SENCR,11q
SEPTIN7P11,11p
SERGEF,11p
SERPING1,11q
SERPINH1,11q
SESN3,11q
SF1,11q
SF3B2,11q
SHANK2,11q
SHANK2-AS1,11q
SHANK2-AS3,11q
SIAE,11q
SIDT2,11q
SIGIRR,11p
SIK2,11q
SIK3,11q
SIPA1,11q
SIRT3,11p
SLC15A3,11q
SLC17A6,11p
SLC1A2,11p
SLC22A10,11q
SLC22A11,11q
SLC22A12,11q
SLC22A18,11p
SLC22A18AS,11p
SLC22A20P,11q
SLC22A24,11q
SLC22A25,11q
SLC22A6,11q
SLC22A8,11q
SLC22A9,11q
SLC25A22,11p
SLC25A45,11q
SLC25A51P4,11p
SLC29A2,11q
SLC35C1,11p
SLC35F2,11q
SLC36A4,11q
SLC37A2,11q
SLC37A4,11q
SLC39A13,11p
SLC3A2,11q
SLC43A1,11q
SLC43A3,11q
SLC5A12,11p
SLC6A5,11p
SLCO2B1,11q
SLN,11q
SMCO4,11q
SMIM35,11q
SMIM38,11q
SMPD1,11p
SMTNL1,11q
SNHG1,11q
SNORA1,11q
SNORA18,11q
SNORA23,11p
SNORA25,11q
SNORA32,11q
SNORA3A,11p
SNORA3B,11p
SNORA40,11q
SNORA52,11p
SNORA54,11p
SNORA57,11q
SNORA70E,11q
SNORA8,11q
SNORA88,11p
SNORD131,11p
SNORD13F,11q
SNORD13I,11q
SNORD147,11p
SNORD14A,11p
SNORD14B,11p
SNORD14C,11q
SNORD14D,11q
SNORD14E,11q
SNORD150,11q
SNORD153,11q
SNORD15A,11q
SNORD15B,11q
SNORD164,11p
SNORD22,11q
SNORD25,11q
SNORD26,11q
SNORD27,11q
SNORD28,11q
SNORD29,11q
SNORD30,11q
SNORD31,11q
SNORD5,11q
SNORD6,11q
SNORD67,11p
SNORD97,11p
SNX15,11q
SNX19,11q
SNX32,11q
SORL1,11q
SOX6,11p
SPA17,11q
SPATA19,11q
SPCS2,11q
SPDYC,11q
SPI1,11p
SPINDOC,11q
SPON1,11p
SPTBN2,11q
SPTY2D1,11p
SPTY2D1OS,11p
SRPRA,11q
SRSF8,11q
SSH3,11q
SSRP1,11q
ST14,11q
ST3GAL4,11q
STARD10,11q
STIM1,11p
STIP1,11q
STK33,11p
STT3A,11q
STT3A-AS1,11q
STX3,11q
STX5,11q
SVIP,11p
SWAP70,11p
SYT12,11q
SYT13,11p
SYT7,11q
SYT8,11p
SYT9,11p
SYTL2,11q
SYVN1,11q
TAF10,11p
TAF1D,11q
TAF6L,11q
TAGLN,11q
TALAM1,11q
TALDO1,11p
TBC1D10C,11q
TBCEL,11q
TBCEL-TECTA,11q
TBRG1,11q
TBX10,11q
TCIRG1,11q
TCN1,11q
TCP11L1,11p
TEAD1,11p
TECTA,11q
TENM4,11q
TESMIN,11q
TEX12,11q
TH,11p
THAP12,11q
THRSP,11q
THY1,11q
THYN1,11q
TIGD3,11q
TIMM10,11q
TIMM10B,11p
TIMM8B,11q
TIRAP,11q
TKFC,11q
TLCD5,11q
TM7SF2,11q
TMEM109,11q
TMEM123,11q
TMEM126A,11q
TMEM126B,11q
TMEM132A,11q
TMEM134,11q
TMEM135,11q
TMEM138,11q
TMEM151A,11q
TMEM179B,11q
TMEM216,11q
TMEM218,11q
TMEM223,11q
TMEM225,11q
TMEM25,11q
TMEM258,11q
TMEM262,11q
TMEM41B,11p
TMEM45B,11q
TMEM80,11p
TMEM86A,11p
TMEM9B,11p
TMEM9B-AS1,11p
TMPRSS13,11q
TMPRSS4,11q
TMPRSS5,11q
TMX2,11q
TMX2-CTNND1,11q
TNKS1BP1,11q
TNNI2,11p
TNNT3,11p
TOLLIP,11p
TOLLIP-AS1,11p
TP53AIP1,11q
TP53I11,11p
TPBGL,11q
TPCN2,11q
TPH1,11p
TPP1,11p
TRAF6,11p
TRAPPC4,11q
TREH,11q
TRIM21,11p
TRIM22,11p
TRIM29,11q
TRIM3,11p
TRIM34,11p
TRIM44,11p
TRIM48,11q
TRIM49,11q
TRIM49B,11p
TRIM49C,11q
TRIM49D1,11q
TRIM49D2,11q
TRIM5,11p
TRIM51,11q
TRIM51EP,11q
TRIM51HP,11q
TRIM53AP,11q
TRIM6,11p
TRIM6-TRIM34,11p
TRIM64,11q
TRIM64B,11q
TRIM64C,11p
TRIM66,11p
TRIM68,11p
TRIM77,11q
TRMT112,11q
TRPC2,11p
TRPC6,11q
TRPM5,11p
TRPT1,11q
TSG101,11p
TSGA10IP,11q
TSKU,11q
TSPAN18,11p
TSPAN32,11p
TSPAN4,11p
TSSC2,11p
TSSC4,11p
TTC12,11q
TTC17,11p
TTC36,11q
TTC9C,11q
TUB,11p
TUB-AS1,11p
TUT1,11q
TYR,11q
UBASH3B,11q
UBE2L6,11q
UBE4A,11q
UBQLN3,11p
UBQLNL,11p
UBTFL1,11q
UBXN1,11q
UCP2,11q
UCP3,11q
UEVLD,11p
UNC93B1,11q
UPK2,11q
UQCC3,11q
USH1C,11p
USP2,11q
USP2-AS1,11q
USP28,11q
USP35,11q
USP47,11p
UVRAG,11q
UVRAG-DT,11q
VEGFB,11q
VPS11,11q
VPS26B,11q
VPS37C,11q
VPS51,11q
VSIG10L2,11q
VSIG2,11q
VSTM5,11q
VWA5A,11q
VWCE,11q
WDR74,11q
WEE1,11p
WNT11,11q
WT1,11p
WT1-AS,11p
WTAPP1,11q
XRRA1,11q
YAP1,11q
YIF1A,11q
YPEL4,11q
ZBED5,11p
ZBED5-AS1,11p
ZBTB16,11q
ZBTB3,11q
ZBTB44,11q
ZBTB44-DT,11q
ZC3H12C,11q
ZDHHC13,11p
ZDHHC24,11q
ZDHHC5,11q
ZFP91,11q
ZFP91-CNTF,11q
ZFPL1,11q
ZNF143,11p
ZNF195,11p
ZNF202,11q
ZNF214,11p
ZNF215,11p
ZNF408,11p
ZNF705E,11q
ZNHIT2,11q
ZNRD2,11q
ZNRD2-AS1,11q
ZP1,11q
ZPR1,11q
ZW10,11q
A2M,12p
A2M-AS1,12p
A2ML1,12p
A2MP1,12p
AAAS,12q
AACS,12q
ABCB9,12q
ABCC9,12p
ABCD2,12q
ACACB,12q
ACAD10,12q
ACADS,12q
ACRBP,12p
ACSM4,12p
ACSS3,12q
ACTR6,12q
ACVR1B,12q
ACVRL1,12q
ADAMTS20,12q
ADCY6,12q
ADCY6-DT,12q
ADGRD1,12q
ADGRD1-AS1,12q
ADIPOR2,12p
AEBP2,12p
AGAP2,12q
AGAP2-AS1,12q
AICDA,12p
AKAP3,12p
ALDH1L2,12q
ALDH2,12q
ALG10,12p
ALG10B,12q
ALKBH2,12q
ALX1,12q
AMDHD1,12q
AMHR2,12q
AMIGO2,12q
AMN1,12p
ANAPC5,12q
ANAPC7,12q
ANHX,12q
ANKLE2,12q
ANKRD13A,12q
ANKRD33,12q
ANKRD52,12q
ANKS1B,12q
ANO2,12p
ANO4,12q
ANO6,12q
ANP32D,12q
APAF1,12q
APOBEC1,12p
APOF,12q
APOLD1,12p
APPL2,12q
AQP2,12q
AQP5,12q
AQP6,12q
ARF3,12q
ARHGAP9,12q
ARHGDIB,12p
ARHGEF25,12q
ARID2,12q
ARL1,12q
ARL6IP4,12q
ARNTL2,12p
ARNTL2-AS1,12p
ARPC3,12q
ART4,12p
ASB8,12q
ASCL1,12q
ASCL4,12q
ASIC1,12q
ATF1,12q
ATF7,12q
ATF7-NPFF,12q
ATF7IP,12p
ATG101,12q
ATN1,12p
ATP23,12q
ATP2A2,12q
ATP2B1,12q
ATP2B1-AS1,12q
ATP5F1B,12q
ATP5MC2,12q
ATP6V0A2,12q
ATXN2,12q
ATXN2-AS,12q
ATXN7L3B,12q
AVIL,12q
AVPR1A,12q
B3GNT4,12q
B4GALNT1,12q
B4GALNT3,12p
BAZ2A,12q
BBS10,12q
BCAT1,12p
BCDIN3D,12q
BCDIN3D-AS1,12q
BCL2L14,12p
BCL7A,12q
BEST3,12q
BHLHE41,12p
BICD1,12p
BICDL1,12q
BIN2,12q
BLOC1S1,12q
BLOC1S1-RDH5,12q
BORCS5,12p
BRAP,12q
BRI3BP,12q
BTBD11,12q
BTG1,12q
C12orf29,12q
C12orf4,12p
C12orf40,12q
C12orf42,12q
C12orf43,12q
C12orf45,12q
C12orf50,12q
C12orf54,12q
C12orf56,12q
C12orf57,12p
C12orf60,12p
C12orf65,12q
C12orf66,12q
C12orf71,12p
C12orf73,12q
C12orf75,12q
C12orf76,12q
C12orf77,12p
C1QL4,12q
C1R,12p
C1RL,12p
C1RL-AS1,12p
C1S,12p
C2CD5,12p
C3AR1,12p
CABP1,12q
CACNA1C,12p
CACNA1C-AS1,12p
CACNA1C-AS2,12p
CACNA1C-AS4,12p
CACNA1C-IT2,12p
CACNA1C-IT3,12p
CACNA2D4,12p
CACNB3,12q
CALCOCO1,12q
CAMKK2,12q
CAND1,12q
CAPRIN2,12p
CAPS2,12q
CAPZA3,12p
CASC18,12q
CBX5,12q
CCDC184,12q
CCDC38,12q
CCDC59,12q
CCDC60,12q
CCDC62,12q
CCDC63,12q
CCDC65,12q
CCDC77,12p
CCDC91,12p
CCDC92,12q
CCER1,12q
CCND2,12p
CCND2-AS1,12p
CCNT1,12q
CCT2,12q
CD163,12p
CD163L1,12p
CD27,12p
CD27-AS1,12p
CD4,12p
CD63,12q
CD69,12p
CD9,12p
CDCA3,12p
CDK17,12q
CDK2,12q
CDK2AP1,12q
CDK4,12q
CDKN1B,12p
CELA1,12q
CEP290,12q
CEP83,12q
CEP83-DT,12q
CERS5,12q
CFAP251,12q
CFAP54,12q
CFAP73,12q
CFAP94,12p
CHD4,12p
CHFR,12q
CHPT1,12q
CHST11,12q
CISTR,12q
CIT,12q
CKAP4,12q
CLEC12A,12p
CLEC12A-AS1,12p
CLEC12B,12p
CLEC1A,12p
CLEC1B,12p
CLEC2A,12p
CLEC2B,12p
CLEC2D,12p
CLEC4A,12p
CLEC4C,12p
CLEC4D,12p
CLEC4E,12p
CLEC6A,12p
CLEC7A,12p
CLEC9A,12p
CLECL1,12p
CLIP1,12q
CLIP1-AS1,12q
CLLU1,12q
CLLU1-AS1,12q
CLSTN3,12p
CMAS,12p
CMKLR1,12q
CNOT2,12q
CNPY2,12q
CNTN1,12q
COL2A1,12q
COPS7A,12p
COPZ1,12q
COQ10A,12q
COQ5,12q
CORO1C,12q
COX14,12q
COX6A1,12q
CPM,12q
CPNE8,12q
CPSF6,12q
CRACR2A,12p
CRADD,12q
CREBL2,12p
CRY1,12q
CS,12q
CSAD,12q
CSRNP2,12q
CSRP2,12q
CTDSP2,12q
CUX2,12q
CYP27B1,12q
DAO,12q
DAZAP2,12q
DBX2,12q
DCD,12q
DCN,12q
DCP1B,12p
DCTN2,12q
DDIT3,12q
DDN,12q
DDN-AS1,12q
DDX11,12p
DDX11-AS1,12p
DDX12P,12p
DDX23,12q
DDX47,12p
DDX51,12q
DDX54,12q
DDX55,12q
DENND5B,12p
DENND5B-AS1,12p
DENR,12q
DEPDC4,12q
DERA,12p
DGKA,12q
DHH,12q
DHX37,12q
DIABLO,12q
DIP2B,12q
DNAH10,12q
DNAJC14,12q
DNAJC22,12q
DNM1L,12p
DPPA3,12p
DPY19L2,12q
DRAM1,12q
DSTNP2,12p
DTX1,12q
DTX3,12q
DUSP16,12p
DUSP6,12q
DYNLL1,12q
DYRK2,12q
DYRK4,12p
E2F7,12q
EEA1,12q
EEF1AKMT3,12q
EID3,12q
EIF2B1,12q
EIF2S3B,12p
EIF4B,12q
ELK3,12q
EMG1,12p
EMP1,12p
ENDOU,12q
ENO2,12p
EP400,12q
EP400P1,12q
EPS8,12p
EPYC,12q
ERBB3,12q
ERC1,12p
ERGIC2,12p
ERP27,12p
ERP29,12q
ESPL1,12q
ESYT1,12q
ETFBKMT,12p
ETFRF1,12p
ETNK1,12p
ETV6,12p
FAIM2,12q
FAM186A,12q
FAM186B,12q
FAM216A,12q
FAM222A,12q
FAM222A-AS1,12q
FAM234B,12p
FAM66C,12p
FAM71C,12q
FAM86FP,12p
FAM90A1,12p
FAR2,12p
FBRSL1,12q
FBXL14,12p
FBXO21,12q
FBXW8,12q
FGD4,12p
FGD6,12q
FGF23,12p
FGF6,12p
FGFR1OP2,12p
FICD,12q
FIGNL2,12q
FIGNL2-DT,12q
FKBP11,12q
FKBP4,12p
FLJ12825,12q
FLJ13224,12p
FMNL3,12q
FOXJ2,12p
FOXM1,12p
FOXN4,12q
FRS2,12q
FZD10,12q
FZD10-AS1,12q
GABARAPL1,12p
GALNT4,12q
GALNT6,12q
GALNT8,12p
GALNT9,12q
GAPDH,12p
GAS2L3,12q
GATC,12q
GAU1,12p
GCN1,12q
GDF11,12q
GDF3,12p
GIHCG,12q
GIT2,12q
GLI1,12q
GLIPR1,12q
GLIPR1L1,12q
GLIPR1L2,12q
GLS2,12q
GLT1D1,12q
GLT8D2,12q
GLTP,12q
GLYCAM1,12q
GNB3,12p
GNPTAB,12q
GNS,12q
GOLGA2P5,12q
GOLGA3,12q
GOLT1B,12p
GPD1,12q
GPN3,12q
GPR162,12p
GPR182,12q
GPR19,12p
GPR84,12q
GPRC5A,12p
GPRC5D,12p
GPRC5D-AS1,12p
GRIN2B,12p
GRIP1,12q
GSG1,12p
GTF2H3,12q
GTSF1,12q
GUCY2C,12p
GXYLT1,12q
GYS2,12p
H1-7,12q
H2AJ,12p
H3-5,12p
H4-16,12p
HAL,12q
HCAR1,12q
HCAR2,12q
HCAR3,12q
HCFC2,12q
HDAC7,12q
HEBP1,12p
HECTD4,12q
HELB,12q
HIGD1C,12q
HIP1R,12q
HMGA2,12q
HMGA2-AS1,12q
HNF1A,12q
HNF1A-AS1,12q
HNRNPA1,12q
HOTAIR,12q
HOXC-AS1,12q
HOXC-AS2,12q
HOXC-AS3,12q
HOXC10,12q
HOXC11,12q
HOXC12,12q
HOXC13,12q
HOXC13-AS,12q
HOXC4,12q
HOXC5,12q
HOXC6,12q
HOXC8,12q
HOXC9,12q
HPD,12q
HRK,12q
HSD17B6,12q
HSP90B1,12q
HSPB8,12q
HTR7P1,12p
HVCN1,12q
IAPP,12p
IFFO1,12p
IFNG,12q
IFNG-AS1,12q
IFT81,12q
IGF1,12q
IGFBP6,12q
IKBIP,12q
IKZF4,12q
IL22,12q
IL23A,12q
IL26,12q
IL31,12q
ING4,12p
INHBC,12q
INHBE,12q
INTS13,12p
IPO8,12p
IQCD,12q
IQSEC3,12p
IRAG2,12p
IRAK3,12q
IRAK4,12q
ISCU,12q
ITFG2,12p
ITFG2-AS1,12p
ITGA5,12q
ITGA7,12q
ITGB7,12q
ITPR2,12p
KANSL2,12q
KCCAT198,12q
KCNA1,12p
KCNA5,12p
KCNA6,12p
KCNC2,12q
KCNH3,12q
KCNJ8,12p
KCNMB4,12q
KCTD10,12q
KDM2B,12q
KDM5A,12p
KERA,12q
KIF21A,12q
KIF5A,12q
KITLG,12q
KLHL42,12p
KLRA1P,12p
KLRB1,12p
KLRC1,12p
KLRC2,12p
KLRC3,12p
KLRC4,12p
KLRC4-KLRK1,12p
KLRD1,12p
KLRF1,12p
KLRF2,12p
KLRG1,12p
KLRK1,12p
KLRK1-AS1,12p
KMT2D,12q
KMT5A,12q
KNTC1,12q
KRAS,12p
KRR1,12q
KRT1,12q
KRT18,12q
KRT19P2,12q
KRT2,12q
KRT3,12q
KRT4,12q
KRT5,12q
KRT6A,12q
KRT6B,12q
KRT6C,12q
KRT7,12q
KRT7-AS,12q
KRT71,12q
KRT72,12q
KRT73,12q
KRT73-AS1,12q
KRT74,12q
KRT75,12q
KRT76,12q
KRT77,12q
KRT78,12q
KRT79,12q
KRT8,12q
KRT80,12q
KRT81,12q
KRT82,12q
KRT83,12q
KRT84,12q
KRT85,12q
KRT86,12q
KRT87P,12q
KSR2,12q
LACRT,12q
LAG3,12p
LALBA,12q
LARP4,12q
LDHB,12p
LEMD3,12q
LETMD1,12q
LGR5,12q
LHX5,12q
LHX5-AS1,12q
LIMA1,12q
LIN7A,12q
LINC00173,12q
LINC00477,12p
LINC00485,12q
LINC00507,12q
LINC00508,12q
LINC00592,12q
LINC00612,12p
LINC00615,12q
LINC00934,12q
LINC00937,12p
LINC00938,12q
LINC00939,12q
LINC00940,12p
LINC00941,12p
LINC00942,12p
LINC00943,12q
LINC00944,12q
LINC00987,12p
LINC01089,12q
LINC01234,12q
LINC01252,12p
LINC01257,12q
LINC01405,12q
LINC01465,12q
LINC01479,12q
LINC01486,12q
LINC01489,12p
LINC01490,12q
LINC01498,12q
LINC01559,12p
LINC01619,12q
LINC02156,12q
LINC02231,12q
LINC02258,12q
LINC02347,12q
LINC02350,12q
LINC02359,12q
LINC02361,12q
LINC02366,12p
LINC02367,12p
LINC02368,12q
LINC02369,12q
LINC02370,12q
LINC02372,12q
LINC02375,12q
LINC02376,12q
LINC02378,12p
LINC02381,12q
LINC02384,12q
LINC02387,12p
LINC02388,12q
LINC02389,12q
LINC02392,12q
LINC02393,12q
LINC02395,12q
LINC02396,12q
LINC02397,12q
LINC02398,12p
LINC02399,12q
LINC02400,12q
LINC02401,12q
LINC02402,12q
LINC02403,12q
LINC02405,12q
LINC02408,12q
LINC02410,12q
LINC02411,12q
LINC02412,12q
LINC02414,12q
LINC02415,12q
LINC02417,12p
LINC02418,12q
LINC02419,12q
LINC02420,12q
LINC02421,12q
LINC02422,12p
LINC02423,12q
LINC02424,12q
LINC02425,12q
LINC02426,12q
LINC02439,12q
LINC02441,12q
LINC02443,12p
LINC02444,12q
LINC02446,12p
LINC02449,12p
LINC02450,12q
LINC02451,12q
LINC02453,12q
LINC02454,12q
LINC02458,12q
LINC02459,12q
LINC02461,12q
LINC02468,12p
LINC02470,12p
LINC02471,12q
LINC02617,12p
LINC02825,12q
LINC02874,12q
LINC02882,12q
LLPH,12q
LLPH-DT,12q
LMBR1L,12q
LMNTD1,12p
LMO3,12p
LNCOG,12q
LOC100128253,12p
LOC100128276,12q
LOC100130075,12q
LOC100130238,12q
LOC100130268,12q
LOC100240734,12q
LOC100240735,12q
LOC100287944,12q
LOC100288798,12q
LOC100335030,12q
LOC100505978,12q
LOC100506551,12q
LOC100506606,12p
LOC100506691,12q
LOC100506869,12q
LOC100507065,12q
LOC100507250,12q
LOC100652999,12q
LOC100996671,12q
LOC101593348,12q
LOC101927267,12q
LOC101927318,12q
LOC101927583,12q
LOC101928002,12q
LOC101928030,12p
LOC101928416,12q
LOC101928441,12p
LOC101928530,12q
LOC101928617,12q
LOC101928731,12q
LOC101928937,12q
LOC101929058,12q
LOC101929162,12q
LOC102723544,12p
LOC102724020,12p
LOC102724050,12q
LOC102724421,12q
LOC105369187,12q
LOC105369595,12p
LOC105369632,12p
LOC105369691,12p
LOC105369728,12p
LOC105369747,12q
LOC105369781,12q
LOC105369879,12q
LOC105369911,12q
LOC105369921,12q
LOC105369945,12q
LOC105369980,12q
LOC105370024,12q
LOC105370068,12q
LOC107984507,12p
LOC283335,12q
LOC283387,12q
LOC374443,12p
LOC408186,12p
LOC414300,12q
LOC440084,12p
LOC574538,12p
LOC642846,12p
LOC643339,12q
LOC645177,12p
LOC645485,12p
LOC728715,12p
LOC728739,12q
LOC729291,12p
LOH12CR2,12p
LPAR5,12p
LPCAT3,12p
LRCOL1,12q
LRIG3,12q
LRP1,12q
LRP1-AS,12q
LRP6,12p
LRRC10,12q
LRRC23,12p
LRRC43,12q
LRRIQ1,12q
LRRK2,12q
LRTM2,12p
LTA4H,12q
LTBR,12p
LUM,12q
LYZ,12q
M6PR,12p
MAGOHB,12p
MANSC1,12p
MANSC4,12p
MAP1LC3B2,12q
MAP3K12,12q
MAPKAPK5,12q
MAPKAPK5-AS1,12q
MARCHF9,12q
MARS1,12q
MBD6,12q
MCRS1,12q
MDM1,12q
MDM2,12q
MED13L,12q
MED21,12p
METAP2,12q
METTL1,12q
METTL25,12q
METTL7A,12q
METTL7B,12q
MFAP5,12p
MFSD5,12q
MGAT4C,12q
MGP,12p
MGST1,12p
MIP,12q
MIR10527,12q
MIR1178,12q
MIR1228,12q
MIR1244-1,5q
MIR1244-2,5q
MIR1244-3,5q
MIR1244-4,5q
MIR1251,12q
MIR1252,12q
MIR1279,12q
MIR1291,12q
MIR1293,12q
MIR1302-1,12q
MIR135A2,12q
MIR141,12p
MIR148B,12q
MIR1827,12q
MIR196A2,12q
MIR200C,12p
MIR200CHG,12p
MIR26A2,12q
MIR3059,12q
MIR3198-2,12q
MIR331,12q
MIR3612,12q
MIR3649,12p
MIR3652,12q
MIR3657,12q
MIR3685,12q
MIR3908,12q
MIR3913-1,12q
MIR3913-2,12q
MIR3922,12q
MIR3974,12p
MIR4302,12p
MIR4303,12q
MIR4304,12q
MIR4472-2,12q
MIR4494,12q
MIR4495,12q
MIR4496,12q
MIR4497,12q
MIR4498,12q
MIR4698,12q
MIR4699,12q
MIR4700,12q
MIR4701,12q
MIR492,12q
MIR5188,12q
MIR548AQ,3q
MIR548C,12q
MIR548Z,12q
MIR5700,12q
MIR6074,12q
MIR6125,12q
MIR613,12p
MIR614,12p
MIR615,12q
MIR616,12q
MIR617,12q
MIR618,12q
MIR619,12q
MIR620,12q
MIR6502,12q
MIR6505,12q
MIR6757,12q
MIR6758,12q
MIR6759,12q
MIR6760,12q
MIR6761,12q
MIR6762,12q
MIR6763,12q
MIR6861,12q
MIR6880,12q
MIR7106,12q
MIR7107,12q
MIR7844,12q
MIR7851,12q
MIR8072,12q
MIR920,12p
MIR9898,12q
MIR9902-1,12q
MIR9902-2,12q
MIRLET7I,12q
MKRN9P,12q
MLEC,12q
MLF2,12p
MLXIP,12q
MMAB,12q
MMP17,12q
MMP19,12q
MON2,12q
MORN3,12q
MPHOSPH9,12q
MRPL42,12q
MRPL51,12p
MRPS35,12p
MRS2P2,12q
MSI1,12q
MSRB3,12q
MTERF2,12q
MUC19,12q
MUCL1,12q
MVK,12q
MYBPC1,12q
MYF5,12q
MYF6,12q
MYG1,12q
MYL2,12q
MYL6,12q
MYL6B,12q
MYO1A,12q
MYO1H,12q
MYRFL,12q
NAA25,12q
NAB2,12q
NABP2,12q
NACA,12q
NANOG,12p
NANOGNB,12p
NAP1L1,12q
NAV3,12q
NCAPD2,12p
NCKAP1L,12q
NCKAP5L,12q
NCOR2,12q
NDUFA12,12q
NDUFA4L2,12q
NDUFA9,12p
NECAP1,12p
NEDD1,12q
NELL2,12q
NEMP1,12q
NEUROD4,12q
NFE2,12q
NFYB,12q
NINJ2,12p
NINJ2-AS1,12p
NOC4L,12q
NOP2,12p
NOS1,12q
NPFF,12q
NR1H4,12q
NR2C1,12q
NR4A1,12q
NRAV,12q
NRIP2,12p
NT5DC3,12q
NTF3,12p
NTN4,12q
NTS,12q
NUAK1,12q
NUDT4,12q
NUP107,12q
NUP37,12q
NXPH4,12q
OAS1,12q
OAS2,12q
OAS3,12q
OASL,12q
OGFOD2,12q
OLR1,12p
OR10A7,12q
OR10AD1,12q
OR10P1,12q
OR2AP1,12q
OR6C1,12q
OR6C2,12q
OR6C3,12q
OR6C4,12q
OR6C6,12q
OR6C65,12q
OR6C68,12q
OR6C70,12q
OR6C74,12q
OR6C75,12q
OR6C76,12q
OR7E47P,12q
OR8S1,12q
OR9K2,12q
ORAI1,12q
ORMDL2,12q
OS9,12q
OSBPL8,12q
OTOGL,12q
OVCH1,12p
OVCH1-AS1,12p
OVOS2,12p
P2RX2,12q
P2RX4,12q
P2RX7,12q
P3H3,12p
PA2G4,12q
PAFAH1B2P2,12q
PAH,12q
PAN2,12q
PARP11,12p
PARPBP,12q
PAWR,12q
PCBP2,12q
PCBP2-OT1,12q
PCED1B,12q
PCED1B-AS1,12q
PDE1B,12q
PDE3A,12p
PDE6H,12p
PDZRN4,12q
PEBP1,12q
PEX5,12p
PFDN5,12q
PFKM,12q
PGAM1P5,12q
PGAM5,12q
PHB2,12p
PHC1,12p
PHETA1,12q
PHLDA1,12q
PIANP,12p
PIK3C2G,12p
PIP4K2C,12q
PITPNM2,12q
PITPNM2-AS1,12q
PIWIL1,12q
PKP2,12p
PLA2G1B,12q
PLBD1,12p
PLBD1-AS1,12p
PLBD2,12q
PLCZ1,12p
PLEKHA5,12p
PLEKHA8P1,12q
PLEKHG6,12p
PLEKHG7,12q
PLXNC1,12q
PMCH,12q
PMEL,12q
POC1B,12q
POC1B-AS1,12q
POC1B-GALNT4,12q
POLE,12q
POLR3B,12q
POP5,12q
POU5F1P3,12p
POU6F1,12q
PPFIA2,12q
PPFIA2-AS1,12q
PPFIBP1,12p
PPHLN1,12q
PPM1H,12q
PPP1CC,12q
PPP1R12A,12q
PPP1R12A-AS1,12q
PPP1R1A,12q
PPTC7,12q
PRANCR,12q
PRB1,12p
PRB2,12p
PRB3,12p
PRB4,12p
PRDM4,12q
PRH1,12p
PRH1-PRR4,12p
PRH1-TAS2R14,12p
PRH2,12p
PRICKLE1,12q
PRIM1,12q
PRKAB1,12q
PRKAG1,12q
PRMT8,12p
PRPF40B,12q
PRPH,12q
PRR13,12q
PRR4,12p
PSMD9,12q
PTGES3,12q
PTHLH,12p
PTMS,12p
PTPN11,12q
PTPN6,12p
PTPRB,12q
PTPRO,12p
PTPRQ,12q
PTPRR,12q
PUS1,12q
PUS7L,12q
PWP1,12q
PXMP2,12q
PXN,12q
PXN-AS1,12q
PYM1,12q
PYROXD1,12p
PZP,12p
R3HDM2,12q
RAB21,12q
RAB35,12q
RAB3IP,12q
RAB5B,12q
RACGAP1,12q
RACGAP1P1,12q
RAD51AP1,12p
RAD52,12p
RAD9B,12q
RAN,12q
RAP1B,12q
RAPGEF3,12q
RARG,12q
RASAL1,12q
RASSF3,12q
RASSF8,12p
RASSF8-AS1,12p
RASSF9,12q
RBM19,12q
RBMS2,12q
RBP5,12p
RDH16,12q
RDH5,12q
RECQL,12p
REP15,12p
RERG,12p
RERG-AS1,12p
RERGL,12p
RESF1,12p
RFC5,12q
RFLNA,12q
RFX4,12q
RHEBL1,12q
RHNO1,12p
RHOF,12q
RIC8B,12q
RILPL1,12q
RILPL2,12q
RIMBP2,12q
RIMKLB,12p
RITA1,12q
RMST,12q
RND1,12q
RNF10,12q
RNF34,12q
RNF41,12q
RNFT2,12q
RNU4-1,12q
RNU4-2,12q
RNU7-1,12p
RPAP3,12q
RPH3A,12q
RPL13AP20,12p
RPL13P5,12p
RPL41,12q
RPL6,12q
RPLP0,12q
RPS26,12q
RPSAP52,12q
RSRC2,12q
RXYLT1,12q
RXYLT1-AS1,12q
SARNP,12q
SART3,12q
SBNO1,12q
SBNO1-AS1,12q
SCAF11,12q
SCARB1,12q
SCARNA10,12p
SCARNA11,12p
SCARNA12,12p
SCAT2,12q
SCN8A,12q
SCNN1A,12p
SCYL2,12q
SDR9C7,12q
SDS,12q
SDSL,12q
SELPLG,12q
SENP1,12q
SETD1B,12q
SFSWAP,12q
SH2B3,12q
SHMT2,12q
SINHCAF,12p
SIRT4,12q
SKP1P2,12p
SLC11A2,12q
SLC15A4,12q
SLC15A5,12p
SLC16A7,12q
SLC17A8,12q
SLC25A3,12q
SLC26A10,12q
SLC2A13,12q
SLC2A14,12p
SLC2A3,12p
SLC35E3,12q
SLC38A1,12q
SLC38A2,12q
SLC38A4,12q
SLC39A5,12q
SLC41A2,12q
SLC48A1,12q
SLC4A8,12q
SLC5A8,12q
SLC6A12,12p
SLC6A12-AS1,12p
SLC6A13,12p
SLC6A15,12q
SLC8B1,12q
SLC9A7P1,12q
SLCO1A2,12p
SLCO1B1,12p
SLCO1B3,12p
SLCO1B3-SLCO1B7,12p
SLCO1B7,12p
SLCO1C1,12p
SMAGP,12q
SMARCC2,12q
SMARCD1,12q
SMCO2,12p
SMCO3,12p
SMIM10L1,12p
SMIM41,12q
SMUG1,12q
SNORA105C,12q
SNORA113,12q
SNORA120,12p
SNORA2A,12q
SNORA2B,12q
SNORA2C,12q
SNORA49,12q
SNORA53,12q
SNORA70G,12q
SNORA9B,12q
SNORD133,12q
SNORD59A,12q
SNORD59B,12q
SNRNP35,12q
SNRPF,12q
SOAT2,12q
SOCS2,12q
SOCS2-AS1,12q
SOX5,12p
SOX5-AS1,12p
SP1,12q
SP7,12q
SPATS2,12q
SPIC,12q
SPPL3,12q
SPRING1,12q
SPRYD3,12q
SPRYD4,12q
SPSB2,12p
SPX,12p
SRGAP1,12q
SRRM4,12q
SRSF9,12q
SSH1,12q
SSPN,12p
ST8SIA1,12p
STAB2,12q
STAC3,12q
STAT2,12q
STAT6,12q
STK38L,12p
STRAP,12p
STX2,12q
STYK1,12p
SUDS3,12q
SUOX,12q
SVOP,12q
SYCP3,12q
SYT1,12q
SYT10,12p
TAC3,12q
TAFA2,12q
TAMALIN,12q
TAMALIN-AS1,12q
TAOK3,12q
TAPBPL,12p
TARBP2,12q
TAS2R10,12p
TAS2R13,12p
TAS2R14,12p
TAS2R19,12p
TAS2R20,12p
TAS2R30,12p
TAS2R31,12p
TAS2R42,12p
TAS2R43,12p
TAS2R46,12p
TAS2R50,12p
TAS2R7,12p
TAS2R8,12p
TAS2R9,12p
TBC1D15,12q
TBC1D30,12q
TBK1,12q
TBX3,12q
TBX5,12q
TBX5-AS1,12q
TCHP,12q
TCP11L2,12q
TCTN1,12q
TCTN2,12q
TDG,12q
TEAD4,12p
TESC,12q
TESC-AS1,12q
TESPA1,12q
TEX49,12q
TEX52,12p
TFCP2,12q
THAP2,12q
THCAT155,12p
THRIL,12q
TIGAR,12p
TIMELESS,12q
TM7SF3,12p
TMBIM4,12q
TMBIM6,12q
TMCC3,12q
TMED2,12q
TMED2-DT,12q
TMEM106C,12q
TMEM116,12q
TMEM117,12q
TMEM119,12q
TMEM120B,12q
TMEM132B,12q
TMEM132C,12q
TMEM132D,12q
TMEM132D-AS1,12q
TMEM132D-AS2,12q
TMEM19,12q
TMEM198B,12q
TMEM233,12q
TMEM263,12q
TMEM52B,12p
TMPO,12q
TMPO-AS1,12q
TMPRSS12,12q
TMTC1,12p
TMTC2,12q
TMTC3,12q
TNFRSF1A,12p
TNS2,12q
TPCN1,12q
TPH2,12q
TPI1,12p
TRAFD1,12q
TRHDE,12q
TRHDE-AS1,12q
TRIAP1,12q
TROAP,12q
TRPV4,12q
TSFM,12q
TSPAN11,12p
TSPAN19,12q
TSPAN31,12q
TSPAN8,12q
TSPAN9,12p
TTC41P,12q
TUBA1A,12q
TUBA1B,12q
TUBA1C,12q
TULP3,12p
TWF1,12q
TXNRD1,12q
UBC,12q
UBE2N,12q
UBE3B,12q
UHRF1BP1L,12q
ULK1,12q
UNC119B,12q
UNG,12q
USP15,12q
USP30,12q
USP30-AS1,12q
USP44,12q
USP5,12p
UTP20,12q
VAMP1,12p
VDR,12q
VEZT,12q
VPS29,12q
VPS33A,12q
VPS37B,12q
VSIG10,12q
VWF,12p
WASH8P,12p
WASHC3,12q
WASHC4,12q
WBP11,12p
WIF1,12q
WNK1,12p
WNT1,12q
WNT10B,12q
WNT5B,12p
WSB2,12q
WSCD2,12q
XLOC_009911,12q
XPOT,12q
YAF2,12q
YARS2,12p
YBX3,12p
YEATS4,12q
ZBTB39,12q
ZC3H10,12q
ZCCHC8,12q
ZCRB1,12q
ZDHHC17,12q
ZFC3H1,12q
ZNF10,12q
ZNF140,12q
ZNF26,12q
ZNF268,12q
ZNF384,12p
ZNF385A,12q
ZNF605,12q
ZNF641,12q
ZNF664,12q
ZNF664-RFLNA,12q
ZNF705A,12p
ZNF740,12q
ZNF84,12q
ZNF84-DT,12q
ZNF891,12q
ABCC4,13q
ABHD13,13q
ACOD1,13q
ADPRHL1,13q
AKAP11,13q
ALG11,13q
ALG5,13q
ALOX5AP,13q
AMER2,13q
ANKRD10,13q
ANKRD20A19P,13q
ANKRD20A9P,13q
ANKRD26P3,13q
ARGLU1,13q
ARHGEF7,13q
ARHGEF7-AS1,13q
ARHGEF7-AS2,13q
ARL11,13q
ATP11A,13q
ATP11A-AS1,13q
ATP11AUN,13q
ATP12A,13q
ATP4B,13q
ATP7B,13q
ATP8A2,13q
ATXN8OS,13q
B3GLCT,13q
BASP1P1,13q
BIVM,13q
BIVM-ERCC5,13q
BORA,13q
BRCA2,13q
BTF3P11,13q
C13orf42,13q
C13orf46,13q
C1QTNF9,13q
C1QTNF9B,13q
CAB39L,13q
CARS2,13q
CBY2,13q
CCDC122,13q
CCDC168,13q
CCDC169,13q
CCDC169-SOHLH2,13q
CCDC70,13q
CCNA1,13q
CDADC1,13q
CDC16,13q
CDK8,13q
CDX2,13q
CENPJ,13q
CHAMP1,13q
CKAP2,13q
CLDN10,13q
CLDN10-AS1,13q
CLN5,13q
CLYBL,13q
CLYBL-AS1,13q
CLYBL-AS2,13q
CNMD,13q
COG3,13q
COG6,13q
COL4A1,13q
COL4A2,13q
COL4A2-AS1,13q
COL4A2-AS2,13q
COMMD6,13q
CPB2,13q
CPB2-AS1,13q
CRYL1,13q
CSNK1A1L,13q
CTAGE10P,13q
CTAGE11P,13q
CUL4A,13q
CYSLTR2,13q
DACH1,13q
DAOA,13q
DAOA-AS1,13q
DCLK1,13q
DCT,13q
DCUN1D2,13q
DGKH,13q
DHRS12,13q
DIAPH3,13q
DIAPH3-AS1,13q
DIAPH3-AS2,13q
DIS3,13q
DLEU1,13q
DLEU1-AS1,13q
DLEU2,13q
DLEU7,13q
DLEU7-AS1,13q
DNAJC15,13q
DNAJC3,13q
DNAJC3-DT,13q
DOCK9,13q
DOCK9-AS1,13q
DOCK9-DT,13q
DZIP1,13q
EBPL,13q
EDNRB,13q
EDNRB-AS1,13q
EEF1AKMT1,13q
EEF1DP3,13q
EFNB2,13q
ELF1,13q
ENOX1,13q
ENOX1-AS2,13q
EPSTI1,13q
ERCC5,13q
ERICH6B,13q
ESD,13q
EXOSC8,13q
F10,13q
F10-AS1,13q
F7,13q
FAM124A,13q
FAM155A,13q
FAM155A-IT1,13q
FAM216B,13q
FAM230C,13q
FARP1,13q
FBXL3,13q
FGF14,13q
FGF14-AS1,13q
FGF14-AS2,13q
FGF14-IT1,13q
FGF9,13q
FKSG29,13q
FLT1,13q
FLT3,13q
FNDC3A,13q
FOXO1,13q
FREM2,13q
FREM2-AS1,13q
FRY,13q
FRY-AS1,13q
GAS6,13q
GAS6-AS1,13q
GAS6-DT,13q
GGACT,13q
GJA3,13q
GJB2,13q
GJB6,13q
GPALPP1,13q
GPC5,13q
GPC5-AS1,13q
GPC5-AS2,13q
GPC6,13q
GPC6-AS1,13q
GPC6-AS2,13q
GPR12,13q
GPR18,13q
GPR180,13q
GPR183,13q
GRK1,13q
GRK6P1,13q
GRTP1,13q
GRTP1-AS1,13q
GSX1,13q
GTF2F2,13q
GTF3A,13q
GUCY1B2,13q
HMGB1,13q
HNRNPA1L2,13q
HS6ST3,13q
HSPH1,13q
HTR2A,13q
HTR2A-AS1,13q
IFT88,13q
IL17D,13q
ING1,13q
INTS6,13q
INTS6-AS1,13q
IPO5,13q
IRS2,13q
ITGBL1,13q
ITM2B,13q
KATNAL1,13q
KBTBD6,13q
KBTBD7,13q
KCNRG,13q
KCTD12,13q
KCTD4,13q
KL,13q
KLF12,13q
KLF5,13q
KLHL1,13q
KPNA3,13q
LACC1,13q
LAMP1,13q
LATS2,13q
LCP1,13q
LHFPL6,13q
LIG4,13q
LINC00297,13q
LINC00327,13q
LINC00330,13q
LINC00331,13q
LINC00332,13q
LINC00333,13q
LINC00343,13q
LINC00347,13q
LINC00348,13q
LINC00350,13q
LINC00351,13q
LINC00353,13q
LINC00354,13q
LINC00355,13q
LINC00358,13q
LINC00359,13q
LINC00363,13q
LINC00364,13q
LINC00365,13q
LINC00366,13q
LINC00367,13q
LINC00368,13q
LINC00373,13q
LINC00374,13q
LINC00375,13q
LINC00376,13q
LINC00377,13q
LINC00378,13q
LINC00379,13q
LINC00380,13q
LINC00381,13q
LINC00382,13q
LINC00383,13q
LINC00384,13q
LINC00390,13q
LINC00392,13q
LINC00395,13q
LINC00396,13q
LINC00397,13q
LINC00398,13q
LINC00399,13q
LINC00400,13q
LINC00402,13q
LINC00407,13q
LINC00408,13q
LINC00410,13q
LINC00411,13q
LINC00412,13q
LINC00415,13q
LINC00417,13q
LINC00421,13q
LINC00423,13q
LINC00424,13q
LINC00426,13q
LINC00428,13q
LINC00430,13q
LINC00431,13q
LINC00433,13q
LINC00434,13q
LINC00437,13q
LINC00440,13q
LINC00442,13q
LINC00443,13q
LINC00445,13q
LINC00446,13q
LINC00448,13q
LINC00449,13q
LINC00452,13q
LINC00454,13q
LINC00456,13q
LINC00457,13q
LINC00458,13q
LINC00459,13q
LINC00460,13q
LINC00462,13q
LINC00463,13q
LINC00539,13q
LINC00540,13q
LINC00543,13q
LINC00544,13q
LINC00545,13q
LINC00547,13q
LINC00548,13q
LINC00550,13q
LINC00551,13q
LINC00552,13q
LINC00554,13q
LINC00557,13q
LINC00558,13q
LINC00559,13q
LINC00560,13q
LINC00561,13q
LINC00562,13q
LINC00563,13q
LINC00564,13q
LINC00565,13q
LINC00566,13q
LINC00567,13q
LINC00571,13q
LINC00572,13q
LINC00598,13q
LINC00621,13q
LINC00676,13q
LINC01038,13q
LINC01039,13q
LINC01040,13q
LINC01043,13q
LINC01044,13q
LINC01046,13q
LINC01047,13q
LINC01048,13q
LINC01049,13q
LINC01050,13q
LINC01052,13q
LINC01053,13q
LINC01054,13q
LINC01055,13q
LINC01058,13q
LINC01065,13q
LINC01068,13q
LINC01069,13q
LINC01070,13q
LINC01072,13q
LINC01074,13q
LINC01075,13q
LINC01078,13q
LINC01080,13q
LINC01198,13q
LINC01232,13q
LINC01309,13q
LINC02333,13q
LINC02337,13q
LINC02338,13q
LINC02339,13q
LINC02341,13q
LINC02343,13q
LINC02344,13q
LMO7,13q
LMO7-AS1,13q
LMO7DN,13q
LMO7DN-IT1,13q
LNX2,13q
LOC100129307,13q
LOC100288208,13q
LOC100506016,13q
LOC101060553,13q
LOC101927248,13q
LOC101927284,13q
LOC101927437,13q
LOC101928697,13q
LOC101928730,13q
LOC101928764,13q
LOC101928841,13q
LOC101929140,13q
LOC101929259,13q
LOC101929657,13q
LOC102723345,13q
LOC102723968,13q
LOC105370203,13q
LOC105370295,13q
LOC105370361,13q
LOC105370362,13q
LOC107984132,13q
LOC112268114,13q
LOC112268117,13q
LOC647264,13q
LOC780529,13q
LPAR6,13q
LRCH1,13q
LRRC63,13q
MAB21L1,13q
MBNL2,13q
MCF2L,13q
MCF2L-AS1,13q
MED4,13q
MED4-AS1,13q
MEDAG,13q
METTL21C,13q
METTL21EP,13q
MICOS10P1,13q
MICU2,13q
MIPEP,13q
MIPEPP3,13q
MIR1267,13q
MIR1297,13q
MIR15A,13q
MIR16-1,13q
MIR17,13q
MIR17HG,13q
MIR18A,13q
MIR19A,13q
MIR19B1,13q
MIR20A,13q
MIR2276,13q
MIR2681,13q
MIR3168,13q
MIR3169,13q
MIR3170,13q
MIR320D1,13q
MIR3613,13q
MIR3665,13q
MIR4305,13q
MIR4306,13q
MIR4499,13q
MIR4500,13q
MIR4500HG,13q
MIR4501,13q
MIR4502,13q
MIR4703,13q
MIR4704,13q
MIR4705,13q
MIR5006,13q
MIR5007,13q
MIR548AR,13q
MIR548AS,13q
MIR548X2,13q
MIR5693,13q
MIR621,13q
MIR622,13q
MIR623,13q
MIR759,13q
MIR8073,13q
MIR8075,13q
MIR8079,13q
MIR92A1,13q
MLNR,13q
MPHOSPH8,13q
MRPL57,13q
MRPS31,13q
MRPS31P5,13q
MTIF3,13q
MTMR6,13q
MTRF1,13q
MTUS2,13q
MTUS2-AS1,13q
MYCBP2,13q
MYCBP2-AS1,13q
MYO16,13q
MYO16-AS1,13q
MZT1,13q
N4BP2L1,13q
N4BP2L2,13q
N4BP2L2-IT2,13q
NAA16,13q
NALCN,13q
NALCN-AS1,13q
NAXD,13q
NBEA,13q
NDFIP2,13q
NDFIP2-AS1,13q
NEK3,13q
NEK5,13q
NHLRC3,13q
NRAD1,13q
NUDT15,13q
NUFIP1,13q
NUP58,13q
OBI1,13q
OBI1-AS1,13q
OLFM4,13q
OR7E156P,13q
OR7E37P,13q
OXGR1,13q
PABPC3,13q
PAN3,13q
PAN3-AS1,13q
PARP4,13q
PCCA,13q
PCCA-AS1,13q
PCCA-DT,13q
PCDH17,13q
PCDH20,13q
PCDH8,13q
PCDH9,13q
PCDH9-AS2,13q
PCDH9-AS3,13q
PCDH9-AS4,13q
PCID2,13q
PCOTH,13q
PDS5B,13q
PDX1,13q
PHF11,13q
PIBF1,13q
PLUT,13q
POGLUT2,13q
POLR1D,13q
POMP,13q
POSTN,13q
POU4F1,13q
PRECSIT,13q
PROSER1,13q
PROZ,13q
PRR20A,13q
PRR20B,13q
PRR20C,13q
PRR20D,13q
PRR20E,13q
PSPC1,13q
RAB20,13q
RAP2A,13q
RASA3,13q
RASL11A,13q
RB1,13q
RB1-DT,13q
RBM26,13q
RBM26-AS1,13q
RCBTB1,13q
RCBTB2,13q
RFC3,13q
RFXAP,13q
RGCC,13q
RNASEH2B,13q
RNASEH2B-AS1,13q
RNF113B,13q
RNF17,13q
RNF6,13q
RUBCNL,13q
RXFP2,13q
SACS,13q
SACS-AS1,13q
SAP18,13q
SCEL,13q
SCEL-AS1,13q
SERP2,13q
SERPINE3,13q
SERTM1,13q
SETDB2,13q
SETDB2-PHF11,13q
SGCG,13q
SHISA2,13q
SIAH3,13q
SKA3,13q
SLAIN1,13q
SLC10A2,13q
SLC15A1,13q
SLC25A15,13q
SLC25A30,13q
SLC25A30-AS1,13q
SLC46A3,13q
SLC7A1,13q
SLITRK1,13q
SLITRK5,13q
SLITRK6,13q
SMAD9,13q
SMIM2,13q
SMIM2-AS1,13q
SMIM2-IT1,13q
SNORA107,13q
SNORA27,13q
SNORA31,13q
SNORA31B,13q
SNORD102,13q
SNORD13G,13q
SNORD31B,13q
SOHLH2,13q
SOX1,13q
SOX1-OT,13q
SOX21,13q
SOX21-AS1,13q
SPACA7,13q
SPART,13q
SPART-AS1,13q
SPATA13,13q
SPATA13-AS1,13q
SPRY2,13q
SPRYD7,13q
ST13P4,13q
STARD13,13q
STARD13-AS,13q
STK24,13q
STK24-AS1,13q
STOML3,13q
SUCLA2,13q
SUGT1,13q
SUGT1P3,13q
SUPT20H,13q
TBC1D4,13q
TDRD3,13q
TEX26,13q
TEX26-AS1,13q
TEX29,13q
TEX30,13q
TFDP1,13q
TGDS,13q
THSD1,13q
TM9SF2,13q
TMCO3,13q
TMEM255B,13q
TMEM272,13q
TMTC4,13q
TNFRSF19,13q
TNFSF11,13q
TNFSF13B,13q
TPP2,13q
TPT1,13q
TPT1-AS1,13q
TPTE2,13q
TPTE2P1,13q
TPTE2P3,13q
TPTE2P5,13q
TPTE2P6,13q
TRIM13,13q
TRPC4,13q
TSC22D1,13q
TSC22D1-AS1,13q
TUBA3C,13q
TUBGCP3,13q
TUSC8,13q
UBAC2,13q
UBAC2-AS1,13q
UBE2L5,13q
UBL3,13q
UCHL3,13q
UFM1,13q
UGGT2,13q
UPF3A,13q
URAD,13q
USP12,13q
USP12-AS1,13q
USP12-AS2,13q
USPL1,13q
UTP14C,13q
VPS36,13q
VWA8,13q
VWA8-AS1,13q
WASF3,13q
WBP4,13q
WDFY2,13q
XPO4,13q
ZAR1L,13q
ZC3H13,13q
ZDHHC20,13q
ZIC2,13q
ZIC5,13q
ZMYM2,13q
ZMYM5,13q
ABCD4,14q
ABHD12B,14q
ABHD4,14q
ACIN1,14q
ACOT1,14q
ACOT2,14q
ACOT4,14q
ACOT6,14q
ACTN1,14q
ACTN1-AS1,14q
ACTR10,14q
ACYP1,14q
ADAM20,14q
ADAM20P1,14q
ADAM21,14q
ADAM21P1,14q
ADAM6,14q
ADCK1,14q
ADCY4,14q
ADSS1,14q
AHNAK2,14q
AHSA1,14q
AJUBA,14q
AK7,14q
AKAP5,14q
AKAP6,14q
AKT1,14q
ALDH6A1,14q
ALKBH1,14q
AMN,14q
ANG,14q
ANGEL1,14q
ANKRD9,14q
AP1G2,14q
AP4S1,14q
AP5M1,14q
APEX1,14q
AREL1,14q
ARF6,14q
ARG2,14q
ARHGAP5,14q
ARHGAP5-AS1,14q
ARHGEF40,14q
ARID4A,14q
ARMH4,14q
ASB2,14q
ASPG,14q
ATG14,14q
ATG2B,14q
ATL1,14q
ATP5MPL,14q
ATP6V1D,14q
ATXN3,14q
BAG5,14q
BATF,14q
BAZ1A,14q
BBOF1,14q
BCL11B,14q
BCL2L2,14q
BCL2L2-PABPN1,14q
BDKRB1,14q
BDKRB2,14q
BEGAIN,14q
BMP4,14q
BMS1P17,22q
BMS1P18,22q
BMS1P22,22q
BRF1,14q
BRMS1L,14q
BTBD6,14q
BTBD7,14q
C14orf119,14q
C14orf132,14q
C14orf177,14q
C14orf178,14q
C14orf180,14q
C14orf28,14q
C14orf39,14q
C14orf93,14q
CALM1,14q
CARMIL3,14q
CATSPERB,14q
CBLN3,14q
CCDC175,14q
CCDC177,14q
CCDC196,14q
CCDC197,14q
CCDC198,14q
CCDC85C,14q
CCDC88C,14q
CCNB1IP1,14q
CCNK,14q
CDC42BPB,14q
CDCA4,14q
CDH24,14q
CDKL1,14q
CDKN3,14q
CEBPE,14q
CEP128,14q
CEP170B,14q
CFL2,14q
CGRRF1,14q
CHD8,14q
CHGA,14q
CHMP4A,14q
CHURC1,14q
CHURC1-FNTB,14q
CIDEB,14q
CINP,14q
CIPC,14q
CKB,14q
CLBA1,14q
CLEC14A,14q
CLMN,14q
CMA1,14q
CMTM5,14q
CNIH1,14q
COA8,14q
COCH,14q
COQ6,14q
COX16,14q
COX8C,14q
CPNE6,14q
CPSF2,14q
CRIP1,14q
CRIP2,14q
CTSG,14q
CYP46A1,14q
DAAM1,14q
DACT1,14q
DAD1,14q
DCAF11,14q
DCAF4,14q
DCAF5,14q
DDHD1,14q
DDX24,14q
DEGS2,14q
DGLUCY,14q
DHRS1,14q
DHRS2,14q
DHRS4,14q
DHRS4-AS1,14q
DHRS4L1,14q
DHRS4L2,14q
DHRS7,14q
DICER1,14q
DICER1-AS1,14q
DIO2,14q
DIO2-AS1,14q
DIO3,14q
DIO3OS,14q
DLGAP5,14q
DLK1,14q
DLST,14q
DMAC2L,14q
DNAAF2,14q
DNAL1,14q
DPF3,14q
DTD2,14q
DUXAP10,14q
DUXAP9,14q
DYNC1H1,14q
EAPP,14q
ECRP,14q
EDDM3A,14q
EDDM3B,14q
EFCAB11,14q
EFS,14q
EGLN3,14q
EIF2B2,14q
EIF2S1,14q
EIF5,14q
ELK2AP,14q
EMC9,14q
EML1,14q
EML5,14q
ENTPD5,14q
ERG28,14q
ERH,14q
ERO1A,14q
ESR2,14q
ESRRB,14q
EVL,14q
EXD2,14q
EXOC3L4,14q
EXOC5,14q
FAM161B,14q
FAM177A1,14q
FAM181A,14q
FAM181A-AS1,14q
FAM30A,14q
FAM71D,14q
FANCM,14q
FBLN5,14q
FBXO33,14q
FBXO34,14q
FCF1,14q
FERMT2,14q
FITM1,14q
FKBP3,14q
FLJ22447,14q
FLRT2,14q
FLVCR2,14q
FNTB,14q
FOS,14q
FOXA1,14q
FOXG1,14q
FOXG1-AS1,14q
FOXN3,14q
FOXN3-AS1,14q
FOXN3-AS2,14q
FRMD6,14q
FRMD6-AS1,14q
FRMD6-AS2,14q
FSCB,14q
FUT8,14q
FUT8-AS1,14q
G2E3,14q
G2E3-AS1,14q
GALC,14q
GALNT16,14q
GCH1,14q
GEMIN2,14q
GLRX5,14q
GMFB,14q
GMPR2,14q
GNG2,14q
GNPNAT1,14q
GOLGA5,14q
GON7,14q
GPATCH2L,14q
GPHB5,14q
GPHN,14q
GPR132,14q
GPR135,14q
GPR137C,14q
GPR33,14q
GPR65,14q
GPR68,14q
GPX2,14q
GSC,14q
GSC-DT,14q
GSKIP,14q
GSTZ1,14q
GTF2A1,14q
GZMB,14q
GZMH,14q
HAUS4,14q
HEATR4,14q
HEATR5A,14q
HECTD1,14q
HHIPL1,14q
HIF1A,14q
HIF1A-AS1,14q
HIF1A-AS2,14q
HIF1A-AS3,14q
HNRNPC,14q
HOMEZ,14q
HSP90AA1,14q
HSPA2,14q
IFI27,14q
IFI27L1,14q
IFI27L2,14q
IFT43,14q
IGBP1P1,14q
IL25,14q
INF2,14q
INSM2,14q
IPO4,14q
IRF2BPL,14q
IRF9,14q
ISCA2,14q
ISM2,14q
ITPK1,14q
ITPK1-AS1,14q
JAG2,14q
JDP2,14q
JKAMP,14q
JPH4,14q
KCNH5,14q
KCNK10,14q
KCNK13,14q
KHNYN,14q
KIAA0586,14q
KIF26A,14q
KLC1,14q
KLHDC1,14q
KLHDC2,14q
KLHL28,14q
KLHL33,14q
KTN1,14q
KTN1-AS1,14q
L2HGDH,14q
L3HYPDH,14q
LBHD2,14q
LGALS3,14q
LGMN,14q
LIN52,14q
LINC00216,14q
LINC00221,14q
LINC00226,14q
LINC00239,14q
LINC00517,14q
LINC00519,14q
LINC00520,14q
LINC00523,14q
LINC00524,14q
LINC00605,14q
LINC00609,14q
LINC00618,14q
LINC00637,14q
LINC00638,14q
LINC00639,14q
LINC00640,14q
LINC00641,14q
LINC00642,14q
LINC00643,14q
LINC00644,14q
LINC00645,14q
LINC00648,14q
LINC00677,14q
LINC00871,14q
LINC00911,14q
LINC01146,14q
LINC01147,14q
LINC01148,14q
LINC01220,14q
LINC01269,14q
LINC01297,14q
LINC01297-DUXAP10-NBEAP6,14q
LINC01303,14q
LINC01467,14q
LINC01500,14q
LINC01550,14q
LINC01551,14q
LINC01588,14q
LINC01599,14q
LINC01629,14q
LINC02274,14q
LINC02280,14q
LINC02282,14q
LINC02285,14q
LINC02287,14q
LINC02288,14q
LINC02289,14q
LINC02291,14q
LINC02292,14q
LINC02293,14q
LINC02294,14q
LINC02297,14q
LINC02298,14q
LINC02299,14q
LINC02301,14q
LINC02302,14q
LINC02303,14q
LINC02304,14q
LINC02308,14q
LINC02310,14q
LINC02311,14q
LINC02312,14q
LINC02313,14q
LINC02314,14q
LINC02315,14q
LINC02317,14q
LINC02318,14q
LINC02322,14q
LINC02323,14q
LINC02324,14q
LINC02325,14q
LINC02328,14q
LINC02329,14q
LINC02330,14q
LINC02332,14q
LINC02588,14q
LINC02691,14q
LMLN2,14q
LNCRNA-ATB,14q
LOC100288846,14q
LOC100289511,14q
LOC100506071,14q
LOC100506321,14q
LOC100506358,14q
LOC100506476,14q
LOC100507437,14q
LOC100508046,14q
LOC100996664,14q
LOC101926933,14q
LOC101927045,14q
LOC101927124,14q
LOC101927178,14q
LOC101927418,14q
LOC101927620,14q
LOC101927690,14q
LOC101928075,14q
LOC101928123,14q
LOC101928143,14q
LOC101928504,14q
LOC101928909,14q
LOC101929572,14q
LOC101929718,14q
LOC102723604,14q
LOC102723809,14q
LOC102724153,14q
LOC102724814,14q
LOC105370401,14q
LOC105370457,14q
LOC105370473,14q
LOC105370489,14q
LOC105370579,14q
LOC105370586,14q
LOC105370619,14q
LOC105370622,14q
LOC105370687,14q
LOC105370697,14q
LOC105370705,14q
LOC105370708,14q
LOC105378183,14q
LOC107984703,14q
LOC112268124,14q
LOC112268136,14q
LOC112268140,14q
LOC145474,14q
LOC254028,14q
LOC646548,14q
LOC728755,14q
LOC730202,14q
LRFN5,14q
LRP10,14q
LRR1,14q
LRRC74A,14q
LRRC9,14q
LTB4R,14q
LTB4R2,14q
LTBP2,14q
MAP3K9,14q
MAP4K5,14q
MAPK1IP1L,14q
MARK3,14q
MAX,14q
MBIP,14q
MDGA2,14q
MDP1,14q
MED6,14q
MEG3,14q
MEG8,14q
MEG9,14q
METTL17,14q
METTL3,14q
MGAT2,14q
MHRT,14q
MIA2,14q
MIDEAS,14q
MIPOL1,14q
MIR1185-1,14q
MIR1185-2,14q
MIR1193,14q
MIR1197,14q
MIR12121,14q
MIR1247,14q
MIR1260A,14q
MIR127,14q
MIR134,14q
MIR136,14q
MIR151B,14q
MIR154,14q
MIR203A,14q
MIR203B,14q
MIR208A,14q
MIR208B,14q
MIR2392,14q
MIR299,14q
MIR300,14q
MIR3171,14q
MIR3173,14q
MIR323A,14q
MIR323B,14q
MIR329-1,14q
MIR329-2,14q
MIR337,14q
MIR342,14q
MIR345,14q
MIR369,14q
MIR370,14q
MIR376A1,14q
MIR376A2,14q
MIR376B,14q
MIR376C,14q
MIR377,14q
MIR379,14q
MIR380,14q
MIR381,14q
MIR381HG,14q
MIR382,14q
MIR409,14q
MIR410,14q
MIR411,14q
MIR412,14q
MIR4307,14q
MIR4307HG,14q
MIR4308,14q
MIR4309,14q
MIR431,14q
MIR432,14q
MIR433,14q
MIR4503,14q
MIR4504,14q
MIR4505,14q
MIR4506,14q
MIR4507,14q
MIR4537,14q
MIR4538,14q
MIR4539,14q
MIR4706,14q
MIR4707,14q
MIR4708,14q
MIR4709,14q
MIR4710,14q
MIR485,14q
MIR487A,14q
MIR487B,14q
MIR493,14q
MIR494,14q
MIR495,14q
MIR496,14q
MIR5195,14q
MIR539,14q
MIR541,14q
MIR543,14q
MIR544A,14q
MIR548H1,14q
MIR548Y,14q
MIR5580,14q
MIR5586,14q
MIR5694,14q
MIR6076,14q
MIR624,14q
MIR625,14q
MIR654,14q
MIR655,14q
MIR656,14q
MIR665,14q
MIR668,14q
MIR6717,14q
MIR6764,14q
MIR6765,14q
MIR758,14q
MIR770,14q
MIR7703,14q
MIR7843,14q
MIR7855,14q
MIR8071-1,14q
MIR8071-2,14q
MIR889,14q
MIR9718,14q
MIS18BP1,14q
MLH3,14q
MMP14,14q
MNAT1,14q
MOAP1,14q
MOK,14q
MPP5,14q
MRPL52,14q
MTA1,14q
MTHFD1,14q
MYH6,14q
MYH7,14q
NAA30,14q
NDRG2,14q
NDUFB1,14q
NEDD8,14q
NEDD8-MDP1,14q
NEK9,14q
NEMF,14q
NFATC4,14q
NFKBIA,14q
NGB,14q
NGDN,14q
NID2,14q
NIN,14q
NKX2-1,14q
NKX2-1-AS1,14q
NKX2-8,14q
NOP9,14q
NOVA1,14q
NOXRED1,14q
NPAS3,14q
NPC2,14q
NRDE2,14q
NRL,14q
NRXN3,14q
NUBPL,14q
NUDT14,14q
NUMB,14q
NYNRIN,14q
OR10G2,14q
OR10G3,14q
OR11G2,14q
OR11H12,14q
OR11H2,14q
OR11H4,14q
OR11H6,14q
OR11H7,14q
OR4E1,14q
OR4E2,14q
OR4K1,14q
OR4K13,14q
OR4K14,14q
OR4K15,14q
OR4K17,14q
OR4K2,14q
OR4K3,14q
OR4K5,14q
OR4L1,14q
OR4M1,14q
OR4N2,14q
OR4N5,14q
OR4Q2,14q
OR4Q3,14q
OR5AU1,14q
OR6J1,14q
OR6S1,14q
OSGEP,14q
OTUB2,14q
OTX2,14q
OTX2-AS1,14q
OXA1L,14q
PABPN1,14q
PACS2,14q
PAPLN,14q
PAPOLA,14q
PARP2,14q
PAX9,14q
PCK2,14q
PCNX1,14q
PCNX4,14q
PELI2,14q
PGF,14q
PIGH,14q
PIP4P1,14q
PLD4,14q
PLEK2,14q
PLEKHD1,14q
PLEKHG3,14q
PLEKHH1,14q
PNMA1,14q
PNN,14q
PNP,14q
POLE2,14q
POMT2,14q
POTEG,14q
POTEH-AS1,22q
POTEM,14q
PPM1A,14q
PPP1R13B,14q
PPP1R36,14q
PPP1R3E,14q
PPP2R3C,14q
PPP2R5C,14q
PPP2R5E,14q
PPP4R3A,14q
PPP4R4,14q
PRIMA1,14q
PRKCH,14q
PRKD1,14q
PRMT5,14q
PRMT5-AS1,14q
PRORP,14q
PROX2,14q
PRPF39,14q
PSEN1,14q
PSMA3,14q
PSMA3-AS1,14q
PSMA6,14q
PSMB11,14q
PSMB5,14q
PSMC1,14q
PSMC6,14q
PSME1,14q
PSME2,14q
PTCSC3,14q
PTGDR,14q
PTGER2,14q
PTGR2,14q
PTPN21,14q
PYGL,14q
RAB15,14q
RAB2B,14q
RABGGTA,14q
RAD51B,14q
RALGAPA1,14q
RBM23,14q
RBM25,14q
RCOR1,14q
RD3L,14q
RDH11,14q
RDH12,14q
REC8,14q
REM2,14q
RGS6,14q
RHOJ,14q
RIN3,14q
RIOX1,14q
RIPK3,14q
RN7SL1,14q
RN7SL2,14q
RN7SL3,14q
RNASE1,14q
RNASE10,14q
RNASE11,14q
RNASE12,14q
RNASE13,14q
RNASE2,14q
RNASE3,14q
RNASE4,14q
RNASE6,14q
RNASE7,14q
RNASE8,14q
RNASE9,14q
RNF212B,14q
RNF31,14q
RPGRIP1,14q
RPL10L,14q
RPL13AP3,14q
RPL36AL,14q
RPPH1,14q
RPS29,14q
RPS6KA5,14q
RPS6KL1,14q
RTL1,14q
RTN1,14q
RTRAF,14q
SALL2,14q
SALRNA1,14q
SAMD15,14q
SAMD4A,14q
SAV1,14q
SCARNA13,14q
SCFD1,14q
SDR39U1,14q
SEC23A,14q
SEC23A-AS1,14q
SEL1L,14q
SERPINA1,14q
SERPINA10,14q
SERPINA11,14q
SERPINA12,14q
SERPINA13P,14q
SERPINA2,14q
SERPINA3,14q
SERPINA4,14q
SERPINA5,14q
SERPINA6,14q
SERPINA9,14q
SETD3,14q
SFTA3,14q
SGPP1,14q
SIPA1L1,14q
SIVA1,14q
SIX1,14q
SIX4,14q
SIX6,14q
SLC10A1,14q
SLC22A17,14q
SLC24A4,14q
SLC25A21,14q
SLC25A21-AS1,14q
SLC25A29,14q
SLC25A47,14q
SLC35F4,14q
SLC38A6,14q
SLC39A2,14q
SLC39A9,14q
SLC7A7,14q
SLC7A8,14q
SLC8A3,14q
SLIRP,14q
SMOC1,14q
SNAPC1,14q
SNHG10,14q
SNORA101B,14q
SNORA11B,14q
SNORA28,14q
SNORA79,14q
SNORA79B,14q
SNORA89,14q
SNORD112,14q
SNORD113-1,14q
SNORD113-2,14q
SNORD113-3,14q
SNORD113-4,14q
SNORD113-5,14q
SNORD113-6,14q
SNORD113-7,14q
SNORD113-8,14q
SNORD113-9,14q
SNORD114-1,14q
SNORD114-10,14q
SNORD114-11,14q
SNORD114-12,14q
SNORD114-13,14q
SNORD114-14,14q
SNORD114-15,14q
SNORD114-16,14q
SNORD114-17,14q
SNORD114-18,14q
SNORD114-19,14q
SNORD114-2,14q
SNORD114-20,14q
SNORD114-21,14q
SNORD114-22,14q
SNORD114-23,14q
SNORD114-24,14q
SNORD114-25,14q
SNORD114-26,14q
SNORD114-27,14q
SNORD114-28,14q
SNORD114-29,14q
SNORD114-3,14q
SNORD114-30,14q
SNORD114-31,14q
SNORD114-4,14q
SNORD114-5,14q
SNORD114-6,14q
SNORD114-7,14q
SNORD114-8,14q
SNORD114-9,14q
SNORD126,14q
SNORD127,14q
SNORD169,14q
SNORD3P3,14q
SNORD56B,14q
SNORD8,14q
SNORD9,14q
SNW1,14q
SNX6,14q
SOCS4,14q
SOS2,14q
SPATA7,14q
SPTB,14q
SPTLC2,14q
SPTSSA,14q
SRP54,14q
SRP54-AS1,14q
SRSF5,14q
SSTR1,14q
STON2,14q
STRN3,14q
STXBP6,14q
STYX,14q
SUPT16H,14q
SUSD6,14q
SYNDIG1L,14q
SYNE2,14q
SYNE3,14q
SYNJ2BP,14q
SYNJ2BP-COX16,14q
SYT16,14q
TBPL2,14q
TC2N,14q
TCL1A,14q
TCL1B,14q
TCL6,14q
TDP1,14q
TDRD9,14q
TECPR2,14q
TEDC1,14q
TEP1,14q
TEX21P,14q
TEX22,14q
TGFB3,14q
TGM1,14q
THTPA,14q
TIMM9,14q
TINF2,14q
TM9SF1,14q
TMED10,14q
TMED8,14q
TMEM121,14q
TMEM179,14q
TMEM229B,14q
TMEM251,14q
TMEM253,14q
TMEM260,14q
TMEM30B,14q
TMEM63C,14q
TMX1,14q
TNFAIP2,14q
TOGARAM1,14q
TOMM20L,14q
TOX4,14q
TPPP2,14q
TRAF3,14q
TRAPPC6B,14q
TRIM9,14q
TRIP11,14q
TRMT5,14q
TRMT61A,14q
TSHR,14q
TSSK4,14q
TTC5,14q
TTC6,14q
TTC7B,14q
TTC8,14q
TTC9,14q
TTLL5,14q
TUNAR,14q
TXNDC16,14q
UBR7,14q
UNC79,14q
VASH1,14q
VASH1-AS1,14q
VCPKMT,14q
VIPAS39,14q
VRK1,14q
VRTN,14q
VSX2,14q
VTI1B,14q
WARS1,14q
WDHD1,14q
WDR20,14q
WDR25,14q
WDR89,14q
XRCC3,14q
YLPM1,14q
YY1,14q
ZBTB1,14q
ZBTB25,14q
ZBTB42,14q
ZC2HC1C,14q
ZC3H14,14q
ZDHHC22,14q
ZFHX2,14q
ZFP36L1,14q
ZFYVE1,14q
ZFYVE21,14q
ZFYVE26,14q
ZNF219,14q
ZNF410,14q
ZNF839,14q
AAGAB,15q
ABHD17C,15q
ABHD2,15q
ACAN,15q
ACSBG1,15q
ACTC1,15q
ACTG1P17,15q
ADAL,15q
ADAM10,15q
ADAMTS17,15q
ADAMTS7,15q
ADAMTS7P1,15q
ADAMTSL3,15q
ADPGK,15q
ADPGK-AS1,15q
AEN,15q
AGBL1,15q
AGBL1-AS1,15q
AKAP13,15q
ALDH1A2,15q
ALDH1A3,15q
ALPK3,15q
ANKDD1A,15q
ANKRD34C,15q
ANKRD34C-AS1,15q
ANKRD63,15q
ANP32A,15q
ANP32A-IT1,15q
ANP32AP1,15q
ANPEP,15q
ANXA2,15q
AP3B2,15q
AP3S2,15q
AP4E1,15q
APBA2,15q
APH1B,15q
AQP9,15q
AQR,15q
ARHGAP11A,15q
ARHGAP11A-SCG5,15q
ARHGAP11B,15q
ARID3B,15q
ARIH1,15q
ARNT2,15q
ARPIN,15q
ARPIN-AP3S2,15q
ARPP19,15q
ARRDC4,15q
ASB7,15q
ASB9P1,15q
ATP10A,15q
ATP8B4,15q
AVEN,15q
B2M,15q
BAHD1,15q
BBS4,15q
BCL2A1,15q
BCL2L10,15q
BLM,15q
BLOC1S6,15q
BMF,15q
BNC1,15q
BNIP2,15q
BTBD1,15q
BUB1B,15q
BUB1B-PAK6,15q
C15orf32,15q
C15orf39,15q
C15orf40,15q
C15orf48,15q
C15orf54,15q
C15orf56,15q
C15orf61,15q
C15orf62,15q
C15orf65,15q
C2CD4A,15q
C2CD4B,15q
CA12,15q
CALML4,15q
CAPN3,15q
CATSPER2,15q
CATSPER2P1,15q
CCDC32,15q
CCDC33,15q
CCDC9B,15q
CCNB2,15q
CCNDBP1,15q
CCPG1,15q
CD276,15q
CDAN1,15q
CDIN1,15q
CELF6,15q
CEMIP,15q
CEP152,15q
CERNA1,15q
CERS3,15q
CERS3-AS1,15q
CFAP161,15q
CGNL1,15q
CHAC1,15q
CHASERR,15q
CHD2,15q
CHEK2P2,15q
CHP1,15q
CHRFAM7A,15q
CHRM5,15q
CHRNA3,15q
CHRNA5,15q
CHRNA7,15q
CHRNB4,15q
CHST14,15q
CHSY1,15q
CIAO2A,15q
CIB1,15q
CIB2,15q
CILP,15q
CKMT1A,15q
CKMT1B,15q
CLK3,15q
CLN6,15q
CLPX,15q
COMMD4,15q
COMMD4P1,15q
COMMD4P2,15q
COPS2,15q
CORO2B,15q
COX5A,15q
CPEB1,15q
CPEB1-AS1,15q
CPLX3,15q
CRABP1,15q
CRAT37,15q
CRTC3,15q
CRTC3-AS1,15q
CSK,15q
CSNK1A1P1,15q
CSNK1G1,15q
CSPG4,15q
CT62,15q
CTDSPL2,15q
CTSH,15q
CTXN2,15q
CTXND1,15q
CXADRP2,15q
CYFIP1,15q
CYP11A1,15q
CYP19A1,15q
CYP1A1,15q
CYP1A2,15q
DAPK2,15q
DCAF13P3,15q
DDX11L9,15q
DENND4A,15q
DET1,15q
DIS3L,15q
DISP2,15q
DLL4,15q
DMXL2,15q
DNAAF4,15q
DNAAF4-CCPG1,15q
DNAJA4,15q
DNAJC17,15q
DNM1P35,15q
DNM1P41,15q
DNM1P46,15q
DNM1P50,15q
DPH6,15q
DPH6-DT,15q
DPP8,15q
DRAIC,15q
DTWD1,15q
DUOX1,15q
DUOX2,15q
DUOXA1,15q
DUOXA2,15q
DUT,15q
EDC3,15q
EFL1,15q
EFL1P1,15q
EHD4,15q
EHD4-AS1,15q
EID1,15q
EIF2AK4,15q
EIF3J,15q
EIF3J-DT,15q
ELL3,15q
EMC4,15q
EMC7,15q
EPB42,15q
ETFA,15q
EWSAT1,15q
EXD1,15q
FAH,15q
FAM138E,15q
FAM169B,15q
FAM174B,15q
FAM189A1,15q
FAM214A,15q
FAM219B,15q
FAM227B,15q
FAM30C,15q
FAM81A,15q
FAM98B,15q
FAN1,15q
FANCI,15q
FBN1,15q
FBXL22,15q
FBXO22,15q
FEM1B,15q
FES,15q
FGF7,15q
FMN1,15q
FOXB1,15q
FRMD5,15q
FSD2,15q
FSIP1,15q
FURIN,15q
GABARAPL3,15q
GABPB1,15q
GABPB1-AS1,15q
GABPB1-IT1,15q
GABRA5,15q
GABRB3,15q
GABRG3,15q
GABRG3-AS1,15q
GALK2,15q
GANC,15q
GATM,15q
GCHFR,15q
GCNT3,15q
GCOM1,15q
GDPGP1,15q
GJD2,15q
GLCE,15q
GLDN,15q
GNB5,15q
GOLGA2P10,15q
GOLGA2P11,15q
GOLGA2P7,15q
GOLGA6A,15q
GOLGA6B,15q
GOLGA6C,15q
GOLGA6D,15q
GOLGA6L1,15q
GOLGA6L10,15q
GOLGA6L17P,15q
GOLGA6L2,15q
GOLGA6L22,15q
GOLGA6L3,15q
GOLGA6L4,15q
GOLGA6L5P,15q
GOLGA6L6,15q
GOLGA6L7,15q
GOLGA6L9,15q
GOLGA8A,15q
GOLGA8B,15q
GOLGA8CP,15q
GOLGA8DP,15q
GOLGA8EP,15q
GOLGA8F,15q
GOLGA8G,15q
GOLGA8H,15q
GOLGA8IP,15q
GOLGA8J,15q
GOLGA8K,15q
GOLGA8M,15q
GOLGA8N,15q
GOLGA8O,15q
GOLGA8Q,15q
GOLGA8R,15q
GOLGA8S,15q
GOLGA8T,15q
GOLM2,15q
GPR176,15q
GRAMD2A,15q
GREM1,15q
GTF2A2,15q
HACD3,15q
HAPLN3,15q
HAUS2,15q
HCN4,15q
HDC,15q
HDDC3,15q
HDGFL3,15q
HERC1,15q
HERC2,15q
HERC2P10,15q
HERC2P11,15q
HERC2P2,15q
HERC2P3,15q
HERC2P7,15q
HERC2P9,15q
HEXA,15q
HEXA-AS1,15q
HIGD2B,15q
HMG20A,15q
HMGN2P46,15q
HOMER2,15q
HSP90AB4P,15q
HSP90B2P,15q
HYKK,15q
HYPK,15q
ICE2,15q
IDH2,15q
IDH2-DT,15q
IDH3A,15q
IGDCC3,15q
IGDCC4,15q
IGF1R,15q
IGHV1OR15-1,15q
IGHV1OR15-3,15q
IL16,15q
IMP3,15q
INAFM2,15q
INO80,15q
INSYN1,15q
INSYN1-AS1,15q
INTS14,15q
IPW,15q
IQCH,15q
IQCH-AS1,15q
IQGAP1,15q
IRAIN,15q
IREB2,15q
ISG20,15q
ISL2,15q
ISLR,15q
ISLR2,15q
ITGA11,15q
ITPKA,15q
IVD,15q
JMJD7,15q
JMJD7-PLA2G4B,15q
KATNBL1,15q
KBTBD13,15q
KIF23,15q
KIF7,15q
KLF13,15q
KLHL25,15q
KNL1,15q
KNSTRN,15q
LACTB,15q
LARP6,15q
LCMT2,15q
LCTL,15q
LDHAL6B,15q
LEO1,15q
LINC00052,15q
LINC00593,15q
LINC00597,15q
LINC00923,15q
LINC00924,15q
LINC00926,15q
LINC00927,15q
LINC00928,15q
LINC00929,15q
LINC00930,15q
LINC00933,15q
LINC01169,15q
LINC01193,15q
LINC01197,15q
LINC01413,15q
LINC01491,15q
LINC01579,15q
LINC01580,15q
LINC01581,15q
LINC01582,15q
LINC01583,15q
LINC01584,15q
LINC01585,15q
LINC01586,15q
LINC01852,15q
LINC02203,15q
LINC02204,15q
LINC02205,15q
LINC02206,15q
LINC02207,15q
LINC02249,15q
LINC02251,15q
LINC02252,15q
LINC02254,15q
LINC02255,15q
LINC02256,15q
LINC02259,15q
LINC02345,15q
LINC02346,15q
LINC02348,15q
LINC02349,15q
LINC02351,15q
LINC02352,15q
LINC02490,15q
LINC02568,15q
LINC02694,15q
LINC02883,15q
LINGO1,15q
LINGO1-AS1,15q
LINGO1-AS2,15q
LINS1,15q
LIPC,15q
LIPC-AS1,15q
LMAN1L,15q
LOC100128108,15q
LOC100129540,15q
LOC100130111,15q
LOC100131315,15q
LOC100132202,15q
LOC100288203,15q
LOC100288637,15q
LOC100289656,15q
LOC100419583,15q
LOC100422556,15q
LOC100507472,15q
LOC100996413,15q
LOC101927079,15q
LOC101927310,15q
LOC101927751,15q
LOC101928042,15q
LOC101928174,15q
LOC101928414,15q
LOC101928725,15q
LOC101928907,15q
LOC101928988,15q
LOC101929076,15q
LOC101929439,15q
LOC101929457,15q
LOC101929479,15q
LOC101929586,15q
LOC102723335,15q
LOC102723493,15q
LOC102723534,15q
LOC102723623,15q
LOC102724034,15q
LOC102724135,15q
LOC102724452,15q
LOC102724760,15q
LOC102725021,15q
LOC103171574,15q
LOC104613533,15q
LOC105369201,15q
LOC105369212,15q
LOC105370792,15q
LOC105370802,15q
LOC105370829,15q
LOC105370941,15q
LOC105370943,15q
LOC105370954,15q
LOC105370980,15q
LOC105371031,15q
LOC105376731,15q
LOC107984784,15q
LOC145694,15q
LOC145783,15q
LOC145845,15q
LOC283665,15q
LOC283683,15q
LOC283710,15q
LOC283731,15q
LOC338963,15q
LOC400464,15q
LOC440300,15q
LOC440311,15q
LOC642131,15q
LOC645202,15q
LOC645752,15q
LOC646214,15q
LOC646938,15q
LOC727751,15q
LOC91450,15q
LOXL1,15q
LOXL1-AS1,15q
LPCAT4,15q
LRRC28,15q
LRRC49,15q
LRRC57,15q
LRRK1,15q
LTK,15q
LUNAR1,15q
LYSMD2,15q
LYSMD4,15q
MAGEL2,15q
MAN2A2,15q
MAN2C1,15q
MAP1A,15q
MAP2K1,15q
MAP2K5,15q
MAPK6,15q
MAPK6-DT,15q
MAPKBP1,15q
MCTP2,15q
MEF2A,15q
MEGF11,15q
MEIS2,15q
MESD,15q
MESP1,15q
MESP2,15q
MEX3B,15q
MFAP1,15q
MFGE8,15q
MGA,15q
MGC15885,15q
MINAR1,15q
MINDY2,15q
MIR10393,15q
MIR11181,15q
MIR1179,15q
MIR12135,15q
MIR1233-1,15q
MIR1233-2,15q
MIR1266,15q
MIR1268A,9q
MIR1272,15q
MIR1276,15q
MIR1282,15q
MIR1469,15q
MIR147B,15q
MIR184,15q
MIR190A,15q
MIR211,15q
MIR2116,15q
MIR3118-2,15q
MIR3118-3,15q
MIR3118-4,15q
MIR3174,15q
MIR3175,15q
MIR3529,15q
MIR3713,15q
MIR3942,15q
MIR422A,15q
MIR4310,15q
MIR4311,15q
MIR4312,15q
MIR4313,15q
MIR4508,15q
MIR4509-1,15q
MIR4509-2,15q
MIR4509-3,15q
MIR4510,15q
MIR4511,15q
MIR4512,15q
MIR4513,15q
MIR4514,15q
MIR4515,15q
MIR4712,15q
MIR4713,15q
MIR4713HG,15q
MIR4714,15q
MIR4715,15q
MIR4716,15q
MIR5009,15q
MIR5094,15q
MIR548AP,15q
MIR549A,15q
MIR5572,15q
MIR5701-1,15q
MIR5701-2,15q
MIR5701-3,15q
MIR6085,15q
MIR626,15q
MIR627,15q
MIR628,15q
MIR629,15q
MIR630,15q
MIR631,15q
MIR6766,15q
MIR6881,15q
MIR6882,15q
MIR7-2,15q
MIR7706,15q
MIR7973-1,15q
MIR7973-2,15q
MIR8063,15q
MIR8067,15q
MIR9-3,15q
MIR9-3HG,15q
MKRN3,15q
MNS1,15q
MORF4L1,15q
MPI,15q
MRPL42P5,15q
MRPL46,15q
MRPS11,15q
MTFMT,15q
MTHFS,15q
MTMR10,15q
MYEF2,15q
MYO1E,15q
MYO5A,15q
MYO5C,15q
MYO9A,15q
MYZAP,15q
NANOGP8,15q
NBEAP1,15q
NDN,15q
NDUFAF1,15q
NDUFAF4P1,15q
NEDD4,15q
NEIL1,15q
NEO1,15q
NF1P2,15q
NGRN,15q
NIPA1,15q
NIPA2,15q
NMB,15q
NOP10,15q
NOX5,15q
NPAP1,15q
NPTN,15q
NPTN-IT1,15q
NR2E3,15q
NR2F2,15q
NR2F2-AS1,15q
NRG4,15q
NSMCE3,15q
NTRK3,15q
NTRK3-AS1,15q
NUSAP1,15q
NUTM1,15q
OAZ2,15q
OCA2,15q
ODF3L1,15q
OIP5,15q
OIP5-AS1,15q
ONECUT1,15q
OR4F13P,15q
OR4F15,15q
OR4F4,15q
OR4F6,15q
OR4M2,15q
OR4N3P,15q
OR4N4,15q
OR4N4C,15q
OTUD7A,15q
PAK6,15q
PAQR5,15q
PARP16,15q
PARP6,15q
PATL2,15q
PCAT29,15q
PCLAF,15q
PCSK6,15q
PCSK6-AS1,15q
PDCD6IPP2,15q
PDCD7,15q
PDE8A,15q
PDIA3,15q
PEAK1,15q
PEX11A,15q
PGBD4,15q
PGPEP1L,15q
PHGR1,15q
PIAS1,15q
PIF1,15q
PIGB,15q
PIGBOS1,15q
PIN4P1,15q
PKM,15q
PLA2G4B,15q
PLA2G4D,15q
PLA2G4E,15q
PLA2G4E-AS1,15q
PLA2G4F,15q
PLCB2,15q
PLEKHO2,15q
PLIN1,15q
PML,15q
POLG,15q
POLR2M,15q
POTEB,15q
POTEB2,15q
POTEB3,15q
PPCDC,15q
PPIAP46,15q
PPIB,15q
PPIP5K1,15q
PPIP5K1P1-CATSPER2,15q
PPP1R14D,15q
PRC1,15q
PRC1-AS1,15q
PRKXP1,15q
PRTG,15q
PSMA4,15q
PSTPIP1,15q
PTPN9,15q
PWAR1,15q
PWAR4,15q
PWAR5,15q
PWAR6,15q
PWARSN,15q
PWRN1,15q
PWRN2,15q
PWRN3,15q
PWRN4,15q
PYGO1,15q
RAB11A,15q
RAB27A,15q
RAB8B,15q
RAD51,15q
RAD51-AS1,15q
RAMAC,15q
RASGRF1,15q
RASGRP1,15q
RASL12,15q
RBPMS2,15q
RCCD1,15q
RCN2,15q
REC114,15q
REREP3,15q
RFX7,15q
RGMA,15q
RHCG,15q
RHOV,15q
RLBP1,15q
RMDN3,15q
RNF111,15q
RNU5A-1,15q
RNU5B-1,15q
RORA,15q
RORA-AS1,15q
RORA-AS2,15q
RPAP1,15q
RPL4,15q
RPLP1,15q
RPP25,15q
RPS17,15q
RPS27L,15q
RPUSD2,15q
RSL24D1,15q
RTF1,15q
RYR3,15q
RYR3-DT,15q
SALRNA2,15q
SALRNA3,15q
SAXO2,15q
SCAMP2,15q
SCAMP5,15q
SCAND2P,15q
SCAPER,15q
SCARNA14,15q
SCARNA15,15q
SCG3,15q
SCG5,15q
SCG5-AS1,15q
SEC11A,15q
SECISBP2L,15q
SELENOS,15q
SEMA4B,15q
SEMA6D,15q
SEMA7A,15q
SENP8,15q
SERF2,15q
SERF2-C15ORF63,15q
SERINC4,15q
SH2D7,15q
SH3GL3,15q
SHC4,15q
SHF,15q
SIN3A,15q
SKOR1,15q
SLC12A1,15q
SLC12A6,15q
SLC24A1,15q
SLC24A5,15q
SLC27A2,15q
SLC28A1,15q
SLC28A2,15q
SLC30A4,15q
SLC51B,15q
SLCO3A1,15q
SLTM,15q
SMAD3,15q
SMAD6,15q
SNAP23,15q
SNAPC5,15q
SNHG14,15q
SNHG21,15q
SNORA24B,15q
SNORA41B,15q
SNORD107,15q
SNORD108,15q
SNORD109A,15q
SNORD109B,15q
SNORD115-1,15q
SNORD115-10,15q
SNORD115-11,15q
SNORD115-12,15q
SNORD115-13,15q
SNORD115-14,15q
SNORD115-15,15q
SNORD115-16,15q
SNORD115-17,15q
SNORD115-18,15q
SNORD115-19,15q
SNORD115-2,15q
SNORD115-20,15q
SNORD115-21,15q
SNORD115-22,15q
SNORD115-23,15q
SNORD115-24,15q
SNORD115-25,15q
SNORD115-26,15q
SNORD115-27,15q
SNORD115-28,15q
SNORD115-29,15q
SNORD115-3,15q
SNORD115-30,15q
SNORD115-31,15q
SNORD115-32,15q
SNORD115-33,15q
SNORD115-34,15q
SNORD115-35,15q
SNORD115-36,15q
SNORD115-37,15q
SNORD115-38,15q
SNORD115-39,15q
SNORD115-4,15q
SNORD115-40,15q
SNORD115-41,15q
SNORD115-42,15q
SNORD115-43,15q
SNORD115-44,15q
SNORD115-45,15q
SNORD115-46,15q
SNORD115-47,15q
SNORD115-48,15q
SNORD115-5,15q
SNORD115-6,15q
SNORD115-7,15q
SNORD115-8,15q
SNORD115-9,15q
SNORD116-1,15q
SNORD116-10,15q
SNORD116-11,15q
SNORD116-12,15q
SNORD116-13,15q
SNORD116-14,15q
SNORD116-15,15q
SNORD116-16,15q
SNORD116-17,15q
SNORD116-18,15q
SNORD116-19,15q
SNORD116-2,15q
SNORD116-20,15q
SNORD116-21,15q
SNORD116-22,15q
SNORD116-23,15q
SNORD116-24,15q
SNORD116-25,15q
SNORD116-26,15q
SNORD116-27,15q
SNORD116-28,15q
SNORD116-29,15q
SNORD116-3,15q
SNORD116-30,15q
SNORD116-4,15q
SNORD116-5,15q
SNORD116-6,15q
SNORD116-7,15q
SNORD116-8,15q
SNORD116-9,15q
SNORD13D,15q
SNORD13E,15q
SNORD16,15q
SNORD18A,15q
SNORD18B,15q
SNORD18C,15q
SNORD64,15q
SNRPA1,15q
SNRPN,15q
SNUPN,15q
SNURF,15q
SNX1,15q
SNX22,15q
SNX33,15q
SORD,15q
SORD2P,15q
SPATA41,15q
SPATA5L1,15q
SPATA8,15q
SPATA8-AS1,15q
SPESP1,15q
SPG11,15q
SPG21,15q
SPINT1,15q
SPINT1-AS1,15q
SPPL2A,15q
SPRED1,15q
SPTBN5,15q
SQOR,15q
SRP14,15q
SRP14-AS1,15q
ST20,15q
ST20-AS1,15q
ST20-MTHFS,15q
ST8SIA2,15q
STARD5,15q
STARD9,15q
STOML1,15q
STRA6,15q
STRC,15q
STRCP1,15q
SV2B,15q
SYNM,15q
TARS3,15q
TBC1D21,15q
TBC1D2B,15q
TCF12,15q
TERB2,15q
TEX9,15q
TGM5,15q
TGM7,15q
THAP10,15q
THBS1,15q
THSD4,15q
THSD4-AS1,15q
THSD4-AS2,15q
TICRR,15q
TIPIN,15q
TJP1,15q
TLE3,15q
TLN2,15q
TLNRD1,15q
TM2D3,15q
TM6SF1,15q
TMC3,15q
TMC3-AS1,15q
TMCO5A,15q
TMCO5B,15q
TMED3,15q
TMEM202,15q
TMEM202-AS1,15q
TMEM266,15q
TMEM62,15q
TMEM87A,15q
TMOD2,15q
TMOD3,15q
TNFAIP8L3,15q
TP53BP1,15q
TPM1,15q
TPM1-AS,15q
TRIM69,15q
TRIP4,15q
TRPM1,15q
TRPM7,15q
TSPAN3,15q
TTBK2,15q
TTC23,15q
TTLL13P,15q
TUBGCP4,15q
TUBGCP5,15q
TYRO3,15q
TYRO3P,15q
UACA,15q
UBAP1L,15q
UBE2Q2,15q
UBE2Q2L,15q
UBE2Q2P1,15q
UBE2Q2P2,15q
UBE3A,15q
UBL7,15q
UBL7-AS1,15q
UBR1,15q
ULK3,15q
ULK4P1,15q
ULK4P2,15q
ULK4P3,15q
UNC13C,15q
UNC45A,15q
USP3,15q
USP3-AS1,15q
USP50,15q
USP8,15q
VPS13C,15q
VPS18,15q
VPS33B,15q
VPS33B-DT,15q
VPS39,15q
WASH3P,15q
WDR61,15q
WDR72,15q
WDR73,15q
WDR76,15q
WDR93,15q
WHAMM,15q
WHAMMP1,15q
WHAMMP2,15q
WHAMMP3,15q
ZFAND6,15q
ZFYVE19,15q
ZNF106,15q
ZNF280D,15q
ZNF592,15q
ZNF609,15q
ZNF710,15q
ZNF710-AS1,15q
ZNF770,15q
ZNF774,15q
ZSCAN2,15q
ZSCAN29,15q
ZWILCH,15q
AARS1,16q
ABAT,16p
ABCA17P,16p
ABCA3,16p
ABCC1,16p
ABCC11,16q
ABCC12,16q
ABCC6,16p
ABCC6P1,16p
ABCC6P2,16p
ACD,16q
ACSF3,16q
ACSM1,16p
ACSM2A,16p
ACSM2B,16p
ACSM3,16p
ACSM5,16p
ADAD2,16q
ADAM3B,16q
ADAMTS18,16q
ADAT1,16q
ADCY7,16q
ADCY9,16p
ADGRG1,16q
ADGRG3,16q
ADGRG5,16q
AFG3L1P,16q
AGRP,16q
AHSP,16p
AKTIP,16q
ALDOA,16p
ALG1,16p
AMDHD2,16p
AMFR,16q
ANKRD11,16q
ANKRD26P1,16q
ANKS3,16p
ANKS4B,16p
ANTKMT,16p
AP1G1,16q
APOBR,16p
APOOP5,16q
APRT,16q
AQP8,16p
ARHGAP17,16p
ARHGDIG,16p
ARL2BP,16q
ARL6IP1,16p
ARLNC1,16q
ARMC5,16p
ASPHD1,16p
ATF7IP2,16p
ATMIN,16q
ATP2A1,16p
ATP2A1-AS1,16p
ATP2C2,16q
ATP2C2-AS1,16q
ATP6V0C,16p
ATP6V0D1,16q
ATXN1L,16q
ATXN2L,16p
AXIN1,16p
B3GNT9,16q
BAIAP3,16p
BANP,16q
BBS2,16q
BCAR1,16q
BCAR4,16p
BCKDK,16p
BCL7C,16p
BCO1,16q
BEAN1,16q
BEAN1-AS1,16q
BFAR,16p
BICDL2,16p
BMERB1,16p
BOLA2,16p
BOLA2-SMG1P6,16p
BOLA2B,16p
BRD7,16q
BRICD5,16p
C16orf46,16q
C16orf54,16p
C16orf70,16q
C16orf71,16p
C16orf72,16p
C16orf74,16q
C16orf78,16q
C16orf82,16p
C16orf86,16q
C16orf87,16q
C16orf89,16p
C16orf90,16p
C16orf91,16p
C16orf92,16p
C16orf95,16q
C16orf96,16p
C1QTNF8,16p
CA5A,16q
CA7,16q
CACNA1H,16p
CACNG3,16p
CALB2,16q
CAPN15,16p
CAPNS2,16q
CARHSP1,16p
CARMIL2,16q
CASC16,16q
CASC22,16q
CASKIN1,16p
CASP16P,16p
CBFA2T3,16q
CBFB,16q
CBLN1,16q
CCDC102A,16q
CCDC113,16q
CCDC154,16p
CCDC189,16p
CCDC78,16p
CCL17,16q
CCL22,16q
CCNF,16p
CCNYL3,16p
CCP110,16p
CD19,16p
CD2BP2,16p
CDH1,16q
CDH11,16q
CDH13,16q
CDH15,16q
CDH16,16q
CDH3,16q
CDH5,16q
CDH8,16q
CDIP1,16p
CDIPT,16p
CDIPTOSP,16p
CDK10,16q
CDR2,16p
CDT1,16q
CDYL2,16q
CEMP1,16p
CENPBD1,16q
CENPN,16q
CENPT,16q
CEP20,16p
CEROX1,16p
CES1,16q
CES1P1,16q
CES1P2,16q
CES2,16q
CES3,16q
CES4A,16q
CES5A,16q
CETP,16q
CFAP20,16q
CFDP1,16q
CHD9,16q
CHMP1A,16q
CHP2,16p
CHST4,16q
CHST5,16q
CHST6,16q
CHTF18,16p
CHTF8,16q
CIAO2B,16q
CIAO3,16p
CIAPIN1,16q
CIBAR2,16q
CIITA,16p
CKLF,16q
CKLF-CMTM1,16q
CLCN7,16p
CLDN6,16p
CLDN9,16p
CLEC16A,16p
CLEC18A,16q
CLEC18B,16q
CLEC18C,16q
CLEC19A,16p
CLEC3A,16q
CLN3,16p
CLUAP1,16p
CLUHP3,16p
CMC2,16q
CMIP,16q
CMTM1,16q
CMTM2,16q
CMTM3,16q
CMTM4,16q
CMTR2,16q
CNEP1R1,16q
CNGB1,16q
CNOT1,16q
CNTNAP4,16q
COG4,16q
COG7,16p
COG8,16q
COQ7,16p
COQ9,16q
CORO1A,16p
CORO7,16p
CORO7-PAM16,16p
COTL1,16q
COX4I1,16q
COX6A2,16p
CPHXL,16q
CPNE2,16q
CPNE7,16q
CPPED1,16p
CRAMP1,16p
CREBBP,16p
CRISPLD2,16q
CRNDE,16q
CRYM,16p
CRYM-AS1,16p
CSNK2A2,16q
CTCF,16q
CTF1,16p
CTRB1,16q
CTRB2,16q
CTRL,16q
CTU2,16q
CX3CL1,16q
CYB5B,16q
CYBA,16q
CYLD,16q
DBNDD1,16q
DCTN5,16p
DCTPP1,16p
DCUN1D3,16p
DDX11L10,16p
DDX19A,16q
DDX19B,16q
DDX28,16q
DECR2,16p
DEF8,16q
DERPC,16q
DEXI,16p
DHODH,16q
DHX38,16q
DKFZP434H168,16q
DNAAF1,16q
DNAH3,16p
DNAJA2,16q
DNAJA3,16p
DNASE1,16p
DNASE1L2,16p
DOC2A,16p
DOK4,16q
DPEP1,16q
DPEP2,16q
DPEP2NB,16q
DPEP3,16q
DRC7,16q
DUS2,16q
DUXB,16q
DYNC1LI2,16q
DYNLRB2,16q
E2F4,16q
E4F1,16p
EARS2,16p
ECI1,16p
EDC4,16q
EEF2K,16p
EEF2KMT,16p
EIF3C,16p
EIF3CL,16p
ELMO3,16q
ELOB,16p
EMC8,16q
EME2,16p
EMP2,16p
ENKD1,16q
ENPP7P13,16p
ERCC4,16p
ERI2,16p
ERN2,16p
ERVK13-1,16p
ESRP2,16q
EXOC3L1,16q
EXOSC6,16q
FA2H,16q
FAHD1,16p
FAM157C,16q
FAM234A,16p
FANCA,16q
FBRS,16p
FBXL16,16p
FBXL19,16p
FBXL19-AS1,16p
FBXL8,16q
FBXO31,16q
FCSK,16q
FENDRR,16q
FHOD1,16q
FLJ30679,16q
FLJ42627,16p
FLYWCH1,16p
FLYWCH2,16p
FOXC2,16q
FOXC2-AS1,16q
FOXF1,16q
FOXL1,16q
FRG2DP,16p
FRG2KP,16p
FTO,16q
FTO-IT1,16q
FUS,16p
GABARAPL2,16q
GALNS,16q
GAN,16q
GAS8,16q
GAS8-AS1,16q
GCSH,16q
GDE1,16p
GDPD3,16p
GFER,16p
GFOD2,16q
GGA2,16p
GINS2,16q
GINS3,16q
GLG1,16q
GLIS2,16p
GLIS2-AS1,16p
GLYR1,16p
GNAO1,16q
GNG13,16p
GNPTG,16p
GOT2,16q
GP2,16p
GPR139,16p
GPRC5B,16p
GPT2,16q
GRIN2A,16p
GSE1,16q
GSG1L,16p
GSPT1,16p
GTF3C1,16p
HAGH,16p
HAGHL,16p
HAS3,16q
HBA1,16p
HBA2,16p
HBM,16p
HBQ1,16p
HBZ,16p
HCCAT5,16q
HCFC1R1,16p
HEATR3,16q
HERC2P4,16p
HERPUD1,16q
HIRIP3,16p
HMOX2,16p
HP,16q
HPR,16q
HS3ST2,16p
HS3ST4,16p
HS3ST6,16p
HSBP1,16q
HSD11B2,16q
HSD17B2,16q
HSD3B7,16p
HSDL1,16q
HSF4,16q
HYDIN,16q
IFT140,16p
IGFALS,16p
IGSF6,16p
IL17C,16q
IL21R,16p
IL21R-AS1,16p
IL27,16p
IL32,16p
IL34,16q
IL4R,16p
INO80E,16p
IQCK,16p
IRF8,16q
IRX3,16q
IRX5,16q
IRX6,16q
IST1,16q
ITFG1,16q
ITFG1-AS1,16q
ITGAD,16p
ITGAL,16p
ITGAM,16p
ITGAX,16p
ITPRIPL2,16p
JMJD8,16p
JPH3,16q
JPT2,16p
KARS1,16q
KAT8,16p
KATNB1,16q
KATNIP,16p
KCNG4,16q
KCTD13,16p
KCTD19,16q
KCTD5,16p
KDM8,16p
KIAA0513,16q
KIAA0895L,16q
KIF22,16p
KIFC3,16q
KLHDC4,16q
KLHL36,16q
KNOP1,16p
KREMEN2,16p
LAT,16p
LCAT,16q
LCMT1,16p
LCMT1-AS1,16p
LCMT1-AS2,16p
LDHD,16q
LINC00235,16p
LINC00254,16p
LINC00304,16q
LINC00311,16q
LINC00514,16p
LINC00917,16q
LINC00919,16q
LINC00920,16q
LINC00921,16p
LINC00922,16q
LINC01081,16q
LINC01082,16q
LINC01177,16p
LINC01195,16p
LINC01227,16q
LINC01229,16q
LINC01290,16p
LINC01566,16p
LINC01567,16p
LINC01568,16q
LINC01569,16p
LINC01570,16p
LINC01571,16q
LINC01572,16q
LINC02124,16p
LINC02125,16q
LINC02126,16q
LINC02127,16q
LINC02130,16p
LINC02133,16q
LINC02134,16q
LINC02135,16q
LINC02136,16q
LINC02138,16q
LINC02139,16q
LINC02140,16q
LINC02141,16q
LINC02167,16p
LINC02168,16q
LINC02169,16q
LINC02175,16p
LINC02177,16p
LINC02178,16q
LINC02180,16q
LINC02181,16q
LINC02182,16q
LINC02185,16p
LINC02186,16p
LINC02188,16q
LINC02189,16q
LINC02190,16p
LINC02192,16q
LINC02194,16p
LINC02861,16p
LINC02867,16p
LITAF,16p
LMF1,16p
LMF1-AS1,16p
LOC100128079,16p
LOC100128770,16p
LOC100128882,16q
LOC100129617,16q
LOC100129697,16q
LOC100130283,16p
LOC100134368,16p
LOC100190986,16p
LOC100287036,16q
LOC100287175,16p
LOC100288162,16p
LOC100289580,16q
LOC100505915,16p
LOC100505942,16q
LOC100506083,16q
LOC100506281,16q
LOC101927131,16p
LOC101927272,16q
LOC101927480,16q
LOC101927793,16q
LOC101927814,16p
LOC101927817,16q
LOC101928035,16q
LOC101928417,16q
LOC101928446,16q
LOC101928557,16q
LOC101928595,16p
LOC101928659,16q
LOC101928682,16q
LOC101928708,16q
LOC101928737,16q
LOC101929613,16p
LOC102723373,16q
LOC102723385,16p
LOC102723655,16p
LOC102723692,16p
LOC102723753,16p
LOC102724084,16q
LOC102724163,16q
LOC102724467,16q
LOC105369266,16p
LOC105371038,16p
LOC105371046,16p
LOC105371049,16p
LOC105371083,16p
LOC105371267,16q
LOC105371328,16q
LOC105371335,16q
LOC105371414,16q
LOC105376772,16q
LOC106660606,16p
LOC106699570,16q
LOC107984813,16q
LOC112268173,16p
LOC112694756,16p
LOC283856,16q
LOC283922,16q
LOC339059,16q
LOC388242,16p
LOC388282,16q
LOC390705,16p
LOC400499,16p
LOC400541,16q
LOC400553,16q
LOC440346,16p
LOC554206,16p
LOC606724,16p
LOC613038,16p
LOC643802,16q
LOC652276,16p
LOC654780,16q
LOC729652,16p
LOC730183,16p
LONP2,16q
LPCAT2,16q
LRRC29,16q
LRRC36,16q
LUC7L,16p
LYRM1,16p
MAF,16q
MAFTRR,16q
MAP1LC3B,16q
MAPK3,16p
MAPK8IP3,16p
MARF1,16p
MARVELD3,16q
MAZ,16p
MBTPS1,16q
MC1R,16q
MCRIP2,16p
MEAK7,16q
MEFV,16p
MEIOB,16p
METRN,16p
METTL22,16p
METTL26,16p
METTL9,16p
MFSD13B,16p
MGRN1,16p
MIR11401,16q
MIR12128,16q
MIR1225,16p
MIR1273H,16p
MIR138-2,16q
MIR140,16q
MIR1538,16q
MIR1910,16q
MIR193B,16p
MIR193BHG,16p
MIR1972-1,16q
MIR1972-2,16q
MIR3176,16p
MIR3177,16p
MIR3178,16p
MIR3179-1,16p
MIR3179-2,16p
MIR3179-3,16p
MIR3179-4,16p
MIR3180-1,16p
MIR3180-2,16p
MIR3180-3,16p
MIR3180-4,16p
MIR3180-5,16p
MIR3181,16q
MIR3182,16q
MIR328,16q
MIR365A,16p
MIR3670-1,16p
MIR3670-2,16p
MIR3670-3,16p
MIR3670-4,16p
MIR3677,16p
MIR3680-1,16p
MIR3680-2,16p
MIR3935,16q
MIR4516,16p
MIR4517,16p
MIR4518,16p
MIR4519,16p
MIR4717,16p
MIR4718,16p
MIR4719,16q
MIR4720,16q
MIR4721,16p
MIR4722,16q
MIR484,16p
MIR5093,16q
MIR5189,16q
MIR548AI,6q
MIR548H2,16p
MIR548W,16p
MIR5587,16p
MIR6126,16p
MIR6504,16q
MIR6506,16p
MIR6511A1,16p
MIR6511A2,16p
MIR6511A3,16p
MIR6511A4,16p
MIR6511B1,16p
MIR6511B2,16p
MIR662,16p
MIR6767,16p
MIR6768,16p
MIR6769A,16p
MIR6770-1,16p
MIR6770-2,16p
MIR6770-3,16p
MIR6771,16q
MIR6772,16q
MIR6773,16q
MIR6774,16q
MIR6775,16q
MIR6862-1,16p
MIR6862-2,16p
MIR6863,16q
MIR762,16p
MIR762HG,16p
MIR7854,16q
MIR8058,16q
MIR8065,16p
MIR940,16p
MIR9901,16p
MLKL,16q
MLST8,16p
MLYCD,16q
MMP15,16q
MMP2,16q
MMP2-AS1,16q
MMP25,16p
MMP25-AS1,16p
MON1B,16q
MOSMO,16p
MPG,16p
MPHOSPH6,16q
MPV17L,16p
MRPL28,16p
MRPS34,16p
MRTFB,16p
MSLN,16p
MSRB1,16p
MT1A,16q
MT1B,16q
MT1DP,16q
MT1E,16q
MT1F,16q
MT1G,16q
MT1H,16q
MT1IP,16q
MT1JP,16q
MT1L,16q
MT1M,16q
MT1X,16q
MT2A,16q
MT3,16q
MT4,16q
MTHFSD,16q
MTRNR2L4,16p
MTSS2,16q
MVD,16q
MVP,16p
MYH11,16p
MYLK3,16q
MYLPF,16p
N4BP1,16q
NAA60,16p
NAE1,16q
NAGPA,16p
NAGPA-AS1,16p
NDE1,16p
NDRG4,16q
NDUFAB1,16p
NDUFB10,16p
NECAB2,16q
NETO2,16q
NFAT5,16q
NFATC2IP,16p
NFATC3,16q
NHLRC4,16p
NIP7,16q
NKD1,16q
NLRC3,16p
NLRC5,16q
NME3,16p
NME4,16p
NMRAL1,16p
NOB1,16q
NOD2,16q
NOL3,16q
NOMO1,16p
NOMO2,16p
NOMO3,16p
NOXO1,16p
NPIPA1,16p
NPIPA2,16p
NPIPA3,16p
NPIPA5,16p
NPIPA7,16p
NPIPA8,16p
NPIPB11,16p
NPIPB12,16p
NPIPB13,16p
NPIPB15,16q
NPIPB2,16p
NPIPB3,16p
NPIPB4,16p
NPIPB5,16p
NPIPB6,16p
NPIPB8,16p
NPIPB9,16p
NPRL3,16p
NPW,16p
NQO1,16q
NRN1L,16q
NSMCE1,16p
NSMCE1-DT,16p
NTAN1,16p
NTHL1,16p
NTN3,16p
NUBP1,16p
NUBP2,16p
NUDT16L1,16p
NUDT21,16q
NUDT7,16q
NUP93,16q
NUPR1,16p
NUTF2,16q
OGFOD1,16q
OR1F1,16p
OR1F2P,16p
OR2C1,16p
ORAI3,16p
ORC6,16q
OSGIN1,16q
OTOA,16p
OTOAP1,16p
PABPN1L,16q
PAGR1,16p
PALB2,16p
PAM16,16p
PAQR4,16p
PARD6A,16q
PARN,16p
PDF,16q
PDIA2,16p
PDILT,16p
PDP2,16q
PDPK1,16p
PDPR,16q
PDXDC1,16p
PDXDC2P-NPIPB14P,16q
PDZD9,16p
PERCC1,16p
PGAP6,16p
PGP,16p
PHKB,16q
PHKG2,16p
PHLPP2,16q
PIEZO1,16q
PIGQ,16p
PKD1,16p
PKD1L2,16q
PKD1L3,16q
PKD1P1,16p
PKD1P3-NPIPA1,16p
PKD1P4-NPIPA8,16p
PKD1P5-LOC105376752,16p
PKD1P6-NPIPP1,16p
PKMYT1,16p
PLA2G10,16p
PLA2G15,16q
PLCG2,16q
PLEKHG4,16q
PLK1,16p
PLLP,16q
PMFBP1,16q
PMM2,16p
POLR2C,16q
POLR3E,16p
POLR3K,16p
PPL,16p
PPP4C,16p
PRDM7,16q
PRKCB,16p
PRM1,16p
PRM2,16p
PRM3,16p
PRMT7,16q
PRR14,16p
PRR25,16p
PRR35,16p
PRRT2,16p
PRSS21,16p
PRSS22,16p
PRSS27,16p
PRSS30P,16p
PRSS33,16p
PRSS36,16p
PRSS41,16p
PRSS53,16p
PRSS54,16q
PRSS8,16p
PSKH1,16q
PSMB10,16q
PSMD7,16q
PSME3IP1,16q
PTX4,16p
PYCARD,16p
PYCARD-AS1,16p
PYDC1,16p
QPRT,16p
RAB11FIP3,16p
RAB26,16p
RAB40C,16p
RABEP2,16p
RANBP10,16q
RBBP6,16p
RBFOX1,16p
RBL2,16q
REXO5,16p
RFWD3,16q
RGS11,16p
RHBDF1,16p
RHBDL1,16p
RHOT2,16p
RIPOR1,16q
RMI2,16p
RNF151,16p
RNF166,16q
RNF40,16p
RNPS1,16p
ROGDI,16p
RPGRIP1L,16q
RPL13,16q
RPL3L,16p
RPS15A,16p
RPS2,16p
RPUSD1,16p
RRAD,16q
RRN3,16p
RRN3P1,16p
RRN3P2,16p
RRN3P3,16p
RSL1D1,16p
RSPRY1,16q
RUSF1,16p
SALL1,16q
SBK1,16p
SCNN1B,16p
SCNN1G,16p
SDR42E1,16q
SDR42E2,16p
SEC14L5,16p
SEPHS2,16p
SEPTIN1,16p
SEPTIN12,16p
SETD1A,16p
SETD6,16q
SEZ6L2,16p
SF3B3,16q
SGF29,16p
SH2B1,16p
SHCBP1,16q
SHISA9,16p
SIAH1,16q
SLC12A3,16q
SLC12A4,16q
SLC22A31,16q
SLC38A7,16q
SLC38A8,16q
SLC5A11,16p
SLC5A2,16p
SLC6A10P,16p
SLC6A2,16q
SLC7A5,16q
SLC7A5P2,16p
SLC7A6,16q
SLC7A6OS,16q
SLC9A3R2,16p
SLC9A5,16q
SLX1A,16p
SLX1A-SULT1A3,16p
SLX1B,16p
SLX1B-SULT1A4,16p
SLX4,16p
SMG1,16p
SMG1P1,16p
SMG1P2,16p
SMG1P3,16p
SMG1P5,16p
SMG1P6,16p
SMG1P7,16q
SMIM22,16p
SMPD3,16q
SNAI3,16q
SNAI3-AS1,16q
SNHG19,16p
SNHG9,16p
SNN,16p
SNORA10,16p
SNORA119,16q
SNORA30,16p
SNORA3C,16p
SNORA46,16q
SNORA50A,16q
SNORA64,16p
SNORA70D,16q
SNORA78,16p
SNORA80C,16p
SNORD111,16q
SNORD111B,16q
SNORD13H,16q
SNORD148,16q
SNORD60,16p
SNORD68,16q
SNORD71,16q
SNRNP25,16p
SNTB2,16q
SNX20,16q
SNX29,16p
SNX29P1,16p
SNX29P2,16p
SOCS1,16p
SOX8,16p
SPATA2L,16q
SPATA33,16q
SPG7,16q
SPIRE2,16q
SPN,16p
SPNS1,16p
SPSB3,16p
SRCAP,16p
SRL,16p
SRRM2,16p
SRRM2-AS1,16p
SSTR5,16p
SSTR5-AS1,16p
ST3GAL2,16q
STUB1,16p
STX1B,16p
STX4,16p
SULT1A1,16p
SULT1A2,16p
SULT1A3,16p
SULT1A4,16p
SYCE1L,16q
SYNGR3,16p
SYT17,16p
TAF1C,16q
TANGO6,16q
TAOK2,16p
TAT,16q
TAT-AS1,16q
TBC1D10B,16p
TBC1D24,16p
TBL3,16p
TBX6,16p
TCF25,16q
TEDC2,16p
TEKT5,16p
TELO2,16p
TENT4B,16q
TEPP,16q
TERB1,16q
TERF2,16q
TERF2IP,16q
TFAP4,16p
TGFB1I1,16p
THAP11,16q
THOC6,16p
THUMPD1,16p
TIGD7,16p
TK2,16q
TLCD3B,16p
TLE7,16q
TMC5,16p
TMC7,16p
TMED6,16q
TMEM114,16p
TMEM159,16p
TMEM170A,16q
TMEM186,16p
TMEM204,16p
TMEM208,16q
TMEM219,16p
TMEM231,16q
TMEM265,16p
TNFRSF12A,16p
TNFRSF17,16p
TNP2,16p
TNRC6A,16p
TOX3,16q
TP53TG3,16p
TP53TG3B,16p
TP53TG3C,16p
TP53TG3D,16p
TP53TG3E,16p
TP53TG3F,16p
TP53TG3HP,16p
TPPP3,16q
TPSAB1,16p
TPSB2,16p
TPSD1,16p
TPSG1,16p
TRADD,16q
TRAF7,16p
TRAP1,16p
TRAPPC2L,16q
TRIM72,16p
TSC2,16p
TSNAXIP1,16q
TSR3,16p
TUBB3,16q
TUFM,16p
TVP23A,16p
TXNDC11,16p
TXNL4B,16q
UBALD1,16p
UBE2I,16p
UBE2MP1,16p
UBFD1,16p
UBN1,16p
UMOD,16p
UNKL,16p
UQCRC2,16p
URAHP,16q
USB1,16q
USP10,16q
USP31,16p
USP7,16p
UTP4,16q
VAC14,16q
VAC14-AS1,16q
VASN,16p
VAT1L,16q
VKORC1,16p
VN1R3,16p
VPS35,16q
VPS35L,16p
VPS4A,16q
VPS9D1,16q
VPS9D1-AS1,16q
VWA3A,16p
WASIR2,16p
WDR24,16p
WDR59,16q
WDR90,16p
WFDC1,16q
WFIKKN1,16p
WWOX,16q
WWP2,16q
XPO6,16p
XYLT1,16p
YBX3P1,16p
YPEL3,16p
ZC3H18,16q
ZC3H18-AS1,16q
ZC3H7A,16p
ZCCHC14,16q
ZDHHC1,16q
ZDHHC7,16q
ZFHX3,16q
ZFP1,16q
ZFP90,16q
ZFPM1,16q
ZG16,16p
ZG16B,16p
ZKSCAN2,16p
ZNF174,16p
ZNF19,16q
ZNF200,16p
ZNF205,16p
ZNF205-AS1,16p
ZNF213,16p
ZNF213-AS1,16p
ZNF23,16q
ZNF263,16p
ZNF267,16p
ZNF276,16q
ZNF319,16q
ZNF423,16q
ZNF469,16q
ZNF48,16p
ZNF500,16p
ZNF597,16p
ZNF598,16p
ZNF629,16p
ZNF646,16p
ZNF668,16p
ZNF688,16p
ZNF689,16p
ZNF720,16p
ZNF747,16p
ZNF75A,16p
ZNF764,16p
ZNF768,16p
ZNF771,16p
ZNF778,16q
ZNF785,16p
ZNF821,16q
ZNF843,16p
ZNRF1,16q
ZP2,16p
ZSCAN10,16p
ZSCAN32,16p
AA06,17q
AANAT,17q
AARSD1,17q
AATF,17q
AATK,17q
ABCA10,17q
ABCA5,17q
ABCA6,17q
ABCA8,17q
ABCA9,17q
ABCA9-AS1,17q
ABCC3,17q
ABHD15,17q
ABI3,17q
ABR,17p
ACACA,17q
ACADVL,17p
ACAP1,17p
ACBD4,17q
ACE,17q
ACLY,17q
ACOX1,17q
ACSF2,17q
ACTG1,17q
ADAM11,17q
ADAP2,17q
ADORA2B,17p
ADPRM,17p
AFMID,17q
AIPL1,17p
AKAP1,17q
AKAP10,17p
ALDH3A1,17p
ALDH3A2,17p
ALDOC,17q
ALKBH5,17p
ALOX12,17p
ALOX12-AS1,17p
ALOX12B,17p
ALOX12P2,17p
ALOX15,17p
ALOX15B,17p
ALOX15P1,17p
ALOXE3,17p
ALYREF,17q
AMZ2,17q
AMZ2P1,17q
ANAPC11,17q
ANKFN1,17q
ANKFY1,17p
ANKRD13B,17q
ANKRD40,17q
ANKRD40CL,17q
AOC2,17q
AOC3,17q
AOC4P,17q
AP2B1,17q
APOH,17q
APPBP2,17q
ARGFXP2,17q
ARHGAP23,17q
ARHGAP27,17q
ARHGAP27P1,17q
ARHGAP27P1-BPTFP1-KPNA2P3,17q
ARHGAP27P2,17q
ARHGAP44,17p
ARHGDIA,17q
ARHGEF15,17p
ARL16,17q
ARL17A,17q
ARL17B,17q
ARL4D,17q
ARL5C,17q
ARMC7,17q
ARRB2,17p
ARSG,17q
ASB16,17q
ASB16-AS1,17q
ASGR1,17p
ASGR2,17p
ASIC2,17q
ASPA,17p
ASPSCR1,17q
ATAD5,17q
ATP1B2,17p
ATP2A3,17p
ATP5MC1,17q
ATP5PD,17q
ATP6V0A1,17q
ATPAF2,17p
ATXN7L3,17q
AURKB,17p
AXIN2,17q
B3GNTL1,17q
B4GALNT2,17q
B9D1,17p
BAHCC1,17q
BAIAP2,17q
BAIAP2-DT,17q
BCAS3,17q
BCL6B,17p
BECN1,17q
BHLHA9,17p
BIRC5,17q
BLMH,17q
BORCS6,17p
BPTF,17q
BRCA1,17q
BRIP1,17q
BTBD17,17q
C17orf100,17p
C17orf102,17q
C17orf107,17p
C17orf113,17q
C17orf49,17p
C17orf50,17q
C17orf58,17q
C17orf64,17q
C17orf67,17q
C17orf75,17q
C17orf77,17q
C17orf78,17q
C17orf80,17q
C17orf97,17p
C17orf98,17q
C17orf99,17q
C1QBP,17p
C1QL1,17q
C1QTNF1,17q
C1QTNF1-AS1,17q
CA10,17q
CA4,17q
CACNA1G,17q
CACNA1G-AS1,17q
CACNB1,17q
CACNG1,17q
CACNG4,17q
CACNG5,17q
CALCOCO2,17q
CAMKK1,17p
CAMTA2,17p
CANT1,17q
CARD14,17q
CASC17,17q
CASC3,17q
CASKIN2,17q
CAVIN1,17q
CBX1,17q
CBX2,17q
CBX4,17q
CBX8,17q
CCDC103,17q
CCDC137,17q
CCDC144A,17p
CCDC144B,17p
CCDC144CP,17p
CCDC144NL,17p
CCDC144NL-AS1,17p
CCDC182,17q
CCDC200,17q
CCDC40,17q
CCDC42,17p
CCDC43,17q
CCDC47,17q
CCDC57,17q
CCDC92B,17p
CCL1,17q
CCL11,17q
CCL13,17q
CCL14,17q
CCL15,17q
CCL15-CCL14,17q
CCL16,17q
CCL18,17q
CCL2,17q
CCL23,17q
CCL3,17q
CCL3L1,17q
CCL3L3,17q
CCL4,17q
CCL4L1,17q
CCL4L2,17q
CCL5,17q
CCL7,17q
CCL8,17q
CCR10,17q
CCR7,17q
CCT6B,17q
CD300A,17q
CD300C,17q
CD300E,17q
CD300H,17q
CD300LB,17q
CD300LD,17q
CD300LF,17q
CD300LG,17q
CD68,17p
CD7,17q
CD79B,17q
CDC27,17q
CDC42EP4,17q
CDC6,17q
CDK12,17q
CDK3,17q
CDK5R1,17q
CDK5RAP3,17q
CDR2L,17q
CDRT1,17p
CDRT15,17p
CDRT15L2,17p
CDRT15P1,17p
CDRT15P2,17p
CDRT3,17p
CDRT4,17p
CDRT7,17p
CDRT8,17p
CENPV,17p
CENPX,17q
CEP112,17q
CEP131,17q
CEP295NL,17q
CEP95,17q
CFAP52,17p
CFAP97D1,17q
CHAD,17q
CHD3,17p
CHMP6,17q
CHRNB1,17p
CHRNE,17p
CISD3,17q
CLDN7,17p
CLEC10A,17p
CLTC,17q
CLUH,17p
CNP,17q
CNTD1,17q
CNTNAP1,17q
CNTROB,17p
COA3,17q
COASY,17q
COG1,17q
COIL,17q
COL1A1,17q
COPRS,17q
COPS3,17p
COPZ2,17q
CORO6,17q
COX10,17p
COX10-AS1,17p
COX11,17q
CPD,17q
CPSF4L,17q
CRHR1,17q
CRK,17p
CRLF3,17q
CRYBA1,17q
CSF3,17q
CSH1,17q
CSH2,17q
CSHL1,17q
CSNK1D,17q
CTC1,17p
CTDNEP1,17p
CTNS,17p
CUEDC1,17q
CWC25,17q
CXCL16,17p
CYB561,17q
CYB5D1,17p
CYB5D2,17p
CYBC1,17q
CYGB,17q
CYTH1,17q
DBF4B,17q
DBIL5P,17p
DCAF7,17q
DCAKD,17q
DCXR,17q
DCXR-DT,17q
DDX42,17q
DDX5,17q
DDX52,17q
DERL2,17p
DGKE,17q
DHRS11,17q
DHRS13,17q
DHRS7B,17p
DHRS7C,17p
DHX33,17p
DHX33-DT,17p
DHX40,17q
DHX58,17q
DHX8,17q
DLG4,17p
DLX3,17q
DLX4,17q
DNAH17,17q
DNAH17-AS1,17q
DNAH2,17p
DNAH9,17p
DNAI2,17q
DNAJC7,17q
DOC2B,17p
DPH1,17p
DPRXP4,17q
DRC3,17p
DRG2,17p
DUS1L,17q
DUSP14,17q
DUSP3,17q
DVL2,17p
DYNLL2,17q
EFCAB13,17q
EFCAB3,17q
EFCAB5,17q
EFNB3,17p
EFTUD2,17q
EIF1,17q
EIF4A1,17p
EIF4A3,17q
EIF5A,17p
ELAC2,17p
ELP5,17p
EMC6,17p
EME1,17q
ENDOV,17q
ENGASE,17q
ENO3,17p
ENPP7,17q
EPN2,17p
EPN2-AS1,17p
EPN2-IT1,17p
EPN3,17q
EPOP,17q
EPX,17q
ERAL1,17q
ERBB2,17q
ERN1,17q
ETV4,17q
EVI2A,17q
EVI2B,17q
EVPL,17q
EVPLL,17p
EXOC7,17q
EZH1,17q
FAAP100,17q
FADS6,17q
FAM104A,17q
FAM106A,17p
FAM106B,17p
FAM106C,17p
FAM117A,17q
FAM171A2,17q
FAM187A,17q
FAM20A,17q
FAM215A,17q
FAM222B,17q
FAM27E5,17p
FAM83G,17p
FASN,17q
FBF1,17q
FBXL20,17q
FBXO39,17p
FBXO47,17q
FBXW10,17p
FDXR,17q
FGF11,17p
FKBP10,17q
FLCN,17p
FLII,17p
FLJ36000,17p
FLJ40194,17q
FLJ45513,17q
FLOT2,17q
FMNL1,17q
FN3K,17q
FN3KRP,17q
FNDC8,17q
FOXJ1,17q
FOXK2,17q
FOXN1,17q
FOXO3B,17p
FSCN2,17q
FTSJ3,17q
FXR2,17p
FZD2,17q
G6PC,17q
G6PC3,17q
GAA,17q
GABARAP,17p
GALK1,17q
GALR2,17q
GAS2L2,17q
GAS7,17p
GAST,17q
GCGR,17q
GDPD1,17q
GEMIN4,17p
GFAP,17q
GGA3,17q
GGNBP2,17q
GGT6,17p
GH1,17q
GH2,17q
GHDC,17q
GID4,17p
GIP,17q
GIT1,17q
GJC1,17q
GJD3,17q
GLOD4,17p
GLP2R,17p
GLTPD2,17p
GNA13,17q
GNGT2,17q
GOSR1,17q
GOSR2,17q
GP1BA,17p
GPATCH8,17q
GPR142,17q
GPR179,17q
GPRC5C,17q
GPS1,17q
GPS2,17p
GRAP,17p
GRAPL,17p
GRB2,17q
GRB7,17q
GRIN2C,17q
GRN,17q
GSDMA,17q
GSDMB,17q
GSG1L2,17p
GUCY2D,17p
H1-9P,17q
H3-3B,17q
HAP1,17q
HASPIN,17p
HCRT,17q
HDAC5,17q
HEATR6,17q
HEATR9,17q
HELZ,17q
HES7,17p
HEXD,17q
HEXIM1,17q
HEXIM2,17q
HGS,17q
HIC1,17p
HID1,17q
HID1-AS1,17q
HIGD1B,17q
HLF,17q
HNF1B,17q
HOXB-AS1,17q
HOXB-AS3,17q
HOXB1,17q
HOXB13,17q
HOXB2,17q
HOXB3,17q
HOXB4,17q
HOXB5,17q
HOXB6,17q
HOXB7,17q
HOXB8,17q
HOXB9,17q
HROB,17q
HS3ST3A1,17p
HS3ST3B1,17p
HSD17B1,17q
HSF5,17q
HSPB9,17q
ICAM2,17q
IFI35,17q
IFT20,17q
IGF2BP1,17q
IGFBP4,17q
IKZF3,17q
INCA1,17p
INPP5K,17p
INTS2,17q
ITGA2B,17q
ITGA3,17q
ITGAE,17p
ITGB3,17q
ITGB4,17q
JMJD6,17q
JPT1,17q
JUP,17q
KANSL1,17q
KANSL1-AS1,17q
KAT2A,17q
KAT7,17q
KCNAB3,17p
KCNH4,17q
KCNH6,17q
KCNJ12,17p
KCNJ16,17q
KCNJ18,17p
KCNJ2,17q
KCNJ2-AS1,17q
KCTD11,17p
KCTD2,17q
KDM6B,17p
KIAA0100,17q
KIAA0753,17p
KIF18B,17q
KIF19,17q
KIF1C,17p
KIF1C-AS1,17p
KIF2B,17q
KLHL10,17q
KLHL11,17q
KPNA2,17q
KPNB1,17q
KRBA2,17p
KRT10,17q
KRT12,17q
KRT13,17q
KRT14,17q
KRT15,17q
KRT16,17q
KRT16P1,17p
KRT16P2,17p
KRT16P3,17p
KRT17,17q
KRT17P1,17p
KRT17P2,17p
KRT17P5,17p
KRT18P55,17q
KRT19,17q
KRT20,17q
KRT222,17q
KRT23,17q
KRT24,17q
KRT25,17q
KRT26,17q
KRT27,17q
KRT28,17q
KRT31,17q
KRT32,17q
KRT33A,17q
KRT33B,17q
KRT34,17q
KRT35,17q
KRT36,17q
KRT37,17q
KRT38,17q
KRT39,17q
KRT40,17q
KRT42P,17q
KRT9,17q
KRTAP1-1,17q
KRTAP1-3,17q
KRTAP1-4,17q
KRTAP1-5,17q
KRTAP16-1,17q
KRTAP17-1,17q
KRTAP2-1,17q
KRTAP2-2,17q
KRTAP2-3,17q
KRTAP2-4,17q
KRTAP29-1,17q
KRTAP3-1,17q
KRTAP3-2,17q
KRTAP3-3,17q
KRTAP4-1,17q
KRTAP4-11,17q
KRTAP4-12,17q
KRTAP4-2,17q
KRTAP4-3,17q
KRTAP4-4,17q
KRTAP4-5,17q
KRTAP4-6,17q
KRTAP4-7,17q
KRTAP4-8,17q
KRTAP4-9,17q
KRTAP9-1,17q
KRTAP9-2,17q
KRTAP9-3,17q
KRTAP9-4,17q
KRTAP9-6,17q
KRTAP9-7,17q
KRTAP9-8,17q
KRTAP9-9,17q
KSR1,17q
LASP1,17q
LGALS3BP,17q
LGALS9,17q
LGALS9B,17p
LGALS9C,17p
LHX1,17q
LHX1-DT,17q
LIG3,17q
LIMD2,17q
LINC00324,17p
LINC00469,17q
LINC00482,17q
LINC00511,17q
LINC00670,17p
LINC00671,17q
LINC00672,17q
LINC00673,17q
LINC00674,17q
LINC00868,17q
LINC00910,17q
LINC00974,17q
LINC01028,17q
LINC01152,17q
LINC01180,17q
LINC01476,17q
LINC01482,17q
LINC01483,17q
LINC01497,17q
LINC01563,17p
LINC01969,17q
LINC01970,17q
LINC01973,17q
LINC01975,17p
LINC01976,17q
LINC01977,17q
LINC01978,17q
LINC01979,17q
LINC01982,17q
LINC01987,17q
LINC01989,17q
LINC01992,17q
LINC01993,17q
LINC01996,17p
LINC01999,17q
LINC02003,17q
LINC02071,17q
LINC02072,17q
LINC02073,17q
LINC02075,17q
LINC02076,17p
LINC02078,17q
LINC02079,17q
LINC02080,17q
LINC02087,17p
LINC02088,17p
LINC02089,17q
LINC02090,17p
LINC02091,17p
LINC02092,17q
LINC02093,17p
LINC02097,17q
LINC02210,17q
LINC02210-CRHR1,17q
LINC02563,17q
LINC02693,17p
LINC02875,17q
LINC02876,17q
LLGL1,17p
LLGL2,17q
LOC100128006,17p
LOC100128288,17p
LOC100130370,17q
LOC100130520,17q
LOC100130950,17p
LOC100134391,17q
LOC100287042,17q
LOC100287072,17p
LOC100287808,17q
LOC100288728,17p
LOC100288866,17q
LOC100505782,17q
LOC100506388,17p
LOC100507002,17q
LOC100507351,17q
LOC100996750,17q
LOC100996842,17p
LOC101559451,17p
LOC101927018,17q
LOC101927166,17q
LOC101927539,17q
LOC101927557,17q
LOC101927666,17q
LOC101927727,17p
LOC101927839,17p
LOC101927855,17q
LOC101927911,17p
LOC101928021,17q
LOC101928251,17q
LOC101928266,17p
LOC101928343,17q
LOC101928475,17p
LOC101928674,17q
LOC101928855,17q
LOC101929141,17p
LOC101929552,17q
LOC101929578,17q
LOC101929767,17q
LOC101929950,17q
LOC102723517,17q
LOC102724532,17q
LOC102724596,17q
LOC102724624,17p
LOC105274304,17q
LOC105371430,17p
LOC105371485,17p
LOC105371566,17p
LOC105371592,17p
LOC105371703,17q
LOC105371730,17q
LOC105371763,17q
LOC105371789,17q
LOC105371795,17q
LOC105371814,17q
LOC105371824,17q
LOC105371849,17q
LOC105371855,17q
LOC105371880,17q
LOC105371899,17q
LOC105371910,17q
LOC105371925,17q
LOC107984974,17q
LOC107985033,17q
LOC108783654,17q
LOC284009,17p
LOC284191,17p
LOC339166,17p
LOC339192,17q
LOC339260,17p
LOC388436,17p
LOC400622,17q
LOC400627,17q
LOC646030,17q
LOC653653,17q
LOC728392,17p
LOC729683,17q
LOC79999,17p
LPO,17q
LRRC37A,17q
LRRC37A11P,17q
LRRC37A2,17q
LRRC37A3,17q
LRRC37A4P,17q
LRRC37A8P,17q
LRRC37B,17q
LRRC3C,17q
LRRC45,17q
LRRC46,17q
LRRC59,17q
LRRC75A,17p
LSM12,17q
LUC7L3,17q
LYRM9,17q
LYZL6,17q
MAFG,17q
MAFG-DT,17q
MAGOH2P,17p
MAP2K3,17p
MAP2K4,17p
MAP2K6,17q
MAP3K14,17q
MAP3K14-AS1,17q
MAP3K3,17q
MAPK7,17p
MAPK8IP1P2,17q
MAPT,17q
MAPT-AS1,17q
MAPT-IT1,17q
MARCHF10,17q
MARCHF10-DT,17q
MBTD1,17q
MCRIP1,17q
MED1,17q
MED11,17p
MED13,17q
MED24,17q
MED31,17p
MED9,17p
MEIOC,17q
MEIS3P1,17p
MEOX1,17q
METRNL,17q
METTL16,17p
METTL23,17q
METTL2A,17q
MFAP4,17p
MFSD11,17q
MFSD6L,17p
MGAT5B,17q
MGC12916,17p
MGC16275,17q
MIEF2,17p
MIEN1,17q
MIF4GD,17q
MILR1,17q
MINK1,17p
MIR10226,17q
MIR10A,17q
MIR1180,17p
MIR1203,17q
MIR1250,17q
MIR1253,17p
MIR1268B,17q
MIR1269B,17p
MIR1288,17p
MIR132,17p
MIR142,17q
MIR144,17q
MIR152,17q
MIR193A,17q
MIR195,17p
MIR196A1,17q
MIR21,17q
MIR2117,17q
MIR2117HG,17q
MIR212,17p
MIR22,17p
MIR22HG,17p
MIR2909,17q
MIR301A,17q
MIR3064,17q
MIR3065,17q
MIR3183,17p
MIR3184,17q
MIR3185,17q
MIR3186,17q
MIR324,17p
MIR338,17q
MIR33B,17p
MIR3614,17q
MIR3615,17q
MIR365B,17q
MIR3678,17q
MIR378J,17q
MIR423,17q
MIR4314,17p
MIR4315-1,17q
MIR4315-2,17q
MIR4316,17q
MIR451A,17q
MIR451B,17q
MIR4520-1,17p
MIR4520-2,17p
MIR4521,17p
MIR4522,17q
MIR4523,17q
MIR4524A,17q
MIR4524B,17q
MIR4525,17q
MIR454,17q
MIR4723,17q
MIR4724,17q
MIR4725,17q
MIR4726,17q
MIR4727,17q
MIR4728,17q
MIR4729,17q
MIR4730,17q
MIR4731,17p
MIR4732,17q
MIR4733,17q
MIR4734,17q
MIR4736,17q
MIR4737,17q
MIR4738,17q
MIR4739,17q
MIR4740,17q
MIR497,17p
MIR497HG,17p
MIR5010,17q
MIR5047,17q
MIR5089,17q
MIR548AA2,17q
MIR548AT,17q
MIR548BC,17q
MIR548D2,17q
MIR548H3,17p
MIR6080,17q
MIR6129,17q
MIR6165,17q
MIR632,17q
MIR633,17q
MIR634,17q
MIR635,17q
MIR636,17q
MIR6510,17q
MIR6516,17q
MIR657,17q
MIR6776,17p
MIR6777,17p
MIR6778,17p
MIR6779,17q
MIR6780A,17q
MIR6781,17q
MIR6782,17q
MIR6783,17q
MIR6784,17q
MIR6785,17q
MIR6786,17q
MIR6787,17q
MIR6864,17p
MIR6865,17p
MIR6866,17q
MIR6867,17q
MIR6868,17q
MIR6883,17p
MIR6884,17q
MIR744,17p
MIR8059,17q
MIS12,17p
MKS1,17q
MLLT6,17q
MLX,17q
MMD,17q
MMP28,17q
MNT,17p
MPDU1,17p
MPO,17q
MPP2,17q
MPP3,17q
MPRIP,17p
MRC2,17q
MRM1,17q
MRM3,17p
MRPL10,17q
MRPL12,17q
MRPL27,17q
MRPL38,17q
MRPL45,17q
MRPL45P2,17q
MRPL58,17q
MRPS23,17q
MRPS7,17q
MSI2,17q
MSL1,17q
MSX2P1,17q
MTMR4,17q
MTRNR2L1,17p
MTVR2,17q
MXRA7,17q
MYADML2,17q
MYBBP1A,17p
MYCBPAP,17q
MYH1,17p
MYH10,17p
MYH13,17p
MYH2,17p
MYH3,17p
MYH4,17p
MYH8,17p
MYHAS,17p
MYL4,17q
MYO15A,17p
MYO15B,17q
MYO18A,17q
MYO19,17q
MYO1C,17p
MYO1D,17q
MYOCD,17p
MYOCD-AS1,17p
NAA38,17p
NACA2,17q
NAGLU,17q
NAGS,17q
NARF,17q
NAT9,17q
NATD1,17p
NBR1,17q
NBR2,17q
NCBP3,17p
NCOR1,17p
NDEL1,17p
NDUFAF8,17q
NEK8,17q
NEURL4,17p
NEUROD2,17q
NF1,17q
NFE2L1,17q
NGFR,17q
NKIRAS2,17q
NLE1,17q
NLGN2,17p
NLK,17q
NLRP1,17p
NME1,17q
NME1-NME2,17q
NME2,17q
NMT1,17q
NOG,17q
NOL11,17q
NOS2,17q
NOS2P3,17p
NOTUM,17q
NPB,17q
NPEPPS,17q
NPEPPSP1,17q
NPLOC4,17q
NPTX1,17q
NR1D1,17q
NSF,17q
NSFP1,17q
NSRP1,17q
NT5C,17q
NT5C3B,17q
NT5M,17p
NTN1,17p
NUFIP2,17q
NUP85,17q
NUP88,17p
NXN,17p
NXPH3,17q
ODF4,17p
OGFOD3,17q
OMG,17q
OR1A1,17p
OR1A2,17p
OR1D2,17p
OR1D4,17p
OR1D5,17p
OR1E1,17p
OR1E2,17p
OR1E3,17p
OR1G1,17p
OR3A1,17p
OR3A2,17p
OR3A3,17p
OR3A4P,17p
OR4D1,17q
OR4D2,17q
ORMDL3,17q
OSBPL7,17q
OTOP2,17q
OTOP3,17q
OVCA2,17p
OXLD1,17q
P2RX1,17p
P2RX5,17p
P2RX5-TAX1BP3,17p
P3H4,17q
P4HB,17q
PAFAH1B1,17p
PCGF2,17q
PCTP,17q
PCYT2,17q
PDE6G,17q
PDK2,17q
PECAM1,17q
PELP1,17p
PEMT,17p
PER1,17p
PEX12,17q
PFAS,17p
PFN1,17p
PGAP3,17q
PGS1,17q
PHB,17q
PHF12,17q
PHF23,17p
PHOSPHO1,17q
PICART1,17q
PIGL,17p
PIGS,17q
PIGW,17q
PIK3R5,17p
PIK3R6,17p
PIMREG,17p
PIP4K2B,17q
PIPOX,17q
PIRT,17p
PITPNA,17p
PITPNA-AS1,17p
PITPNC1,17q
PITPNM3,17p
PLCD3,17q
PLD2,17p
PLD6,17p
PLEKHH3,17q
PLEKHM1,17q
PLEKHM1P1,17q
PLSCR3,17p
PLXDC1,17q
PMP22,17p
PNMT,17q
PNPO,17q
POLDIP2,17q
POLG2,17q
POLR2A,17p
PPM1D,17q
PPM1E,17q
PPP1R1B,17q
PPP1R27,17q
PPP1R9B,17q
PPY,17q
PPY2P,17q
PRAC1,17q
PRAC2,17q
PRCD,17q
PRKAR1A,17q
PRKCA,17q
PRKCA-AS1,17q
PRO1804,17q
PROCA1,17q
PRPF8,17p
PRPSAP1,17q
PRPSAP2,17p
PRR11,17q
PRR15L,17q
PRR29,17q
PRR29-AS1,17q
PSMB3,17q
PSMB6,17p
PSMC3IP,17q
PSMC5,17q
PSMD11,17q
PSMD12,17q
PSMD3,17q
PSME3,17q
PTGES3L,17q
PTGES3L-AARSD1,17q
PTRH2,17q
PVALEF,17q
PYCR1,17q
PYY,17q
PYY2,17q
QRICH2,17q
RAB11FIP4,17q
RAB34,17q
RAB37,17q
RAB40B,17q
RAB5C,17q
RABEP1,17p
RAC3,17q
RAD51C,17q
RAD51D,17q
RAD51L3-RFFL,17q
RAI1,17p
RAI1-AS1,17p
RAMP2,17q
RAMP2-AS1,17q
RANGRF,17p
RAP1GAP2,17p
RAPGEFL1,17q
RARA,17q
RARA-AS1,17q
RASD1,17p
RASL10B,17q
RBFOX3,17q
RCVRN,17p
RDM1,17q
RDM1P5,17q
RECQL5,17q
RETREG3,17q
RFFL,17q
RFLNB,17p
RFNG,17q
RGS9,17q
RHBDF2,17q
RHBDL3,17q
RHOT1,17q
RILP,17p
RNASEK,17p
RNASEK-C17orf49,17p
RND2,17q
RNF112,17p
RNF126P1,17q
RNF135,17q
RNF157,17q
RNF157-AS1,17q
RNF167,17p
RNF213,17q
RNF213-AS1,17q
RNF222,17p
RNF227,17p
RNF43,17q
RNFT1,17q
RNFT1-DT,17q
RNU2-1,17q
ROCR,17q
RPA1,17p
RPAIN,17p
RPH3AL,17p
RPL19,17q
RPL23,17q
RPL23A,17q
RPL23AP87,17q
RPL26,17p
RPL27,17q
RPL29P2,17p
RPL38,17q
RPRML,17q
RPS6KB1,17q
RPTOR,17q
RSAD1,17q
RSKR,17q
RTN4RL1,17p
RUNDC1,17q
RUNDC3A,17q
RUNDC3A-AS1,17q
SAMD14,17q
SAP30BP,17q
SARM1,17q
SAT2,17p
SCARF1,17p
SCARNA16,17q
SCARNA20,17q
SCARNA21,17p
SCAT1,17q
SCGB1C2,17p
SCIMP,17p
SCN4A,17q
SCO1,17p
SCPEP1,17q
SCRN2,17q
SDF2,17q
SDK2,17q
SEBOX,17q
SEC14L1,17q
SECTM1,17q
SENP3,17p
SENP3-EIF4A1,17p
SEPTIN4,17q
SEPTIN4-AS1,17q
SEPTIN9,17q
SEPTIN9-DT,17q
SERPINF1,17p
SERPINF2,17p
SEZ6,17q
SGCA,17q
SGSH,17q
SGSM2,17p
SH3GL1P1,17q
SH3GL1P2,17q
SHBG,17p
SHISA6,17p
SHMT1,17p
SHPK,17p
SIRT7,17q
SKA2,17q
SKAP1,17q
SLC13A2,17q
SLC13A5,17p
SLC16A11,17p
SLC16A13,17p
SLC16A3,17q
SLC16A5,17q
SLC16A6,17q
SLC25A10,17q
SLC25A11,17p
SLC25A19,17q
SLC25A35,17p
SLC25A39,17q
SLC26A11,17q
SLC2A4,17p
SLC35B1,17q
SLC35G3,17q
SLC35G6,17p
SLC38A10,17q
SLC39A11,17q
SLC43A2,17p
SLC46A1,17q
SLC47A1,17p
SLC47A2,17p
SLC4A1,17q
SLC52A1,17p
SLC5A10,17p
SLC6A4,17q
SLC9A3R1,17q
SLFN11,17q
SLFN12,17q
SLFN12L,17q
SLFN13,17q
SLFN14,17q
SLFN5,17q
SMARCD2,17q
SMARCE1,17q
SMCR2,17p
SMCR5,17p
SMCR8,17p
SMG6,17p
SMG8,17q
SMIM5,17q
SMIM6,17q
SMTNL2,17p
SMURF2,17q
SMURF2P1-LRRC37BP1,17q
SMYD4,17p
SNF8,17q
SNHG16,17q
SNHG20,17q
SNHG25,17q
SNHG29,17p
SNHG30,17q
SNORA21,17q
SNORA21B,17q
SNORA38B,17q
SNORA48,17p
SNORA50C,17q
SNORA67,17p
SNORA90,17q
SNORD10,17p
SNORD104,17q
SNORD118,17p
SNORD124,17q
SNORD134,17q
SNORD163,17p
SNORD1A,17q
SNORD1B,17q
SNORD1C,17q
SNORD3A,17p
SNORD3B-1,17p
SNORD3B-2,17p
SNORD3C,17p
SNORD3D,17p
SNORD42A,17q
SNORD42B,17q
SNORD49A,17p
SNORD49B,17p
SNORD4A,17q
SNORD4B,17q
SNORD65,17p
SNORD7,17q
SNORD91A,17p
SNORD91B,17p
SNX11,17q
SOCS3,17q
SOCS7,17q
SOST,17q
SOX15,17p
SOX9,17q
SOX9-AS1,17q
SP2,17q
SP2-AS1,17q
SP6,17q
SPACA3,17q
SPAG5,17q
SPAG5-AS1,17q
SPAG7,17p
SPAG9,17q
SPATA20,17q
SPATA22,17p
SPATA32,17q
SPDYE4,17p
SPECC1,17p
SPEM1,17p
SPEM2,17p
SPEM3,17p
SPHK1,17q
SPNS2,17p
SPNS3,17p
SPOP,17q
SPPL2C,17q
SRCIN1,17q
SREBF1,17p
SRP68,17q
SRR,17p
SRSF1,17q
SRSF2,17q
SSH2,17q
SSTR2,17q
ST6GALNAC1,17q
ST6GALNAC2,17q
STAC2,17q
STARD3,17q
STAT3,17q
STAT5A,17q
STAT5B,17q
STH,17q
STRADA,17q
STX8,17p
STXBP4,17q
SUMO2,17q
SUPT4H1,17q
SUPT6H,17q
SUZ12,17q
SUZ12P1,17q
SYNGR2,17q
SYNRG,17q
TAC4,17q
TACO1,17q
TADA2A,17q
TAF15,17q
TANC2,17q
TAOK1,17q
TAX1BP3,17p
TBC1D16,17q
TBC1D26,17p
TBC1D27P,17p
TBC1D28,17p
TBC1D3,17q
TBC1D3B,17q
TBC1D3C,17q
TBC1D3D,17q
TBC1D3E,17q
TBC1D3F,17q
TBC1D3G,17q
TBC1D3H,17q
TBC1D3I,17q
TBC1D3J,17q
TBC1D3K,17q
TBC1D3L,17q
TBC1D3P1-DHX40P1,17q
TBC1D3P2,17q
TBC1D3P5,17q
TBCD,17q
TBKBP1,17q
TBX2,17q
TBX2-AS1,17q
TBX21,17q
TBX4,17q
TCAM1P,17q
TCAP,17q
TEFM,17q
TEKT1,17p
TEKT3,17p
TEN1,17q
TEN1-CDK3,17q
TEPSIN,17q
TEX14,17q
TEX19,17q
TEX2,17q
THCAT158,17q
THRA,17q
THRA1/BTR,17q
TIAF1,17q
TIMM22,17p
TIMP2,17q
TK1,17q
TLCD1,17q
TLCD2,17p
TLCD3A,17p
TLK2,17q
TM4SF5,17p
TMC6,17q
TMC8,17q
TMEM100,17q
TMEM101,17q
TMEM102,17p
TMEM104,17q
TMEM105,17q
TMEM106A,17q
TMEM107,17p
TMEM11,17p
TMEM132E,17q
TMEM199,17q
TMEM220,17p
TMEM220-AS1,17p
TMEM235,17q
TMEM238L,17p
TMEM256,17p
TMEM256-PLSCR3,17p
TMEM88,17p
TMEM92,17q
TMEM92-AS1,17q
TMEM94,17q
TMEM95,17p
TMEM97,17q
TMEM98,17q
TMEM99,17q
TMIGD1,17q
TMUB2,17q
TNFAIP1,17q
TNFRSF13B,17p
TNFSF12,17p
TNFSF12-TNFSF13,17p
TNFSF13,17p
TNK1,17p
TNRC6C,17q
TNS4,17q
TOB1,17q
TOB1-AS1,17q
TOM1L1,17q
TOM1L2,17p
TOP2A,17q
TOP3A,17p
TP53,17p
TP53I13,17q
TRAF4,17q
TRAPPC1,17p
TRARG1,17p
TRIM16,17p
TRIM16L,17p
TRIM25,17q
TRIM37,17q
TRIM47,17q
TRIM65,17q
TRPV1,17p
TRPV2,17p
TRPV3,17p
TSEN54,17q
TSPAN10,17q
TSPOAP1,17q
TSPOAP1-AS1,17q
TSR1,17p
TTC19,17p
TTC25,17q
TTLL6,17q
TTYH2,17q
TUBD1,17q
TUBG1,17q
TUBG2,17q
TVP23B,17p
TVP23C,17p
TVP23C-CDRT4,17p
TXNDC17,17p
UBALD2,17q
UBB,17p
UBBP4,17p
UBE2G1,17p
UBE2O,17q
UBE2Z,17q
UBTF,17q
ULK2,17p
UNC119,17q
UNC13D,17q
UNC45B,17q
UNK,17q
USH1G,17q
USP22,17p
USP32,17q
USP32P1,17p
USP32P2,17p
USP32P3,17p
USP36,17q
USP43,17p
USP6,17p
UTP18,17q
UTP6,17q
UTS2R,17q
VAMP2,17p
VAT1,17q
VEZF1,17q
VMO1,17p
VMP1,17q
VPS25,17q
VPS53,17p
VTN,17q
WBP2,17q
WDR45B,17q
WDR81,17p
WFDC21P,17q
WFIKKN2,17q
WIPF2,17q
WIPI1,17q
WNK4,17q
WNT3,17q
WNT9B,17q
WRAP53,17p
WSB1,17q
WSCD1,17p
XAF1,17p
XYLT2,17q
YBX2,17p
YPEL2,17q
YWHAE,17p
YWHAEP7,17q
ZACN,17q
ZBTB4,17p
ZFP3,17p
ZMYND15,17p
ZNF18,17p
ZNF207,17q
ZNF232,17p
ZNF232-AS1,17p
ZNF286A,17p
ZNF286B,17p
ZNF287,17p
ZNF385C,17q
ZNF594,17p
ZNF624,17p
ZNF652,17q
ZNF750,17q
ZNF830,17q
ZNHIT3,17q
ZPBP2,17q
ZSWIM7,17p
ZZEF1,17p
ABHD3,18q
ACAA2,18q
ADCYAP1,18p
ADNP2,18q
AFG3L2,18p
AKAIN1,18p
ALPK2,18q
ANKRD12,18p
ANKRD20A5P,18p
ANKRD29,18q
ANKRD30B,18p
ANKRD62,18p
APCDD1,18p
AQP4,18q
AQP4-AS1,18q
ARHGAP28,18p
ASXL3,18q
ATP5F1A,18q
ATP8B1,18q
ATP9B,18q
B4GALT6,18q
BCL2,18q
BOD1L2,18q
C18orf12,18q
C18orf15,18p
C18orf21,18q
C18orf25,18q
C18orf32,18q
C18orf54,18q
C18orf61,18p
C18orf63,18q
CABLES1,18q
CABYR,18q
CBLN2,18q
CBX3P2,18p
CCBE1,18q
CCDC102B,18q
CCDC178,18q
CCDC68,18q
CD226,18q
CDH19,18q
CDH2,18q
CDH20,18q
CDH7,18q
CELF4,18q
CEP192,18p
CEP76,18p
CETN1,18p
CFAP53,18q
CHMP1B,18p
CHORDC1P4,18p
CHST9,18q
CIDEA,18p
CLUL1,18p
CNDP1,18q
CNDP2,18q
COLEC12,18p
COSMOC,18q
CPLX4,18q
CTAGE1,18q
CTDP1,18q
CTIF,18q
CXADRP3,18p
CXXC1,18q
CYB5A,18q
CYP4F35P,18p
DCC,18q
DIPK1C,18q
DLGAP1,18p
DLGAP1-AS1,18p
DLGAP1-AS2,18p
DLGAP1-AS3,18p
DLGAP1-AS4,18p
DLGAP1-AS5,18p
DOK6,18q
DSC1,18q
DSC2,18q
DSC3,18q
DSCAS,18q
DSEL,18q
DSG1,18q
DSG1-AS1,18q
DSG2,18q
DSG2-AS1,18q
DSG3,18q
DSG4,18q
DTNA,18q
DYM,18q
DYNAP,18q
ELAC1,18q
ELOA2,18q
ELP2,18q
EMILIN2,18p
ENOSF1,18p
EPB41L3,18p
EPG5,18q
ESCO1,18q
FAM210A,18p
FBXO15,18q
FECH,18q
FHOD3,18q
GACAT2,18p
GALNT1,18q
GALR1,18q
GAPLINC,18p
GAREM1,18q
GATA6,18q
GATA6-AS1,18q
GNAL,18p
GREB1L,18q
GRP,18q
GTSCR1,18q
HAUS1,18q
HDHD2,18q
HMSD,18q
HRH4,18q
HSBP1L1,18q
IER3IP1,18q
IMPA2,18p
IMPACT,18q
INO80C,18q
KATNAL2,18q
KC6,18q
KCNG2,18q
KCTD1,18q
KDSR,18q
KIAA1328,18q
KLHL14,18q
L3MBTL4,18p
L3MBTL4-AS1,18p
LAMA1,18p
LAMA3,18q
LDLRAD4,18p
LDLRAD4-AS1,18p
LINC-ROR,18q
LINC00305,18q
LINC00470,18p
LINC00526,18p
LINC00667,18p
LINC00668,18p
LINC00683,18q
LINC00907,18q
LINC00908,18q
LINC00909,18q
LINC01029,18q
LINC01254,18p
LINC01255,18p
LINC01387,18p
LINC01415,18q
LINC01416,18q
LINC01443,18p
LINC01444,18p
LINC01477,18q
LINC01478,18q
LINC01538,18q
LINC01539,18q
LINC01541,18q
LINC01543,18q
LINC01544,18q
LINC01601,18q
LINC01630,18q
LINC01879,18q
LINC01882,18p
LINC01887,18p
LINC01892,18p
LINC01893,18q
LINC01894,18q
LINC01895,18p
LINC01898,18q
LINC01899,18q
LINC01902,18q
LINC01903,18q
LINC01904,18p
LINC01905,18q
LINC01909,18q
LINC01910,18q
LINC01915,18q
LINC01917,18q
LINC01919,18q
LINC01922,18q
LINC01924,18q
LINC01925,18p
LINC01926,18q
LINC01927,18q
LINC01928,18p
LINC01929,18q
LINC02565,18q
LINC02582,18q
LINC02864,18q
LIPG,18q
LIVAR,18q
LMAN1,18q
LOC100129878,18q
LOC100192426,18p
LOC100505549,18q
LOC100505797,18q
LOC101927168,18p
LOC101927188,18p
LOC101927322,18q
LOC101927410,18p
LOC101927571,18q
LOC101927989,18q
LOC104968399,18p
LOC105371998,18p
LOC105372028,18q
LOC105372038,18q
LOC105372068,18q
LOC105372069,18q
LOC105372071,18q
LOC105372179,18q
LOC112577592,18p
LOC284240,18q
LOC284241,18q
LOC339298,18q
LOC642484,18q
LOC643542,18q
LOC644669,18p
LOXHD1,18q
LPIN2,18p
LRRC30,18p
MALT1,18q
MAPK4,18q
MAPRE2,18q
MBD1,18q
MBD2,18q
MBP,18q
MC2R,18p
MC4R,18q
MC5R,18p
ME2,18q
MEP1B,18q
METTL4,18p
MEX3C,18q
MIB1,18q
MIR1-2,18q
MIR122,18q
MIR133A1,18q
MIR133A1HG,18q
MIR1539,18q
MIR187,18q
MIR302F,18q
MIR3156-2,18p
MIR320C1,18q
MIR320C2,18q
MIR3591,18q
MIR3929,18q
MIR3975,18q
MIR3976,18p
MIR3976HG,18p
MIR4317,18p
MIR4318,18q
MIR4319,18q
MIR4320,18q
MIR4526,18p
MIR4527,18q
MIR4527HG,18q
MIR4528,18q
MIR4529,18q
MIR4741,18q
MIR4743,18q
MIR4744,18q
MIR5011,18q
MIR5190,18p
MIR548AV,18q
MIR5583-1,18q
MIR5583-2,18q
MIR6718,18p
MIR6788,18p
MIR7153,18p
MIR8057,18q
MIR8078,18p
MIR924,18q
MIR924HG,18q
MOCOS,18q
MPPE1,18p
MRO,18q
MTCL1,18p
MYL12A,18p
MYL12B,18p
MYO5B,18q
MYOM1,18p
NAPG,18p
NARS1,18q
NDC80,18p
NDUFV2,18p
NDUFV2-AS1,18p
NEDD4L,18q
NETO1,18q
NFATC1,18q
NOL4,18q
NPC1,18q
OACYLP,18q
ONECUT2,18q
OSBPL1A,18q
PARD6G,18q
PARD6G-AS1,18q
PCAT18,18q
PHLPP1,18q
PIAS2,18q
PIEZO2,18p
PIGN,18q
PIK3C3,18q
PMAIP1,18q
POLI,18q
POTEC,18p
PPP4R1,18p
PPP4R1-AS1,18p
PRELID3A,18p
PSMA8,18q
PSMG2,18p
PSTPIP2,18q
PTPN2,18p
PTPRM,18p
RAB12,18p
RAB27B,18q
RAB31,18p
RALBP1,18p
RAX,18q
RBBP8,18q
RBFA,18q
RBFADN,18q
RELCH,18q
RIOK3,18q
RIT2,18q
RMC1,18q
RNF125,18q
RNF138,18q
RNF152,18q
RNF165,18q
RNMT,18p
ROCK1,18q
ROCK1P1,18p
RPL17,18q
RPL17-C18orf32,18q
RPRD1A,18q
RTTN,18q
SALL3,18q
SCARNA17,18q
SEC11C,18q
SEH1L,18p
SERPINB10,18q
SERPINB11,18q
SERPINB12,18q
SERPINB13,18q
SERPINB2,18q
SERPINB3,18q
SERPINB4,18q
SERPINB5,18q
SERPINB7,18q
SERPINB8,18q
SETBP1,18q
SIGLEC15,18q
SKA1,18q
SKOR2,18q
SLC14A1,18q
SLC14A2,18q
SLC14A2-AS1,18q
SLC25A52,18q
SLC35G4,18p
SLC39A6,18q
SLC66A2,18q
SMAD2,18q
SMAD4,18q
SMAD7,18q
SMCHD1,18p
SMIM21,18q
SNHG22,18q
SNORA108,18q
SNORA111,18q
SNORA37,18q
SNORD58A,18q
SNORD58B,18q
SNORD58C,18q
SNRPD1,18q
SOCS6,18q
SPIRE1,18p
SS18,18q
ST8SIA3,18q
ST8SIA5,18q
STARD6,18q
SYT4,18q
TAF4B,18q
TCF4,18q
TCF4-AS1,18q
TGIF1,18p
THOC1,18p
TIMM21,18q
TMEM200C,18p
TMEM241,18q
TMX3,18q
TNFRSF11A,18q
TPGS2,18q
TRAPPC8,18q
TSHZ1,18q
TTC39C,18q
TTC39C-AS1,18q
TTR,18q
TUBB6,18p
TUBB8B,18p
TWSG1,18p
TXNDC2,18p
TXNL1,18q
TXNL4A,18q
TYMS,18p
TYMSOS,18p
USP14,18p
VAPA,18p
VPS4B,18q
WBP11P1,18q
WDR7,18q
YES1,18p
ZADH2,18q
ZBTB14,18p
ZBTB7C,18q
ZCCHC2,18q
ZNF236,18q
ZNF236-DT,18q
ZNF24,18q
ZNF271P,18q
ZNF396,18q
ZNF397,18q
ZNF407,18q
ZNF516,18q
ZNF516-DT,18q
ZNF519,18p
ZNF521,18q
ZNF532,18q
ZSCAN30,18q
A1BG,19q
A1BG-AS1,19q
ABCA7,19p
ABHD17A,19p
ABHD8,19p
ACER1,19p
ACP4,19q
ACP5,19p
ACP7,19q
ACSBG2,19p
ACTL9,19p
ACTN4,19q
ADAMTS10,19p
ADAMTSL5,19p
ADAT3,19p
ADGRE1,19p
ADGRE2,19p
ADGRE3,19p
ADGRE4P,19p
ADGRE5,19p
ADGRL1,19p
ADM5,19q
AKAP8,19p
AKAP8L,19p
AKT1S1,19q
AKT2,19q
ALDH16A1,19q
ALKBH6,19q
ALKBH7,19p
AMH,19p
ANGPTL4,19p
ANGPTL6,19p
ANGPTL8,19p
ANKLE1,19p
ANKRD24,19p
ANKRD27,19q
ANO8,19p
AP1M1,19p
AP1M2,19p
AP2A1,19q
AP2S1,19q
AP3D1,19p
APBA3,19p
APC2,19p
APLP1,19q
APOC1,19q
APOC1P1,19q
APOC2,19q
APOC4,19q
APOC4-APOC2,19q
APOE,19q
ARHGAP33,19q
ARHGAP35,19q
ARHGAP45,19p
ARHGEF1,19q
ARHGEF18,19p
ARID3A,19p
ARMC6,19p
ARRDC2,19p
ARRDC5,19p
ASF1B,19p
ASPDH,19q
ATCAY,19p
ATF5,19q
ATG4D,19p
ATP13A1,19p
ATP1A3,19q
ATP4A,19q
ATP5F1D,19p
ATP8B3,19p
AURKC,19q
AXL,19q
AZU1,19p
B3GNT3,19p
B3GNT8,19q
B9D2,19q
BABAM1,19p
BAX,19q
BBC3,19q
BCAM,19q
BCAT2,19q
BCKDHA,19q
BCL2L12,19q
BCL3,19q
BEST2,19p
BICRA,19q
BIRC8,19q
BISPR,19p
BLOC1S3,19q
BLVRB,19q
BORCS8,19p
BORCS8-MEF2B,19p
BRD4,19p
BRSK1,19q
BSG,19p
BSPH1,19q
BST2,19p
BTBD2,19p
C19orf12,19q
C19orf18,19q
C19orf25,19p
C19orf33,19q
C19orf38,19p
C19orf44,19p
C19orf47,19q
C19orf48,19q
C19orf53,19p
C19orf54,19q
C19orf57,19p
C19orf67,19p
C19orf71,19p
C19orf73,19q
C19orf81,19q
C19orf84,19q
C2CD4C,19p
C3,19p
C3P1,19p
C5AR1,19q
C5AR2,19q
CA11,19q
CABP5,19q
CACNA1A,19p
CACNG6,19q
CACNG7,19q
CACNG8,19q
CACTIN,19p
CACTIN-AS1,19p
CADM4,19q
CALM3,19q
CALR,19p
CALR3,19p
CAMSAP3,19p
CAPN12,19q
CAPNS1,19q
CAPS,19p
CARD8,19q
CARD8-AS1,19q
CARM1,19p
CASP14,19p
CATSPERD,19p
CATSPERG,19q
CBARP,19p
CBLC,19q
CC2D1A,19p
CCDC105,19p
CCDC106,19q
CCDC114,19q
CCDC124,19p
CCDC130,19p
CCDC151,19p
CCDC159,19p
CCDC61,19q
CCDC8,19q
CCDC9,19q
CCDC97,19q
CCER2,19q
CCL25,19p
CCNE1,19q
CCNP,19q
CCNYL6,19p
CD177,19q
CD209,19p
CD22,19q
CD320,19p
CD33,19q
CD37,19q
CD70,19p
CD79A,19q
CDC34,19p
CDC37,19p
CDC42EP5,19q
CDKN2D,19p
CEACAM1,19q
CEACAM16,19q
CEACAM18,19q
CEACAM19,19q
CEACAM20,19q
CEACAM21,19q
CEACAM22P,19q
CEACAM3,19q
CEACAM4,19q
CEACAM5,19q
CEACAM6,19q
CEACAM7,19q
CEACAM8,19q
CEBPA,19q
CEBPA-DT,19q
CEBPG,19q
CELF5,19p
CENPBD1P1,19q
CEP89,19q
CERS1,19p
CERS4,19p
CFD,19p
CGB1,19q
CGB2,19q
CGB3,19q
CGB5,19q
CGB7,19q
CGB8,19q
CHAF1A,19p
CHERP,19p
CHMP2A,19q
CHST8,19q
CIB3,19p
CIC,19q
CILP2,19p
CIRBP,19p
CIRBP-AS1,19p
CKM,19q
CLASRP,19q
CLC,19q
CLDND2,19q
CLEC11A,19q
CLEC17A,19p
CLEC4G,19p
CLEC4GP1,19p
CLEC4M,19p
CLEC4O,19p
CLIP3,19q
CLPP,19p
CLPTM1,19q
CNFN,19q
CNN1,19p
CNN2,19p
CNOT3,19q
COL5A3,19p
COLGALT1,19p
COMP,19p
COPE,19p
COQ8B,19q
COX6B1,19q
COX6B2,19q
COX7A1,19q
CPAMD8,19p
CPT1C,19q
CRB3,19p
CREB3L3,19p
CRLF1,19p
CRTC1,19p
CRX,19q
CSNK1G2,19p
CSNK1G2-AS1,19p
CTU1,19q
CTXN1,19p
CXCL17,19q
CYP2A13,19q
CYP2A6,19q
CYP2A7,19q
CYP2B6,19q
CYP2B7P,19q
CYP2F1,19q
CYP2G1P,19q
CYP2S1,19q
CYP2T1P,19q
CYP4F11,19p
CYP4F12,19p
CYP4F2,19p
CYP4F22,19p
CYP4F24P,19p
CYP4F3,19p
CYP4F8,19p
CYTH2,19q
DACT3,19q
DACT3-AS1,19q
DAND5,19p
DAPK3,19p
DAZAP1,19p
DBP,19q
DCAF15,19p
DDA1,19p
DDX39A,19p
DDX49,19p
DEDD2,19q
DENND1C,19p
DHDH,19q
DHPS,19p
DHX34,19q
DIRAS1,19p
DKKL1,19q
DLL3,19q
DM1-AS,19q
DMAC2,19q
DMKN,19q
DMPK,19q
DMRTC2,19q
DMWD,19q
DNAAF3,19q
DNAJB1,19p
DNASE2,19p
DNM2,19p
DNMT1,19p
DOCK6,19p
DOHH,19p
DOT1L,19p
DPF1,19q
DPP9,19p
DPP9-AS1,19p
DPRX,19q
DPY19L3,19q
DUS3L,19p
DUXA,19q
DYRK1B,19q
EBI3,19p
ECH1,19q
ECSIT,19p
EDDM13,19q
EEF2,19p
EFNA2,19p
EGLN2,19q
EHD2,19q
EID2,19q
EID2B,19q
EIF3G,19p
EIF3K,19q
ELANE,19p
ELAVL1,19p
ELAVL3,19p
ELL,19p
ELOF1,19p
ELSPBP1,19q
EMC10,19q
EML2,19q
EML2-AS1,19q
EMP3,19q
EPHX3,19p
EPN1,19q
EPOR,19p
EPS15L1,19p
EPS8L1,19q
ERCC1,19q
ERCC2,19q
ERF,19q
ERFL,19q
ERICH4,19q
ERVK3-1,19q
ERVV-1,19q
ERVV-2,19q
ETFB,19q
ETHE1,19q
ETV2,19q
EVI5L,19p
EXOC3L2,19q
EXOSC5,19q
F2RL3,19p
FAAP24,19q
FAM174C,19p
FAM187B,19q
FAM32A,19p
FAM71E1,19q
FAM71E2,19q
FAM83E,19q
FAM90A27P,19q
FAM98C,19q
FARSA,19p
FARSA-AS1,19p
FBL,19q
FBN3,19p
FBXL12,19p
FBXO17,19q
FBXO27,19q
FBXO46,19q
FBXW9,19p
FCAR,19q
FCER2,19p
FCGBP,19q
FCGRT,19q
FCHO1,19p
FDX2,19p
FEM1A,19p
FFAR1,19q
FFAR2,19q
FFAR3,19q
FGF21,19q
FGF22,19p
FIZ1,19q
FKBP1AP1,19q
FKBP8,19p
FKRP,19q
FLJ25758,19p
FLT3LG,19q
FOSB,19q
FOXA3,19q
FPR1,19q
FPR2,19q
FPR3,19q
FSD1,19p
FSTL3,19p
FTL,19q
FUT1,19q
FUT2,19q
FUT3,19p
FUT5,19p
FUT6,19p
FUZ,19q
FXYD1,19q
FXYD3,19q
FXYD5,19q
FXYD7,19q
FZR1,19p
GADD45B,19p
GADD45GIP1,19p
GALP,19q
GAMT,19p
GAPDHS,19q
GARRE1,19q
GATAD2A,19p
GCDH,19p
GDF1,19p
GDF15,19p
GEMIN7,19q
GEMIN7-AS1,19q
GET3,19p
GFY,19q
GGN,19q
GIPC1,19p
GIPC3,19p
GIPR,19q
GMFG,19q
GMIP,19p
GNA11,19p
GNA15,19p
GNG14,19p
GNG7,19p
GNG8,19q
GOLGA2P9,19p
GP6,19q
GPATCH1,19q
GPI,19q
GPR108,19p
GPR32,19q
GPR4,19q
GPR42,19q
GPX4,19p
GRAMD1A,19q
GRIK5,19q
GRIN2D,19q
GRIN3B,19p
GRWD1,19q
GSK3A,19q
GTF2F1,19p
GTPBP3,19p
GYS1,19q
GZMM,19p
HAMP,19q
HAPLN4,19p
HAS1,19q
HAUS5,19q
HAUS8,19p
HAVCR1P1,19p
HCN2,19p
HCST,19q
HDGFL2,19p
HIF3A,19q
HIPK4,19q
HMG20B,19p
HNRNPA1P10,19p
HNRNPL,19q
HNRNPM,19p
HNRNPUL1,19q
HOMER3,19p
HOMER3-AS1,19p
HOOK2,19p
HPN,19q
HPN-AS1,19q
HRC,19q
HSD11B1L,19p
HSD17B14,19q
HSH2D,19p
HSPB6,19q
HSPBP1,19q
ICAM1,19p
ICAM3,19p
ICAM4,19p
ICAM5,19p
IER2,19p
IFI30,19p
IFNL1,19q
IFNL2,19q
IFNL3,19q
IFNL4,19q
IGFL1,19q
IGFL2,19q
IGFL2-AS1,19q
IGFL3,19q
IGFL4,19q
IGFLR1,19q
IGLON5,19q
IGSF23,19q
IL11,19q
IL12RB1,19p
IL27RA,19p
IL4I1,19q
ILF3,19p
ILF3-DT,19p
ILVBL,19p
INAFM1,19q
INSL3,19p
INSR,19p
IPO5P1,19p
IQCN,19p
IRF2BP1,19q
IRF3,19q
IRGC,19q
IRGQ,19q
ISOC2,19q
ISYNA1,19p
ITPKC,19q
IZUMO1,19q
IZUMO2,19q
IZUMO4,19p
JAK3,19p
JOSD2,19q
JSRP1,19p
JUNB,19p
JUND,19p
KANK2,19p
KANK3,19p
KASH5,19q
KCNA7,19q
KCNC3,19q
KCNJ14,19q
KCNK6,19q
KCNN1,19p
KCNN4,19q
KCTD15,19q
KDELR1,19q
KDM4B,19p
KEAP1,19p
KHSRP,19p
KIR2DL1,19q
KIR2DL2,19q
KIR2DL3,19q
KIR2DL4,19q
KIR2DS1,19q
KIR2DS2,19q
KIR2DS3,19q
KIR2DS4,19q
KIR2DS5,19q
KIR3DL1,19q
KIR3DL2,19q
KIR3DL3,19q
KIR3DS1,19q
KIR3DX1,19q
KIRREL2,19q
KISS1R,19p
KLC3,19q
KLF1,19p
KLF16,19p
KLF2,19p
KLHL26,19p
KLK1,19q
KLK10,19q
KLK11,19q
KLK12,19q
KLK13,19q
KLK14,19q
KLK15,19q
KLK2,19q
KLK3,19q
KLK4,19q
KLK5,19q
KLK6,19q
KLK7,19q
KLK8,19q
KLK9,19q
KLKP1,19q
KMT2B,19q
KMT5C,19q
KPTN,19q
KRI1,19p
KRTDAP,19q
KXD1,19p
LAIR1,19q
LAIR2,19q
LDLR,19p
LDLR-AS1,19p
LENG1,19q
LENG8,19q
LENG8-AS1,19q
LENG9,19q
LEUTX,19q
LGALS13,19q
LGALS14,19q
LGALS16,19q
LGALS17A,19q
LGALS4,19q
LGALS7,19q
LGALS7B,19q
LGI4,19q
LHB,19q
LIG1,19q
LILRA1,19q
LILRA2,19q
LILRA4,19q
LILRA5,19q
LILRA6,19q
LILRB1,19q
LILRB2,19q
LILRB3,19q
LILRB4,19q
LILRB5,19q
LILRP2,19q
LIM2,19q
LIN37,19q
LIN7B,19q
LINC00661,19p
LINC00662,19q
LINC00663,19p
LINC00664,19p
LINC00665,19q
LINC00904,19q
LINC00905,19p
LINC00906,19q
LINC01002,19p
LINC01224,19p
LINC01233,19p
LINC01480,19q
LINC01529,19q
LINC01530,19q
LINC01531,19q
LINC01532,19q
LINC01533,19q
LINC01534,19q
LINC01535,19q
LINC01766,19q
LINC01775,19p
LINC01782,19q
LINC01785,19p
LINC01791,19q
LINC01801,19q
LINC01838,19q
LINC01841,19p
LINC01842,19p
LINC01855,19p
LINC01858,19p
LINC01859,19p
LINC01864,19q
LINC01869,19q
LINC01872,19q
LINC02560,19q
LINGO3,19p
LIPE,19q
LIPE-AS1,19q
LMNB2,19p
LMTK3,19q
LOC100128398,19q
LOC100128568,19p
LOC100129935,19q
LOC100134317,19q
LOC100288123,19p
LOC100289333,19p
LOC100379224,19q
LOC100420587,19q
LOC100505555,19p
LOC100505585,19q
LOC100505622,19q
LOC100505715,19q
LOC100505851,19p
LOC100507373,19p
LOC100507551,19p
LOC100996349,19p
LOC100996351,19p
LOC101059948,19q
LOC101927151,19q
LOC101927572,19q
LOC101928063,19q
LOC101928295,19q
LOC101928517,19q
LOC101928804,19q
LOC101928844,19p
LOC101929124,19p
LOC101930071,19q
LOC102724908,19q
LOC102724958,19q
LOC102725023,19q
LOC102725254,19p
LOC105372273,19p
LOC105372383,19q
LOC105372397,19q
LOC105372440,19q
LOC105372441,19q
LOC105372480,19q
LOC105372483,19q
LOC105376917,19p
LOC105447645,19q
LOC112267881,19q
LOC112268354,19q
LOC112268355,19q
LOC284344,19q
LOC284379,19q
LOC284395,19q
LOC284412,19q
LOC284454,19p
LOC390877,19p
LOC400682,19p
LOC400684,19q
LOC400710,19q
LOC644189,19q
LOC644554,19q
LOC728485,19q
LOC728752,19q
LOC729966,19p
LOC93429,19q
LONP1,19p
LPAR2,19p
LRFN1,19q
LRFN3,19q
LRG1,19p
LRP3,19q
LRRC25,19p
LRRC4B,19q
LRRC8E,19p
LSM14A,19q
LSM4,19p
LSM7,19p
LSR,19q
LTBP4,19q
LYL1,19p
LYPD3,19q
LYPD4,19q
LYPD5,19q
LYPLA2P2,19p
MADCAM1,19p
MAG,19q
MAMSTR,19q
MAN2B1,19p
MAP1S,19p
MAP2K2,19p
MAP2K7,19p
MAP3K10,19q
MAP4K1,19q
MARCHF2,19p
MARK4,19q
MAST1,19p
MAST3,19p
MATK,19p
MAU2,19p
MBD3,19p
MBD3L1,19p
MBD3L2,19p
MBD3L2B,19p
MBD3L3,19p
MBD3L4,19p
MBD3L5,19p
MBOAT7,19q
MCEMP1,19p
MCOLN1,19p
MED16,19p
MED25,19q
MED26,19p
MED29,19q
MEF2B,19p
MEGF8,19q
MEIOSIN,19q
MEIS3,19q
MEX3D,19p
MFSD12,19p
MIA,19q
MIA-RAB4B,19q
MICOS13,19p
MIDN,19p
MIER2,19p
MIMT1,19q
MIR10394,19q
MIR1181,19p
MIR1199,19p
MIR1227,19p
MIR1238,19p
MIR125A,19q
MIR1270,19p
MIR1283-1,19q
MIR1283-2,19q
MIR1323,19q
MIR1470,19p
MIR150,19q
MIR181C,19p
MIR181D,19p
MIR1909,19p
MIR199A1,19p
MIR23A,19p
MIR24-2,19p
MIR27A,19p
MIR3187,19p
MIR3188,19p
MIR3189,19p
MIR3190,19q
MIR3191,19q
MIR320E,19q
MIR330,19q
MIR371A,19q
MIR371B,19q
MIR372,19q
MIR373,19q
MIR3940,19p
MIR4321,19p
MIR4322,19p
MIR4323,19q
MIR4324,19q
MIR4530,19q
MIR4531,19q
MIR4745,19p
MIR4746,19p
MIR4747,19p
MIR4748,19p
MIR4749,19q
MIR4750,19q
MIR4751,19q
MIR4752,19q
MIR4754,19q
MIR498,19q
MIR4999,19p
MIR5088,19q
MIR512-1,19q
MIR512-2,19q
MIR515-1,19q
MIR515-2,19q
MIR516A1,19q
MIR516A2,19q
MIR516B1,19q
MIR516B2,19q
MIR517A,19q
MIR517B,19q
MIR517C,19q
MIR518A1,19q
MIR518A2,19q
MIR518B,19q
MIR518C,19q
MIR518D,19q
MIR518E,19q
MIR518F,19q
MIR5196,19q
MIR519A1,19q
MIR519A2,19q
MIR519B,19q
MIR519C,19q
MIR519D,19q
MIR519E,19q
MIR520A,19q
MIR520B,19q
MIR520C,19q
MIR520D,19q
MIR520E,19q
MIR520F,19q
MIR520G,19q
MIR520H,19q
MIR521-1,19q
MIR521-2,19q
MIR522,19q
MIR523,19q
MIR524,19q
MIR525,19q
MIR526A1,19q
MIR526A2,19q
MIR526B,19q
MIR527,19q
MIR5589,19p
MIR5684,19p
MIR5695,19p
MIR6088,19q
MIR637,19p
MIR638,19p
MIR639,19p
MIR640,19p
MIR641,19q
MIR642A,19q
MIR642B,19q
MIR643,19q
MIR6515,19p
MIR6719,19q
MIR6789,19p
MIR6790,19p
MIR6791,19p
MIR6792,19p
MIR6793,19p
MIR6794,19p
MIR6795,19p
MIR6796,19q
MIR6797,19q
MIR6798,19q
MIR6799,19q
MIR6800,19q
MIR6801,19q
MIR6802,19q
MIR6803,19q
MIR6804,19q
MIR6805,19q
MIR6806,19q
MIR6807,19q
MIR6885,19p
MIR6886,19p
MIR6887,19q
MIR7-3,19p
MIR7-3HG,19p
MIR7108,19p
MIR769,19q
MIR7850,19p
MIR7974,19p
MIR7975,19q
MIR8061,19q
MIR8074,19q
MIR8077,19q
MIR8085,19q
MIR935,19q
MIR99B,19q
MIRLET7E,19q
MISP,19p
MISP3,19p
MKNK2,19p
MLLT1,19p
MOB3A,19p
MPND,19p
MPV17L2,19p
MRI1,19p
MRPL34,19p
MRPL4,19p
MRPL54,19p
MRPS12,19q
MUC16,19p
MVB12A,19p
MYADM,19q
MYBPC2,19q
MYDGF,19p
MYH14,19q
MYO1F,19p
MYO9B,19p
MYPOP,19q
MZF1,19q
MZF1-AS1,19q
NACC1,19p
NANOS2,19q
NANOS3,19p
NAPA,19q
NAPA-AS1,19q
NAPSA,19q
NAPSB,19q
NAT14,19q
NCAN,19p
NCCRP1,19q
NCLN,19p
NCR1,19q
NDUFA11,19p
NDUFA13,19p
NDUFA3,19q
NDUFA7,19p
NDUFB7,19p
NDUFS7,19p
NECTIN2,19q
NFIC,19p
NFILZ,19p
NFIX,19p
NFKBIB,19q
NFKBID,19q
NIBAN3,19p
NKG7,19q
NKPD1,19q
NLRP11,19q
NLRP12,19q
NLRP13,19q
NLRP2,19q
NLRP4,19q
NLRP5,19q
NLRP7,19q
NLRP8,19q
NLRP9,19q
NMRK2,19p
NOP53,19q
NOP53-AS1,19q
NOSIP,19q
NOTCH3,19p
NOVA2,19q
NPAS1,19q
NPHS1,19q
NR1H2,19q
NR2C2AP,19p
NR2F6,19p
NRTN,19p
NTF4,19q
NTN5,19q
NUCB1,19q
NUCB1-AS1,19q
NUDT19,19q
NUMBL,19q
NUP62,19q
NWD1,19p
NXNL1,19p
OAZ1,19p
OCEL1,19p
ODF3L2,19p
OLFM2,19p
ONECUT3,19p
OPA3,19q
OR10H1,19p
OR10H2,19p
OR10H3,19p
OR10H4,19p
OR10H5,19p
OR1I1,19p
OR1M1,19p
OR2Z1,19p
OR4F17,19p
OR7A10,19p
OR7A17,19p
OR7A5,19p
OR7C1,19p
OR7C2,19p
OR7D2,19p
OR7D4,19p
OR7E24,19p
OR7G1,19p
OR7G2,19p
OR7G3,19p
OSCAR,19q
OVOL3,19q
P2RY11,19p
PAF1,19q
PAFAH1B3,19q
PAK4,19q
PALM,19p
PALM3,19p
PBX4,19p
PCAT19,19q
PCP2,19p
PCSK4,19p
PDCD2L,19q
PDCD5,19q
PDE4A,19p
PDE4C,19p
PEAK3,19p
PEG3,19q
PEG3-AS1,19q
PEPD,19q
PET100,19p
PEX11G,19p
PGLS,19p
PGLYRP1,19q
PGLYRP2,19p
PGPEP1,19p
PHLDB3,19q
PIAS4,19p
PIH1D1,19q
PIK3R2,19p
PIN1,19p
PINLYP,19q
PIP5K1C,19p
PKN1,19p
PLA2G4C,19q
PLA2G4C-AS1,19q
PLAUR,19q
PLD3,19q
PLEKHA4,19q
PLEKHF1,19q
PLEKHG2,19q
PLEKHJ1,19p
PLIN3,19p
PLIN4,19p
PLIN5,19p
PLK5,19p
PLPP2,19p
PLPPR2,19p
PLPPR3,19p
PLVAP,19p
PNKP,19q
PNMA8A,19q
PNMA8B,19q
PNPLA6,19p
PODNL1,19p
POLD1,19q
POLR1G,19q
POLR2E,19p
POLR2I,19q
POLRMT,19p
POP4,19q
POU2F2,19q
PPAN,19p
PPAN-P2RY11,19p
PPFIA3,19q
PPM1N,19q
PPP1R12C,19q
PPP1R13L,19q
PPP1R14A,19q
PPP1R15A,19q
PPP1R37,19q
PPP2R1A,19q
PPP5C,19q
PPP5D1,19q
PPP6R1,19q
PRAM1,19p
PRDX2,19p
PRG1,19q
PRKACA,19p
PRKCG,19q
PRKCSH,19p
PRKD2,19q
PRMT1,19q
PRODH2,19q
PROSER3,19q
PRPF31,19q
PRR12,19q
PRR19,19q
PRR22,19p
PRR36,19p
PRRG2,19q
PRSS57,19p
PRTN3,19p
PRX,19q
PSENEN,19q
PSG1,19q
PSG10P,19q
PSG11,19q
PSG2,19q
PSG3,19q
PSG4,19q
PSG5,19q
PSG6,19q
PSG7,19q
PSG8,19q
PSG8-AS1,19q
PSG9,19q
PSMC4,19q
PSMD8,19q
PSPN,19p
PTBP1,19p
PTGER1,19p
PTGIR,19q
PTH2,19q
PTOV1,19q
PTOV1-AS1,19q
PTOV1-AS2,19q
PTPRH,19q
PTPRS,19p
PVR,19q
PWWP3A,19p
QPCTL,19q
QTRT1,19p
R3HDM4,19p
RAB11B,19p
RAB11B-AS1,19p
RAB3A,19p
RAB3D,19p
RAB4B,19q
RAB4B-EGLN2,19q
RAB8A,19p
RABAC1,19q
RAD23A,19p
RANBP3,19p
RASAL3,19p
RASGRP4,19q
RASIP1,19q
RAVER1,19p
RAX2,19p
RBM42,19q
RCN3,19q
RDH13,19q
RDH8,19p
REEP6,19p
RELB,19q
RETN,19p
REX1BD,19p
REXO1,19p
RFPL4A,19q
RFPL4AL1,19q
RFX1,19p
RFX2,19p
RFXANK,19p
RGL3,19p
RGS9BP,19q
RHPN2,19q
RINL,19q
RLN3,19p
RNASEH2A,19p
RNF126,19p
RNF225,19q
RPL13A,19q
RPL18,19q
RPL18A,19p
RPL28,19q
RPL36,19p
RPS11,19q
RPS15,19p
RPS16,19q
RPS19,19q
RPS28,19p
RPS5,19q
RPS9,19q
RPSAP58,19p
RRAS,19q
RSPH6A,19q
RTBDN,19p
RTN2,19q
RUVBL2,19q
RYR1,19q
S1PR2,19p
S1PR4,19p
S1PR5,19p
SAE1,19q
SAFB,19p
SAFB2,19p
SAMD1,19p
SAMD4B,19q
SARS2,19q
SBK2,19q
SBK3,19q
SBNO2,19p
SBSN,19q
SCAF1,19q
SCAMP4,19p
SCGB1B2P,19q
SCGB2B2,19q
SCGB2B3P,19q
SCN1B,19q
SDHAF1,19q
SEC1P,19q
SELENOV,19q
SELENOW,19q
SEMA6B,19p
SERTAD1,19q
SERTAD3,19q
SF3A2,19p
SGTA,19p
SH2D3A,19p
SH3GL1,19p
SHANK1,19q
SHC2,19p
SHD,19p
SHFL,19p
SHISA7,19q
SHKBP1,19q
SIGLEC10,19q
SIGLEC10-AS1,19q
SIGLEC11,19q
SIGLEC12,19q
SIGLEC14,19q
SIGLEC16,19q
SIGLEC17P,19q
SIGLEC5,19q
SIGLEC6,19q
SIGLEC7,19q
SIGLEC8,19q
SIGLEC9,19q
SIGLECL1,19q
SIN3B,19p
SIPA1L3,19q
SIRT2,19q
SIRT6,19p
SIX5,19q
SLC17A7,19q
SLC1A5,19q
SLC1A6,19p
SLC25A23,19p
SLC25A41,19p
SLC25A42,19p
SLC27A1,19p
SLC27A5,19q
SLC35E1,19p
SLC39A3,19p
SLC44A2,19p
SLC5A5,19p
SLC6A16,19q
SLC7A10,19q
SLC7A9,19q
SLC8A2,19q
SMARCA4,19p
SMG9,19q
SMIM17,19q
SMIM24,19p
SMIM7,19p
SNAPC2,19p
SNAR-A1,19q
SNAR-A10,19q
SNAR-A11,19q
SNAR-A12,19q
SNAR-A13,19q
SNAR-A14,19q
SNAR-A2,19q
SNAR-A3,19q
SNAR-A4,19q
SNAR-A5,19q
SNAR-A6,19q
SNAR-A7,19q
SNAR-A8,19q
SNAR-A9,19q
SNAR-B1,19q
SNAR-B2,19q
SNAR-C1,19q
SNAR-C2,19q
SNAR-C3,19q
SNAR-C4,19q
SNAR-C5,19q
SNAR-D,19q
SNAR-E,19q
SNAR-F,19q
SNAR-G1,19q
SNAR-G2,19q
SNORA104,19p
SNORA118,19p
SNORA68,19p
SNORA68B,19q
SNORD105,19p
SNORD105B,19p
SNORD135,19p
SNORD152,19q
SNORD157,19q
SNORD175,19q
SNORD23,19q
SNORD32A,19q
SNORD33,19q
SNORD34,19q
SNORD35A,19q
SNORD35B,19q
SNORD37,19p
SNORD41,19p
SNORD88A,19q
SNORD88B,19q
SNORD88C,19q
SNRNP70,19q
SNRPA,19q
SNRPD2,19q
SPACA4,19q
SPACA6,19q
SPACA6P-AS,19q
SPC24,19p
SPHK2,19q
SPIB,19q
SPINT2,19q
SPPL2B,19p
SPRED3,19q
SPTBN4,19q
SRRM5,19q
SSBP4,19p
SSC5D,19q
STAP2,19p
STK11,19p
STRN4,19q
STX10,19p
STXBP2,19p
SUGP1,19p
SUGP2,19p
SULT2A1,19q
SULT2B1,19q
SUPT5H,19q
SWSAP1,19p
SYCE2,19p
SYCN,19q
SYDE1,19p
SYMPK,19q
SYNE4,19q
SYNGR4,19q
SYT3,19q
SYT5,19q
TARM1,19q
TBC1D17,19q
TBCB,19q
TBXA2R,19p
TCF3,19p
TDRD12,19q
TEAD2,19q
TECR,19p
TEX101,19q
TEX45,19p
TFPT,19q
TGFB1,19q
TGFBR3L,19p
THAP8,19q
THEG,19p
THEG5,19q
THOP1,19p
TICAM1,19p
TIMM13,19p
TIMM29,19p
TIMM44,19p
TIMM50,19q
TINCR,19p
TJP3,19p
TLE2,19p
TLE5,19p
TLE6,19p
TM6SF2,19p
TMC4,19q
TMED1,19p
TMEM143,19q
TMEM145,19q
TMEM147,19q
TMEM147-AS1,19q
TMEM150B,19q
TMEM160,19q
TMEM161A,19p
TMEM190,19q
TMEM205,19p
TMEM221,19p
TMEM238,19q
TMEM259,19p
TMEM38A,19p
TMEM59L,19p
TMEM86B,19q
TMEM91,19q
TMIGD2,19p
TMPRSS9,19p
TNFAIP8L1,19p
TNFSF14,19p
TNFSF9,19p
TNNI3,19q
TNNT1,19q
TNPO2,19p
TOMM40,19q
TPGS1,19p
TPM3P9,19q
TPM4,19p
TPRX1,19q
TRAPPC2B,19q
TRAPPC5,19p
TRAPPC6A,19q
TRIM28,19q
TRIP10,19p
TRIR,19p
TRMT1,19p
TRPM4,19q
TSEN34,19q
TSHZ3,19q
TSKS,19q
TSPAN16,19p
TSSK6,19p
TTC9B,19q
TTYH1,19q
TUBB4A,19p
TULP2,19q
TYK2,19p
TYROBP,19q
U2AF1L4,19q
U2AF2,19q
UBA2,19q
UBA52,19p
UBE2CP5,19q
UBE2M,19q
UBE2S,19q
UBL5,19p
UBXN6,19p
UCA1,19p
UHRF1,19p
UNC13A,19p
UPF1,19p
UPK1A,19q
UPK1A-AS1,19q
UQCR11,19p
UQCRFS1,19q
URI1,19q
USE1,19p
USF2,19q
USHBP1,19p
USP29,19q
VASP,19q
VAV1,19p
VMAC,19p
VN1R1,19q
VN1R2,19q
VN1R4,19q
VRK3,19q
VSIG10L,19q
VSTM1,19q
VSTM2B,19q
WASH5P,19p
WDR18,19p
WDR62,19q
WDR83,19p
WDR83OS,19p
WDR87,19q
WDR87BP,19q
WDR88,19q
WIZ,19p
WTIP,19q
XAB2,19p
XRCC1,19q
YIF1B,19q
YIPF2,19p
YJEFN3,19p
YJU2,19p
ZBTB32,19q
ZBTB45,19q
ZBTB7A,19p
ZC3H4,19q
ZFP14,19q
ZFP28,19q
ZFP30,19q
ZFP36,19q
ZFP82,19q
ZFR2,19p
ZGLP1,19p
ZIK1,19q
ZIM2,19q
ZIM2-AS1,19q
ZIM3,19q
ZNF100,19p
ZNF101,19p
ZNF112,19q
ZNF114,19q
ZNF121,19p
ZNF132,19q
ZNF134,19q
ZNF135,19q
ZNF136,19p
ZNF137P,19q
ZNF14,19p
ZNF146,19q
ZNF154,19q
ZNF155,19q
ZNF160,19q
ZNF17,19q
ZNF175,19q
ZNF177,19p
ZNF180,19q
ZNF181,19q
ZNF20,19p
ZNF208,19p
ZNF211,19q
ZNF221,19q
ZNF222,19q
ZNF223,19q
ZNF224,19q
ZNF225,19q
ZNF226,19q
ZNF227,19q
ZNF229,19q
ZNF230,19q
ZNF233,19q
ZNF234,19q
ZNF235,19q
ZNF253,19p
ZNF254,19p
ZNF256,19q
ZNF257,19p
ZNF260,19q
ZNF264,19q
ZNF266,19p
ZNF274,19q
ZNF28,19q
ZNF283,19q
ZNF284,19q
ZNF285,19q
ZNF296,19q
ZNF30,19q
ZNF30-AS1,19q
ZNF302,19q
ZNF304,19q
ZNF317,19p
ZNF320,19q
ZNF321P,19q
ZNF324,19q
ZNF324B,19q
ZNF329,19q
ZNF331,19q
ZNF333,19p
ZNF345,19q
ZNF347,19q
ZNF350,19q
ZNF350-AS1,19q
ZNF358,19p
ZNF382,19q
ZNF383,19q
ZNF404,19q
ZNF414,19p
ZNF415,19q
ZNF416,19q
ZNF417,19q
ZNF418,19q
ZNF419,19q
ZNF420,19q
ZNF426,19p
ZNF426-DT,19p
ZNF428,19q
ZNF429,19p
ZNF43,19p
ZNF430,19p
ZNF431,19p
ZNF432,19q
ZNF433,19p
ZNF433-AS1,19p
ZNF439,19p
ZNF44,19p
ZNF440,19p
ZNF441,19p
ZNF442,19p
ZNF443,19p
ZNF444,19q
ZNF446,19q
ZNF45,19q
ZNF460,19q
ZNF460-AS1,19q
ZNF461,19q
ZNF468,19q
ZNF470,19q
ZNF471,19q
ZNF473,19q
ZNF480,19q
ZNF486,19p
ZNF490,19p
ZNF491,19p
ZNF492,19p
ZNF493,19p
ZNF497,19q
ZNF506,19p
ZNF507,19q
ZNF524,19q
ZNF525,19q
ZNF526,19q
ZNF527,19q
ZNF528,19q
ZNF528-AS1,19q
ZNF529,19q
ZNF529-AS1,19q
ZNF530,19q
ZNF534,19q
ZNF536,19q
ZNF540,19q
ZNF541,19q
ZNF542P,19q
ZNF543,19q
ZNF544,19q
ZNF546,19q
ZNF547,19q
ZNF548,19q
ZNF549,19q
ZNF550,19q
ZNF551,19q
ZNF552,19q
ZNF554,19p
ZNF555,19p
ZNF556,19p
ZNF557,19p
ZNF558,19p
ZNF559,19p
ZNF559-ZNF177,19p
ZNF56,19p
ZNF560,19p
ZNF561,19p
ZNF561-AS1,19p
ZNF562,19p
ZNF563,19p
ZNF564,19p
ZNF565,19q
ZNF566,19q
ZNF567,19q
ZNF568,19q
ZNF569,19q
ZNF57,19p
ZNF570,19q
ZNF571,19q
ZNF571-AS1,19q
ZNF573,19q
ZNF574,19q
ZNF575,19q
ZNF576,19q
ZNF577,19q
ZNF578,19q
ZNF579,19q
ZNF580,19q
ZNF581,19q
ZNF582,19q
ZNF582-AS1,19q
ZNF583,19q
ZNF584,19q
ZNF585A,19q
ZNF585B,19q
ZNF586,19q
ZNF587,19q
ZNF587B,19q
ZNF599,19q
ZNF600,19q
ZNF606,19q
ZNF607,19q
ZNF610,19q
ZNF611,19q
ZNF613,19q
ZNF614,19q
ZNF615,19q
ZNF616,19q
ZNF625,19p
ZNF625-ZNF20,19p
ZNF626,19p
ZNF627,19p
ZNF628,19q
ZNF649,19q
ZNF649-AS1,19q
ZNF653,19p
ZNF66,19p
ZNF665,19q
ZNF667,19q
ZNF667-AS1,19q
ZNF671,19q
ZNF675,19p
ZNF676,19p
ZNF677,19q
ZNF681,19p
ZNF682,19p
ZNF69,19p
ZNF699,19p
ZNF700,19p
ZNF701,19q
ZNF702P,19q
ZNF708,19p
ZNF709,19p
ZNF71,19q
ZNF71-SMIM17,19q
ZNF714,19p
ZNF723,19p
ZNF724,19p
ZNF726,19p
ZNF728,19p
ZNF729,19p
ZNF730,19p
ZNF737,19p
ZNF738,19p
ZNF749,19q
ZNF761,19q
ZNF763,19p
ZNF765,19q
ZNF765-ZNF761,19q
ZNF766,19q
ZNF77,19p
ZNF772,19q
ZNF773,19q
ZNF776,19q
ZNF780A,19q
ZNF780B,19q
ZNF781,19q
ZNF784,19q
ZNF787,19q
ZNF788P,19p
ZNF790,19q
ZNF790-AS1,19q
ZNF791,19p
ZNF792,19q
ZNF793,19q
ZNF793-AS1,19q
ZNF799,19p
ZNF8,19q
ZNF8-ERVK3-1,19q
ZNF805,19q
ZNF807P,19q
ZNF808,19q
ZNF812P,19p
ZNF813,19q
ZNF814,19q
ZNF816,19q
ZNF816-ZNF321P,19q
ZNF818P,19q
ZNF823,19p
ZNF826P,19p
ZNF829,19q
ZNF83,19q
ZNF833P,19p
ZNF835,19q
ZNF836,19q
ZNF837,19q
ZNF841,19q
ZNF844,19p
ZNF845,19q
ZNF846,19p
ZNF85,19p
ZNF850,19q
ZNF865,19q
ZNF875,19q
ZNF878,19p
ZNF880,19q
ZNF888,19q
ZNF90,19p
ZNF91,19p
ZNF93,19p
ZNF98,19p
ZNF99,19p
ZNRF4,19p
ZSCAN1,19q
ZSCAN18,19q
ZSCAN22,19q
ZSCAN4,19q
ZSCAN5A,19q
ZSCAN5B,19q
ZSCAN5C,19q
ZSWIM4,19p
ZSWIM9,19q
AAK1,2p
AAMP,2q
ABCA12,2q
ABCB11,2q
ABCB6,2q
ABCG5,2p
ABCG8,2p
ABHD1,2p
ABI2,2q
ACADL,2q
ACKR3,2q
ACMSD,2q
ACOXL,2q
ACOXL-AS1,2q
ACP1,2p
ACSL3,2q
ACTG2,2p
ACTR1B,2q
ACTR2,2p
ACTR3,2q
ACTR3-AS1,2q
ACTR3BP2,2p
ACVR1,2q
ACVR1C,2q
ACVR2A,2q
ACYP2,2p
ADAM17,2p
ADAM23,2q
ADCY3,2p
ADD2,2p
ADGRF3,2p
ADI1,2p
ADRA2B,2q
AFF3,2q
AFTPH,2p
AGAP1,2q
AGAP1-IT1,2q
AGBL5,2p
AGBL5-AS1,2p
AGFG1,2q
AGPS,2q
AGXT,2q
AHCTF1P1,2q
AHSA2P,2p
ALK,2p
ALKAL2,2p
ALLC,2p
ALMS1,2p
ALMS1-IT1,2p
ALMS1P1,2p
ALPG,2q
ALPI,2q
ALPP,2q
ALS2,2q
AMER3,2q
AMMECR1L,2q
ANAPC1,2q
ANAPC1P1,2p
ANAPC1P2,2p
ANAPC1P4,2p
ANAPC1P6,2q
ANKAR,2q
ANKMY1,2q
ANKRD20A8P,2q
ANKRD23,2q
ANKRD30BL,2q
ANKRD36,2q
ANKRD36B,2q
ANKRD36BP2,2p
ANKRD36C,2q
ANKRD39,2q
ANKRD44,2q
ANKRD44-AS1,2q
ANKRD44-IT1,2q
ANKRD53,2p
ANKZF1,2q
ANO7,2q
ANTXR1,2p
ANXA4,2p
AOX1,2q
AOX3P-AOX2P,2q
AP1S3,2q
APLF,2p
APOB,2p
AQP12A,2q
AQP12B,2q
ARHGAP15,2q
ARHGAP25,2p
ARHGEF33,2p
ARHGEF4,2q
ARID5A,2q
ARL4C,2q
ARL5A,2q
ARL6IP6,2q
ARMC9,2q
ARPC2,2q
ASAP2,2p
ASB1,2q
ASB18,2q
ASB3,2p
ASDURF,2q
ASIC4,2q
ASNSD1,2q
ASPRV1,2p
ASTL,2q
ASXL2,2p
ATAD2B,2p
ATF2,2q
ATG16L1,2q
ATG4B,2q
ATG9A,2q
ATIC,2q
ATL2,2p
ATOH8,2p
ATP5MC3,2q
ATP6V1B1,2p
ATP6V1B1-AS1,2p
ATP6V1C2,2p
ATP6V1E2,2p
ATRAID,2p
AUP1,2p
B3GALT1,2q
B3GALT1-AS1,2q
B3GNT2,2p
B3GNT7,2q
BABAM2,2p
BABAM2-AS1,2p
BARD1,2q
BAZ2B,2q
BBS5,2q
BCL11A,2p
BCL2L11,2q
BCS1L,2q
BCYRN1,2p
BIN1,2q
BIRC6,2p
BIRC6-AS2,2p
BMP10,2p
BMPR2,2q
BMS1P14,2q
BOK,2q
BOK-AS1,2q
BOLA3,2p
BOLA3-AS1,2p
BOLL,2q
BUB1,2q
BZW1,2q
BZW1-AS1,2q
C1D,2p
C1GALT1C1L,2p
C1QL2,2q
C2CD6,2q
C2orf15,2q
C2orf16,2p
C2orf27A,2q
C2orf42,2p
C2orf49,2q
C2orf50,2p
C2orf66,2q
C2orf68,2p
C2orf69,2q
C2orf72,2q
C2orf73,2p
C2orf74,2p
C2orf76,2q
C2orf78,2p
C2orf80,2q
C2orf81,2p
C2orf83,2q
C2orf88,2q
C2orf91,2p
C2orf92,2q
CAB39,2q
CACNB4,2q
CAD,2p
CALCRL,2q
CALM2,2p
CAMKMT,2p
CAPG,2p
CAPN10,2q
CAPN10-DT,2q
CAPN13,2p
CAPN14,2p
CARF,2q
CASP10,2q
CASP8,2q
CATIP,2q
CATIP-AS1,2q
CATIP-AS2,2q
CAVIN2,2q
CBWD2,2q
CCDC115,2q
CCDC121,2p
CCDC138,2q
CCDC140,2q
CCDC141,2q
CCDC142,2p
CCDC148,2q
CCDC148-AS1,2q
CCDC150,2q
CCDC173,2q
CCDC74A,2q
CCDC74B,2q
CCDC85A,2p
CCDC88A,2p
CCDC93,2q
CCL20,2q
CCNT2,2q
CCNT2-AS1,2q
CCNYL1,2q
CCT4,2p
CCT7,2p
CD207,2p
CD28,2q
CD302,2q
CD8A,2p
CD8B,2p
CD8B2,2q
CDC42EP3,2p
CDCA7,2q
CDK15,2q
CDK5R2,2q
CDKL4,2p
CDRT15P3,2q
CEBPZ,2p
CEBPZOS,2p
CENPA,2p
CENPO,2p
CEP68,2p
CERKL,2q
CERS6,2q
CERS6-AS1,2q
CFAP221,2q
CFAP36,2p
CFAP65,2q
CFC1,2q
CFC1B,2q
CFLAR,2q
CFLAR-AS1,2q
CGREF1,2p
CHAC2,2p
CHCHD5,2q
CHMP3,2p
CHN1,2q
CHPF,2q
CHRNA1,2q
CHRND,2q
CHRNG,2q
CHROMR,2q
CHST10,2q
CIAO1,2q
CIB4,2p
CIR1,2q
CKAP2L,2q
CLASP1,2q
CLEC4F,2p
CLHC1,2p
CLIP4,2p
CLK1,2q
CMPK2,2p
CNGA3,2q
CNNM3,2q
CNNM3-DT,2q
CNNM4,2q
CNOT11,2q
CNOT9,2q
CNPPD1,2q
CNRIP1,2p
CNTNAP5,2q
COA5,2q
COBLL1,2q
COL3A1,2q
COL4A3,2q
COL4A4,2q
COL5A2,2q
COL6A3,2q
COLEC11,2p
COMMD1,2p
COPS7B,2q
COPS8,2q
COPS9,2q
COQ10B,2q
COX5B,2q
COX7A2L,2p
CPO,2q
CPS1,2q
CPS1-IT1,2q
CPSF3,2p
CRACDL,2q
CREB1,2q
CREG2,2q
CRIM1,2p
CRIM1-DT,2p
CRIPT,2p
CROCC2,2q
CRYBA2,2q
CRYGA,2q
CRYGB,2q
CRYGC,2q
CRYGD,2q
CSRNP3,2q
CT75,2q
CTDSP1,2q
CTLA4,2q
CTNNA2,2p
CTNNA2-AS1,2p
CUL3,2q
CWC22,2q
CXCR1,2q
CXCR2,2q
CXCR2P1,2q
CXCR4,2q
CYBRD1,2q
CYP1B1,2p
CYP1B1-AS1,2p
CYP20A1,2q
CYP26B1,2p
CYP27A1,2q
CYP27C1,2q
CYP4F30P,2q
CYP4F62P,2q
CYRIA,2p
CYS1,2p
CYTIP,2q
CYTOR,2p
D2HGDH,2q
DAPL1,2q
DARS-AS1,2q
DARS1,2q
DAW1,2q
DBI,2q
DBIL5P2,2p
DCAF17,2q
DCDC2C,2p
DCTN1,2p
DCTN1-AS1,2p
DDX1,2p
DDX11L2,2q
DDX18,2q
DES,2q
DGKD,2q
DGUOK,2p
DGUOK-AS1,2p
DHFRP3,2p
DHRS9,2q
DHX57,2p
DIRC1,2q
DIRC3,2q
DIRC3-AS1,2q
DIS3L2,2q
DLX1,2q
DLX2,2q
DLX2-DT,2q
DNAH6,2p
DNAH7,2q
DNAJB2,2q
DNAJB3,2q
DNAJC10,2q
DNAJC27,2p
DNAJC27-AS1,2p
DNAJC5G,2p
DNER,2q
DNMT3A,2p
DNPEP,2q
DOCK10,2q
DOK1,2p
DPP10,2q
DPP10-AS1,2q
DPP10-AS3,2q
DPP4,2q
DPP4-DT,2q
DPY30,2p
DPYSL5,2p
DQX1,2p
DRC1,2p
DTNB,2p
DTYMK,2q
DUSP11,2p
DUSP19,2q
DUSP2,2q
DUSP28,2q
DYNC1I2,2q
DYNC2LI1,2p
DYSF,2p
DYTN,2q
E2F6,2p
ECEL1,2q
ECEL1P2,2q
ECRG4,2q
EDAR,2q
EEF1B2,2q
EFEMP1,2p
EFHD1,2q
EFR3B,2p
EGR4,2p
EHBP1,2p
EHD3,2p
EIF2AK2,2p
EIF2AK3,2p
EIF2AK3-DT,2p
EIF2B4,2p
EIF4E2,2q
EIF5B,2q
EIPR1,2p
ELMOD3,2p
EMILIN1,2p
EML4,2p
EML4-AS1,2p
EML6,2p
EMX1,2p
EN1,2q
EPAS1,2p
EPB41L5,2q
EPC2,2q
EPCAM,2p
EPCAM-DT,2p
EPHA4,2q
ERBB4,2q
ERCC3,2q
ERFE,2q
ERICH2,2q
ERLEC1,2p
ERMN,2q
ESPNL,2q
ETAA1,2p
EVA1A,2p
EVX2,2q
EXOC6B,2p
FABP1,2p
FAHD2A,2q
FAHD2B,2q
FAHD2CP,2q
FAM110C,2p
FAM117B,2q
FAM124B,2q
FAM126B,2q
FAM133DP,2q
FAM136A,2p
FAM138B,2q
FAM161A,2p
FAM166C,2p
FAM168B,2q
FAM171B,2q
FAM178B,2q
FAM201B,2q
FAM228A,2p
FAM228B,2p
FAM237A,2q
FAM240C,2q
FAM95A,2q
FAM98A,2p
FANCL,2p
FAP,2q
FAR2P1,2q
FAR2P2,2q
FARP2,2q
FARSB,2q
FASTKD1,2q
FASTKD2,2q
FBLN7,2q
FBXO11,2p
FBXO36,2q
FBXO41,2p
FBXO48,2p
FER1L5,2q
FEV,2q
FEZ2,2p
FHL2,2q
FIGLA,2p
FIGN,2q
FKBP1B,2p
FKBP7,2q
FLACC1,2q
FLJ31356,2p
FLJ33534,2p
FLJ42351,2q
FLJ46875,2q
FMNL2,2q
FN1,2q
FNDC4,2p
FOSL2,2p
FOXD4L1,2q
FOXI3,2p
FOXN2,2p
FRZB,2q
FSHR,2p
FSIP2,2q
FSIP2-AS1,2q
FSIP2-AS2,2q
FTCDNL1,2q
FTH1P3,2p
FUNDC2P2,2p
FZD5,2q
FZD7,2q
G6PC2,2q
GACAT1,2q
GACAT3,2p
GAD1,2q
GAL3ST2,2q
GALM,2p
GALNT13,2q
GALNT14,2p
GALNT3,2q
GALNT5,2q
GAREM2,2p
GBX2,2q
GCA,2q
GCC2,2q
GCC2-AS1,2q
GCFC2,2p
GCG,2q
GCKR,2p
GCSHP3,2q
GCSIR,2q
GDF7,2p
GEMIN6,2p
GEN1,2p
GFPT1,2p
GGCX,2p
GGT8P,2p
GIGYF2,2q
GKN1,2p
GKN2,2p
GLB1L,2q
GLI2,2q
GLS,2q
GMCL1,2p
GMPPA,2q
GNLY,2p
GORASP2,2q
GPAT2,2q
GPATCH11,2p
GPBAR1,2q
GPC1,2q
GPD2,2q
GPN1,2p
GPR1,2q
GPR1-AS,2q
GPR148,2q
GPR155,2q
GPR17,2q
GPR35,2q
GPR39,2q
GPR45,2q
GPR55,2q
GPR75,2p
GPR75-ASB3,2p
GRASLND,2p
GRB14,2q
GREB1,2p
GRHL1,2p
GTDC1,2q
GTF2A1L,2p
GTF3C2,2p
GTF3C2-AS1,2p
GTF3C3,2q
GULP1,2q
GYPC,2q
HAAO,2p
HADHA,2p
HADHB,2p
HAGLR,2q
HAGLROS,2q
HAT1,2q
HDAC4,2q
HDAC4-AS1,2q
HDLBP,2q
HEATR5B,2p
HECW2,2q
HECW2-AS1,2q
HES6,2q
HIBCH,2q
HJURP,2q
HK2,2p
HNMT,2q
HNRNPA3,2q
HNRNPLL,2p
HOXD-AS2,2q
HOXD1,2q
HOXD10,2q
HOXD11,2q
HOXD12,2q
HOXD13,2q
HOXD3,2q
HOXD4,2q
HOXD8,2q
HOXD9,2q
HPCAL1,2p
HS1BP3,2p
HS1BP3-IT1,2p
HS6ST1,2q
HSPD1,2q
HSPE1,2q
HSPE1-MOB4,2q
HTR2B,2q
HTRA2,2p
IAH1,2p
ICA1L,2q
ICOS,2q
ID2,2p
ID2-AS1,2p
IDH1,2q
IDH1-AS1,2q
IFIH1,2q
IFT172,2p
IGFBP2,2q
IGFBP5,2q
IHH,2q
IKZF2,2q
IL18R1,2q
IL18RAP,2q
IL1A,2q
IL1B,2q
IL1F10,2q
IL1R1,2q
IL1R2,2q
IL1RL1,2q
IL1RL2,2q
IL1RN,2q
IL36A,2q
IL36B,2q
IL36G,2q
IL36RN,2q
IL37,2q
ILKAP,2q
IMMT,2p
IMP4,2q
ING5,2q
INHA,2q
INHBB,2q
INO80B,2p
INO80B-WBP1,2p
INO80D,2q
INPP1,2q
INPP4A,2q
INPP5D,2q
INSIG2,2q
IQCA1,2q
IRS1,2q
ITGA4,2q
ITGA6,2q
ITGA6-AS1,2q
ITGAV,2q
ITGB1BP1,2p
ITGB6,2q
ITM2C,2q
ITPRID2,2q
ITPRIPL1,2q
ITSN2,2p
IWS1,2q
KANSL1L,2q
KANSL1L-AS1,2q
KANSL3,2q
KCMF1,2p
KCNE4,2q
KCNF1,2p
KCNG3,2p
KCNH7,2q
KCNH7-AS1,2q
KCNIP3,2q
KCNJ13,2q
KCNJ3,2q
KCNK12,2p
KCNK3,2p
KCNS3,2p
KCTD18,2q
KDM3A,2p
KHK,2p
KIAA1841,2p
KIAA2012,2q
KIAA2012-AS1,2q
KIDINS220,2p
KIF1A,2q
KIF3C,2p
KIF5C,2q
KLF11,2p
KLF7,2q
KLHL23,2q
KLHL29,2p
KLHL30,2q
KLHL41,2q
KRCC1,2p
KRTCAP3,2p
KYNU,2q
LANCL1,2q
LANCL1-AS1,2q
LAPTM4A,2p
LBH,2p
LBX2,2p
LBX2-AS1,2p
LCLAT1,2p
LCT,2q
LCT-AS1,2q
LDAH,2p
LGALSL,2p
LHCGR,2p
LIMS1,2q
LIMS1-AS1,2q
LIMS2,2q
LIMS3,2q
LIMS3-LOC440895,2q
LIMS4,2q
LINC00211,2p
LINC00276,2p
LINC00298,2p
LINC00299,2p
LINC00309,2p
LINC00342,2q
LINC00471,2q
LINC00486,2p
LINC00487,2p
LINC00570,2p
LINC00607,2q
LINC00608,2q
LINC00954,2p
LINC01087,2q
LINC01090,2q
LINC01101,2q
LINC01102,2q
LINC01103,2q
LINC01104,2q
LINC01106,2q
LINC01107,2q
LINC01114,2q
LINC01115,2p
LINC01116,2q
LINC01117,2q
LINC01118,2p
LINC01119,2p
LINC01120,2q
LINC01121,2p
LINC01122,2p
LINC01123,2q
LINC01124,2q
LINC01126,2p
LINC01127,2q
LINC01143,2p
LINC01159,2q
LINC01173,2q
LINC01185,2p
LINC01191,2q
LINC01237,2q
LINC01238,2q
LINC01246,2p
LINC01247,2p
LINC01248,2p
LINC01249,2p
LINC01250,2p
LINC01280,2q
LINC01291,2p
LINC01304,2p
LINC01305,2q
LINC01317,2p
LINC01318,2p
LINC01320,2p
LINC01376,2p
LINC01381,2p
LINC01412,2q
LINC01460,2p
LINC01473,2q
LINC01494,2q
LINC01593,2q
LINC01594,2q
LINC01614,2q
LINC01628,2p
LINC01790,2q
LINC01792,2q
LINC01793,2p
LINC01795,2p
LINC01796,2q
LINC01797,2p
LINC01798,2p
LINC01799,2p
LINC01800,2p
LINC01802,2q
LINC01803,2q
LINC01804,2p
LINC01805,2p
LINC01806,2q
LINC01807,2q
LINC01809,2p
LINC01810,2p
LINC01812,2p
LINC01813,2p
LINC01814,2p
LINC01815,2p
LINC01816,2p
LINC01817,2q
LINC01819,2p
LINC01820,2p
LINC01821,2q
LINC01822,2p
LINC01826,2q
LINC01828,2p
LINC01829,2p
LINC01831,2q
LINC01832,2q
LINC01833,2p
LINC01849,2q
LINC01851,2p
LINC01854,2q
LINC01856,2q
LINC01857,2q
LINC01865,2p
LINC01867,2p
LINC01873,2p
LINC01874,2p
LINC01875,2p
LINC01876,2q
LINC01877,2q
LINC01878,2q
LINC01880,2q
LINC01881,2q
LINC01883,2p
LINC01884,2p
LINC01886,2q
LINC01891,2q
LINC01907,2q
LINC01913,2p
LINC01914,2p
LINC01918,2q
LINC01920,2q
LINC01921,2q
LINC01923,2q
LINC01931,2q
LINC01934,2q
LINC01935,2q
LINC01936,2p
LINC01939,2p
LINC01940,2q
LINC01941,2q
LINC01945,2q
LINC01946,2p
LINC01953,2q
LINC01954,2p
LINC01960,2q
LINC01963,2q
LINC01964,2p
LINC02245,2p
LINC02478,2q
LINC02572,2q
LINC02579,2p
LINC02580,2p
LINC02583,2p
LINC02610,2q
LINC02611,2q
LINC02612,2q
LINC02613,2p
LIPT1,2q
LMAN2L,2q
LNPK,2q
LOC100129175,2q
LOC100129434,2p
LOC100130449,2q
LOC100130452,2q
LOC100130691,2q
LOC100132215,2p
LOC100133920,2q
LOC100144595,2q
LOC100286922,2q
LOC100287010,2q
LOC100287387,2q
LOC100288570,2q
LOC100499194,2q
LOC100505716,2p
LOC100505736,2p
LOC100505774,2p
LOC100506076,2q
LOC100506123,2q
LOC100506124,2q
LOC100506274,2p
LOC100506474,2p
LOC100507006,2p
LOC100507334,2q
LOC100507443,2q
LOC100509620,2q
LOC100996637,2p
LOC101926913,2q
LOC101927050,2p
LOC101927053,2q
LOC101927055,2q
LOC101927402,2p
LOC101927509,2q
LOC101927661,2p
LOC101927709,2q
LOC101927881,2q
LOC101927884,2p
LOC101927948,2p
LOC101927960,2q
LOC101927967,2p
LOC101928222,2p
LOC101928273,2q
LOC101928371,2p
LOC101928386,2q
LOC101928881,2q
LOC101929319,2q
LOC101929452,2p
LOC101929512,2q
LOC101929532,2q
LOC101929551,2p
LOC101929633,2q
LOC101929882,2p
LOC102723730,2p
LOC102724058,2q
LOC102724579,2p
LOC102724849,2q
LOC105373352,2p
LOC105373394,2p
LOC105373496,2q
LOC105373553,2q
LOC105373562,2q
LOC105373609,2q
LOC105373656,2q
LOC105373759,2q
LOC105373782,2q
LOC105373805,2q
LOC105373876,2q
LOC105374378,2p
LOC105374389,2p
LOC105374820,2p
LOC107985770,2p
LOC107985820,2q
LOC107985856,2p
LOC107985911,2p
LOC107985939,2q
LOC107985946,2q
LOC150935,2q
LOC284950,2p
LOC285000,2q
LOC285097,2q
LOC285191,2q
LOC339803,2p
LOC375196,2p
LOC400940,2p
LOC401021,2q
LOC440895,2q
LOC440910,2q
LOC442028,2q
LOC643072,2q
LOC646736,2q
LOC729254,2q
LOC729968,2q
LOC730100,2p
LOC93463,2q
LONRF2,2q
LOXL3,2p
LPIN1,2p
LRATD1,2p
LRP1B,2q
LRP2,2q
LRPPRC,2p
LRRFIP1,2q
LRRTM1,2p
LRRTM4,2p
LRRTM4-AS1,2p
LSP1P4,2p
LTBP1,2p
LY75,2q
LY75-CD302,2q
LYG1,2q
LYG2,2q
LYPD1,2q
LYPD6,2q
LYPD6B,2q
M1AP,2p
MAB21L4,2q
MAIP1,2q
MAL,2q
MALL,2q
MAP2,2q
MAP3K19,2q
MAP3K2,2q
MAP3K20,2q
MAP3K20-AS1,2q
MAP4K3,2p
MAP4K3-DT,2p
MAP4K4,2q
MAPRE3,2p
MAPRE3-AS1,2p
MARCHF4,2q
MARCHF7,2q
MARCO,2q
MARS2,2q
MAT2A,2p
MATN3,2p
MBD5,2q
MBOAT2,2p
MCEE,2p
MCFD2,2p
MCM6,2q
MDH1,2p
MDH1B,2q
MED15P9,2q
MEIS1,2p
MEIS1-AS2,2p
MEIS1-AS3,2p
MEMO1,2p
MERTK,2q
METAP1D,2q
METTL21A,2q
METTL5,2q
METTL8,2q
MFF,2q
MFF-DT,2q
MFSD2B,2p
MFSD6,2q
MFSD9,2q
MGAT4A,2q
MGAT5,2q
MGC16025,2q
MIR10B,2q
MIR1245A,2q
MIR1245B,2q
MIR1246,2q
MIR1258,2q
MIR128-1,2q
MIR1285-2,2p
MIR1301,2p
MIR1302-3,2q
MIR1302-4,2q
MIR1471,2q
MIR149,2q
MIR153-1,2q
MIR216A,2p
MIR216B,2p
MIR217,2p
MIR217HG,2p
MIR2355,2q
MIR2467,2q
MIR26B,2q
MIR3125,2p
MIR3126,2p
MIR3127,2q
MIR3128,2q
MIR3129,2q
MIR3130-1,2q
MIR3130-2,2q
MIR3131,2q
MIR3132,2q
MIR3133,2q
MIR3606,2q
MIR3679,2q
MIR3681,2p
MIR3681HG,2p
MIR3682,2p
MIR375,2q
MIR4261,2p
MIR4262,2p
MIR4263,2p
MIR4264,2p
MIR4265,2q
MIR4266,2q
MIR4267,2q
MIR4268,2q
MIR4269,2q
MIR4429,2p
MIR4430,2p
MIR4431,2p
MIR4432,2p
MIR4432HG,2p
MIR4433A,2p
MIR4433B,2p
MIR4434,2p
MIR4435-1,2q
MIR4435-2,2q
MIR4435-2HG,2q
MIR4436A,2p
MIR4436B1,2q
MIR4436B2,2q
MIR4437,2q
MIR4438,2q
MIR4439,2q
MIR4440,2q
MIR4441,2q
MIR4444-1,3p
MIR4444-2,3p
MIR4757,2p
MIR4765,2p
MIR4771-1,2q
MIR4771-2,2q
MIR4772,2q
MIR4773-1,2q
MIR4773-2,2q
MIR4774,2q
MIR4775,2q
MIR4776-1,2q
MIR4776-2,2q
MIR4777,2q
MIR4778,2p
MIR4779,2p
MIR4780,2p
MIR4782,2q
MIR4783,2q
MIR4784,2q
MIR4785,2q
MIR4786,2q
MIR5000,2p
MIR5001,2q
MIR5192,2p
MIR548AD,2p
MIR548AE1,2q
MIR548AU,9q
MIR548BA,2p
MIR548F2,2q
MIR548S,2p
MIR558,2p
MIR559,2p
MIR5590,2q
MIR561,2q
MIR562,2q
MIR5696,2q
MIR5702,2q
MIR5703,2q
MIR6071,2p
MIR6512,2q
MIR6513,2q
MIR663B,2q
MIR6809,2q
MIR6810,2q
MIR6811,2q
MIR6888,2q
MIR7157,2q
MIR7158,2p
MIR7515,2p
MIR7515HG,2p
MIR7704,2q
MIR7845,2q
MIR8080,2p
MIR8485,2p
MIR933,2q
MIR9500,2q
MIR9899,2q
MIR9986,2q
MITD1,2q
MLPH,2q
MMADHC,2q
MMADHC-DT,2q
MOB1A,2p
MOB4,2q
MOGAT1,2q
MOGS,2p
MORN2,2p
MPHOSPH10,2p
MPP4,2q
MPV17,2p
MREG,2q
MROH2A,2q
MRPL19,2p
MRPL30,2q
MRPL33,2p
MRPL35,2p
MRPL44,2q
MRPL53,2p
MRPS5,2q
MRPS9,2q
MRPS9-AS1,2q
MRPS9-AS2,2q
MSGN1,2p
MSH2,2p
MSH2-OT1,2p
MSH6,2p
MSL3P1,2q
MSTN,2q
MTA3,2p
MTERF4,2q
MTHFD2,2p
MTIF2,2p
MTLN,2q
MTX2,2q
MXD1,2p
MYADML,2p
MYCN,2p
MYCNOS,2p
MYCNUT,2p
MYL1,2q
MYO1B,2q
MYO3B,2q
MYO3B-AS1,2q
MYO7B,2q
MYOSLID,2q
MYOSLID-AS1,2q
MYT1L,2p
MYT1L-AS1,2p
MZT2A,2q
MZT2B,2q
NAB1,2q
NABP1,2q
NABP1-OT1,2q
NAGK,2p
NAT8,2p
NAT8B,2p
NBAS,2p
NBEAL1,2q
NCAPH,2q
NCK2,2q
NCKAP1,2q
NCKAP5,2q
NCKAP5-AS1,2q
NCKAP5-AS2,2q
NCL,2q
NCOA1,2p
NDUFA10,2q
NDUFAF7,2p
NDUFB3,2q
NDUFS1,2q
NEB,2q
NEMP2,2q
NEU2,2q
NEU4,2q
NEURL3,2q
NEUROD1,2q
NFE2L2,2q
NFU1,2p
NGEF,2q
NHEJ1,2q
NIF3L1,2q
NIFK,2q
NIFK-AS1,2q
NLRC4,2p
NMI,2q
NMS,2q
NMUR1,2q
NOC2LP2,2q
NOL10,2p
NOP58,2q
NOSTRIN,2q
NOTO,2p
NPAS2,2q
NPAS2-AS1,2q
NPHP1,2q
NPPC,2q
NR4A2,2q
NRBP1,2p
NRIR,2p
NRP2,2q
NRXN1,2p
NT5C1B,2p
NT5C1B-RDH14,2p
NT5DC4,2q
NTSR2,2p
NUP35,2q
NXPH2,2q
NYAP2,2q
OBSL1,2q
ODC1,2p
ODC1-DT,2p
OLA1,2q
OR6B2,2q
OR6B3,2q
OR7E91P,2p
ORC2,2q
ORC4,2q
ORMDL1,2q
OSBPL6,2q
OSGEPL1,2q
OSGEPL1-AS1,2q
OSR1,2p
OST4,2p
OTOF,2p
OTOS,2q
OTX1,2p
OXER1,2p
PABPC1P2,2q
PAIP2B,2p
PANTR1,2q
PAPOLG,2p
PARD3B,2q
PARTICL,2p
PASK,2q
PAX3,2q
PAX8,2q
PAX8-AS1,2q
PCARE,2p
PCBP1,2p
PCBP1-AS1,2p
PCGEM1,2q
PCGF1,2p
PCYOX1,2p
PDCD1,2q
PDCL3,2q
PDE11A,2q
PDE11A-AS1,2q
PDE1A,2q
PDE6D,2q
PDIA6,2p
PDK1,2q
PECR,2q
PELI1,2p
PER2,2q
PEX13,2p
PFN4,2p
PGAP1,2q
PGM5P3-AS1,9p
PGM5P4,2q
PGM5P4-AS1,2q
PHOSPHO2,2q
PHOSPHO2-KLHL23,2q
PID1,2q
PIGF,2p
PIKFYVE,2q
PJVK,2q
PKDCC,2p
PKP4,2q
PKP4-AS1,2q
PLA2R1,2q
PLAC9P1,2q
PLB1,2p
PLCD4,2q
PLCL1,2q
PLEK,2p
PLEKHA3,2q
PLEKHB2,2q
PLEKHH2,2p
PLEKHM3,2q
PLGLA,2q
PLGLB1,2p
PLGLB2,2p
PMS1,2q
PNKD,2q
PNO1,2p
PNPT1,2p
POLE4,2p
POLR1A,2p
POLR1B,2q
POLR2D,2q
POMC,2p
POTEE,2q
POTEF,2q
POTEI,2q
POTEJ,2q
POTEKP,2q
POU3F3,2q
PPIG,2q
PPIL3,2q
PPM1B,2p
PPM1G,2p
PPP1CB,2p
PPP1R1C,2q
PPP1R21,2p
PPP1R7,2q
PPP3R1,2p
PPP4R3B,2p
PRADC1,2p
PREB,2p
PREPL,2p
PRKAG3,2q
PRKCE,2p
PRKD3,2p
PRKRA,2q
PRLH,2q
PROC,2q
PROKR1,2p
PROM2,2q
PRORSD1P,2p
PRPF40A,2q
PRR30,2p
PRSS40A,2q
PRSS40B,2q
PRSS56,2q
PSD4,2q
PSMD1,2q
PSMD14,2q
PSME4,2p
PTCD3,2p
PTH2R,2q
PTMA,2q
PTPN18,2q
PTPN4,2q
PTPRN,2q
PTRHD1,2p
PUM2,2p
PUS10,2p
PXDN,2p
QPCT,2p
R3HDM1,2q
RAB10,2p
RAB11FIP5,2p
RAB17,2q
RAB1A,2p
RAB3GAP1,2q
RAB6C,2q
RAB6C-AS1,2q
RAB6D,2q
RABL2A,2q
RAD51AP2,2p
RALB,2q
RAMP1,2q
RANBP2,2q
RAPGEF4,2q
RAPGEF4-AS1,2q
RAPH1,2q
RASGRP3,2p
RASGRP3-AS1,2p
RBKS,2p
RBM43,2q
RBM44,2q
RBM45,2q
RBMS1,2q
RDH14,2p
REEP1,2p
REG1A,2p
REG1B,2p
REG1CP,2p
REG3A,2p
REG3G,2p
REL,2p
RESP18,2q
RETREG2,2q
RETSAT,2p
REV1,2q
RFTN2,2q
RFX8,2q
RGPD1,2p
RGPD2,2p
RGPD3,2q
RGPD4,2q
RGPD4-AS1,2q
RGPD5,2q
RGPD6,2q
RGPD8,2q
RHBDD1,2q
RHOB,2p
RHOQ,2p
RHOQ-AS1,2p
RIF1,2q
RMDN2,2p
RMDN2-AS1,2p
RMND5A,2p
RN7SL832P,2p
RNASEH1,2p
RNASEH1-AS1,2p
RND3,2q
RNF103,2p
RNF103-CHMP3,2p
RNF144A,2p
RNF149,2q
RNF181,2p
RNF25,2q
RNPEPL1,2q
RNU4ATAC,2q
ROCK2,2p
RPE,2q
RPIA,2p
RPL23AP32,2p
RPL23AP7,2q
RPL31,2q
RPL37A,2q
RPRM,2q
RPS27A,2p
RPS7,2p
RRM2,2p
RSAD2,2p
RTKN,2p
RTN4,2p
RTP5,2q
RUFY4,2q
SAG,2q
SAP130,2q
SATB2,2q
SATB2-AS1,2q
SCARNA5,2q
SCARNA6,2q
SCG2,2q
SCHLAP1,2q
SCLY,2q
SCN1A,2q
SCN1A-AS1,2q
SCN2A,2q
SCN3A,2q
SCN7A,2q
SCN9A,2q
SCRN3,2q
SCTR,2q
SCTR-AS1,2q
SDC1,2p
SELENOI,2p
SEMA4C,2q
SEMA4F,2p
SEPTIN10,2q
SEPTIN2,2q
SERPINE2,2q
SERTAD2,2p
SESTD1,2q
SF3B1,2q
SF3B6,2p
SFT2D3,2q
SFTPB,2p
SFXN5,2p
SGO2,2q
SGPP2,2q
SH2D6,2p
SH3BP4,2q
SH3RF3,2q
SH3RF3-AS1,2q
SH3YL1,2p
SILC1,2p
SIX2,2p
SIX3,2p
SIX3-AS1,2p
SLC11A1,2q
SLC16A14,2q
SLC19A3,2q
SLC1A4,2p
SLC20A1,2q
SLC23A3,2q
SLC25A12,2q
SLC30A3,2p
SLC30A6,2p
SLC35F5,2q
SLC35F6,2p
SLC38A11,2q
SLC39A10,2q
SLC3A1,2p
SLC40A1,2q
SLC4A10,2q
SLC4A1AP,2p
SLC4A3,2q
SLC4A5,2p
SLC5A6,2p
SLC5A7,2q
SLC66A3,2p
SLC8A1,2p
SLC8A1-AS1,2p
SLC9A2,2q
SLC9A4,2q
SMARCAL1,2q
SMC6,2p
SMPD4,2q
SMPD4BP,2q
SMYD1,2p
SMYD5,2p
SNAR-H,2p
SNED1,2q
SNHG31,2q
SNORA105A,5p
SNORA105B,5p
SNORA10B,2p
SNORA112,2q
SNORA115,2q
SNORA36C,2p
SNORA40B,2q
SNORA41,2q
SNORA70B,2p
SNORA70F,2q
SNORA70I,2q
SNORA75,2q
SNORA80B,2p
SNORC,2q
SNORD11,2q
SNORD11B,2q
SNORD132,2q
SNORD20,2q
SNORD3K,2q
SNORD51,2q
SNORD53,2p
SNORD53B,2p
SNORD70,2q
SNORD70B,2q
SNORD82,2q
SNORD89,2q
SNORD92,2p
SNORD94,2p
SNRNP200,2q
SNRNP27,2p
SNRPG,2p
SNTG2,2p
SNTG2-AS1,2p
SNX17,2p
SOCS5,2p
SOS1,2p
SOWAHC,2q
SOX11,2p
SP100,2q
SP110,2q
SP140,2q
SP140L,2q
SP3,2q
SP5,2q
SP9,2q
SPAG16,2q
SPAG16-DT,2q
SPAST,2p
SPATA3,2q
SPATA3-AS1,2q
SPATS2L,2q
SPC25,2q
SPDYA,2p
SPEG,2q
SPEGNB,2q
SPHKAP,2q
SPOPL,2q
SPP2,2q
SPR,2p
SPRED2,2p
SPTBN1,2p
SRBD1,2p
SRD5A2,2p
SRSF7,2p
SSB,2q
ST3GAL5,2p
ST3GAL5-AS1,2p
ST6GAL2,2q
STAM2,2q
STAMBP,2p
STARD7,2q
STARD7-AS1,2q
STAT1,2q
STAT4,2q
STEAP3,2q
STEAP3-AS1,2q
STK11IP,2q
STK16,2q
STK17B,2q
STK25,2q
STK36,2q
STK39,2q
STON1,2p
STON1-GTF2A1L,2p
STPG4,2p
STRADB,2q
STRN,2p
SUCLG1,2p
SULT1C2,2q
SULT1C2P1,2q
SULT1C3,2q
SULT1C4,2q
SULT6B1,2p
SUMO1,2q
SUPT7L,2p
TACR1,2p
TAF1B,2p
TANC1,2q
TANK,2q
TARDBPP3,2q
TBC1D8,2q
TBC1D8-AS1,2q
TBR1,2q
TCF23,2p
TCF7L1,2p
TCF7L1-IT1,2p
TDRD15,2p
TEKT4,2q
TET3,2p
TEX261,2p
TEX37,2p
TEX41,2q
TEX44,2q
TEX51,2q
TFCP2L1,2q
TFPI,2q
TGFA,2p
TGFA-IT1,2p
TGFBRAP1,2q
TGOLN2,2p
THADA,2p
THAP4,2q
THNSL2,2p
THORLNC,2q
THSD7B,2q
THUMPD2,2p
TIA1,2p
TIGD1,2q
TLK1,2q
TLX2,2p
TM4SF20,2q
TMBIM1,2q
TMEFF2,2q
TMEM127,2q
TMEM131,2q
TMEM150A,2p
TMEM163,2q
TMEM169,2q
TMEM17,2p
TMEM177,2q
TMEM178A,2p
TMEM18,2p
TMEM182,2q
TMEM185B,2q
TMEM198,2q
TMEM214,2p
TMEM237,2q
TMEM247,2p
TMEM37,2q
TMEM87B,2q
TMSB10,2p
TNFAIP6,2q
TNP1,2q
TNRC17,2q
TNS1,2q
TNS1-AS1,2q
TOGARAM2,2p
TP53I3,2p
TPO,2p
TPRKB,2p
TRABD2A,2p
TRAF3IP1,2q
TRAK2,2q
TRAPPC12,2p
TRIB2,2p
TRIM43,2q
TRIM43B,2q
TRIM54,2p
TRIP12,2q
TRMT61B,2p
TRPM8,2q
TSGA10,2q
TSN,2q
TSPYL6,2p
TTC21B,2q
TTC21B-AS1,2q
TTC27,2p
TTC30A,2q
TTC30B,2q
TTC31,2p
TTC32,2p
TTC7A,2p
TTL,2q
TTLL4,2q
TTN,2q
TTN-AS1,2q
TUBA3D,2q
TUBA3E,2q
TUBA4A,2q
TUBA4B,2q
TWIST2,2q
TXNDC9,2q
TYW5,2q
UBE2E3,2q
UBE2F,2q
UBE2F-SCLY,2q
UBR3,2q
UBXN2A,2p
UBXN4,2q
UCN,2p
UGGT1,2q
UGP2,2p
UGT1A1,2q
UGT1A10,2q
UGT1A3,2q
UGT1A4,2q
UGT1A5,2q
UGT1A6,2q
UGT1A7,2q
UGT1A8,2q
UGT1A9,2q
UICLM,2q
UNC50,2q
UNC80,2q
UPP2,2q
USP34,2p
USP37,2q
USP39,2p
USP40,2q
UXS1,2q
VAMP5,2p
VAMP8,2p
VAX2,2p
VIL1,2q
VIT,2p
VPS54,2p
VRK2,2p
VSNL1,2p
VWA3B,2q
VWC2L,2q
VWC2L-IT1,2q
WASH2P,2q
WBP1,2p
WDCP,2p
WDFY1,2q
WDPCP,2p
WDR12,2q
WDR33,2q
WDR35,2p
WDR43,2p
WDR54,2p
WDR75,2q
WDR92,2p
WDSUB1,2q
WIPF1,2q
WNT10A,2q
WNT6,2q
XDH,2p
XIRP2,2q
XIRP2-AS1,2q
XPO1,2p
XRCC5,2q
YIPF4,2p
YPEL5,2p
YWHAQ,2p
YY1P2,2q
ZAP70,2q
ZC3H15,2q
ZC3H6,2q
ZC3H8,2q
ZDBF2,2q
ZEB2,2q
ZEB2-AS1,2q
ZFAND2B,2q
ZFP36L2,2p
ZNF142,2q
ZNF2,2q
ZNF385B,2q
ZNF512,2p
ZNF513,2p
ZNF514,2q
ZNF638,2p
ZNF804A,2q
ZNF806,2q
ZRANB3,2q
ZSWIM2,2q
AAR2,20q
ABALON,20q
ABHD12,20p
ABHD16B,20q
ACOT8,20q
ACSS1,20p
ACSS2,20q
ACTL10,20q
ACTR5,20q
ADA,20q
ADAM33,20p
ADIG,20q
ADNP,20q
ADNP-AS1,20q
ADRA1D,20p
ADRM1,20q
AHCY,20q
ANGPT4,20p
ANKEF1,20p
ANKRD60,20q
AP5S1,20p
APCDD1L,20q
APCDD1L-DT,20q
APMAP,20p
ARFGAP1,20q
ARFGEF2,20q
ARFRP1,20q
ARHGAP40,20q
ASIP,20q
ASXL1,20q
ATP5F1E,20q
ATP9A,20q
ATRN,20p
AURKA,20q
AVP,20p
B4GALT5,20q
BANF2,20p
BCAS1,20q
BCAS4,20q
BCL2L1,20q
BFSP1,20p
BHLHE23,20q
BIRC7,20q
BLCAP,20q
BMP2,20p
BMP7,20q
BMP7-AS1,20q
BPI,20q
BPIFA1,20q
BPIFA2,20q
BPIFA3,20q
BPIFA4P,20q
BPIFB1,20q
BPIFB2,20q
BPIFB3,20q
BPIFB4,20q
BPIFB6,20q
BTBD3,20p
C20orf141,20p
C20orf144,20q
C20orf173,20q
C20orf194,20p
C20orf197,20q
C20orf202,20p
C20orf203,20q
C20orf204,20q
C20orf27,20p
C20orf85,20q
C20orf96,20p
CABLES2,20q
CASC20,20p
CASS4,20q
CBFA2T2,20q
CBLN4,20q
CCM2L,20q
CCN5,20q
CD40,20q
CD93,20p
CDC25B,20p
CDH22,20q
CDH26,20q
CDH4,20q
CDK5RAP1,20q
CDS2,20p
CEBPB,20q
CEBPB-AS1,20q
CENPB,20p
CEP250,20q
CFAP61,20p
CHD6,20q
CHGB,20p
CHMP4B,20q
CHRNA4,20q
CNBD2,20q
COL20A1,20q
COL9A3,20q
COMMD7,20q
COX4I2,20q
CPNE1,20q
CPXM1,20p
CRLS1,20p
CRNKL1,20p
CSE1L,20q
CSE1L-AS1,20q
CSNK2A1,20p
CST1,20p
CST11,20p
CST13P,20p
CST2,20p
CST3,20p
CST4,20p
CST5,20p
CST7,20p
CST8,20p
CST9,20p
CST9L,20p
CSTF1,20q
CSTL1,20p
CTCFL,20q
CTNNBL1,20q
CTSA,20q
CTSZ,20q
CYP24A1,20q
DBNDD2,20q
DDRGK1,20p
DDX27,20q
DEFB115,20q
DEFB116,20q
DEFB118,20q
DEFB119,20q
DEFB121,20q
DEFB122,20q
DEFB123,20q
DEFB124,20q
DEFB125,20p
DEFB126,20p
DEFB127,20p
DEFB128,20p
DEFB129,20p
DEFB132,20p
DHX35,20q
DIDO1,20q
DLGAP4,20q
DLGAP4-AS1,20q
DNAJC5,20q
DNMT3B,20q
DNTTIP1,20q
DOK5,20q
DPH3P1,20q
DPM1,20q
DSN1,20q
DSTN,20p
DTD1,20p
DTD1-AS1,20p
DUSP15,20q
DYNLRB1,20q
DZANK1,20p
E2F1,20q
EBF4,20p
EDEM2,20q
EDN3,20q
EEF1A2,20q
EFCAB8,20q
EIF2S2,20q
EIF6,20q
ELMO2,20q
EMILIN3,20q
ENTPD6,20p
EPB41L1,20q
EPPIN,20q
EPPIN-WFDC6,20q
ERGIC3,20q
ESF1,20p
EYA2,20q
FAM110A,20p
FAM182A,20p
FAM182B,20p
FAM209A,20q
FAM209B,20q
FAM210B,20q
FAM217B,20q
FAM242B,20q
FAM83C,20q
FAM83C-AS1,20q
FAM83D,20q
FASTKD5,20p
FER1L4,20q
FERMT1,20p
FITM2,20q
FKBP1A,20p
FKBP1A-SDCBP2,20p
FLJ16779,20q
FLRT3,20p
FNDC11,20q
FOXA2,20p
FOXS1,20q
FRG1BP,20q
FRG1CP,20q
FRG1DP,20q
FRG1EP,20q
FRG2EP,20q
GATA5,20q
GCNT7,20q
GDAP1L1,20q
GDF5,20q
GDF5-AS1,20q
GFRA4,20p
GGT7,20q
GGTLC1,20p
GHRH,20q
GID8,20q
GINS1,20p
GMEB2,20q
GNAS,20q
GNAS-AS1,20q
GNRH2,20p
GPCPD1,20p
GSS,20q
GTSF1L,20q
GZF1,20p
HAO1,20p
HAR1A,20q
HAR1B,20q
HCK,20q
HELZ2,20q
HM13,20q
HM13-AS1,20q
HMGB3P1,20q
HNF4A,20q
HNF4A-AS1,20q
HRH3,20q
HSPA12B,20p
ID1,20q
IDH3B,20p
IFT52,20q
INSM1,20p
ISM1,20p
ISM1-AS1,20p
ITCH,20q
ITPA,20p
JAG1,20p
JPH2,20q
KAT14,20p
KCNB1,20q
KCNG1,20q
KCNK15,20q
KCNK15-AS1,20q
KCNQ2,20q
KCNS1,20q
KIAA1755,20q
KIF16B,20p
KIF3B,20q
KIZ,20p
KIZ-AS1,20p
L3MBTL1,20q
LAMA5,20q
LAMA5-AS1,20q
LAMP5,20p
LAMP5-AS1,20p
LBP,20q
LIME1,20q
LINC00028,20q
LINC00029,20q
LINC00237,20p
LINC00261,20p
LINC00266-1,20q
LINC00489,20q
LINC00494,20q
LINC00652,20p
LINC00653,20p
LINC00654,20p
LINC00656,20p
LINC00658,20p
LINC00659,20q
LINC00687,20p
LINC00851,20p
LINC01056,20q
LINC01260,20q
LINC01270,20q
LINC01271,20q
LINC01273,20q
LINC01370,20q
LINC01427,20p
LINC01428,20p
LINC01429,20q
LINC01430,20q
LINC01431,20p
LINC01432,20p
LINC01433,20p
LINC01440,20q
LINC01441,20q
LINC01522,20q
LINC01523,20q
LINC01524,20q
LINC01597,20q
LINC01620,20q
LINC01706,20p
LINC01711,20q
LINC01713,20p
LINC01716,20q
LINC01718,20q
LINC01721,20p
LINC01722,20p
LINC01723,20p
LINC01726,20p
LINC01727,20p
LINC01728,20q
LINC01729,20p
LINC01730,20p
LINC01733,20p
LINC01734,20q
LINC01742,20q
LINC01747,20p
LINC01749,20q
LINC01751,20p
LINC01752,20p
LINC01754,20q
LINC02871,20p
LKAAEAR1,20q
LNCNEF,20p
LOC100128310,20q
LOC100128988,20q
LOC100130373,20q
LOC100130587,20q
LOC100131496,20q
LOC100134868,20p
LOC100287792,20q
LOC100289473,20p
LOC101926889,20p
LOC101926935,20p
LOC101927159,20q
LOC101927377,20q
LOC101927770,20q
LOC101927932,20q
LOC101928048,20q
LOC101929413,20p
LOC101929698,20q
LOC102606466,20p
LOC105369209,20q
LOC105372493,20p
LOC105372582,20p
LOC105372631,20q
LOC105372633,20q
LOC105372653,20q
LOC105372672,20q
LOC105372695,20q
LOC105379477,20q
LOC112268269,20q
LOC149684,20q
LOC284788,20p
LOC284798,20p
LOC339593,20p
LOC388780,20p
LOC613266,20p
LOC643406,20p
LOC729296,20q
LPIN3,20q
LRRN4,20p
LSM14B,20q
LZTS3,20p
MACROD2,20p
MACROD2-AS1,20p
MACROD2-IT1,20p
MAFB,20q
MANBAL,20q
MAP1LC3A,20q
MAPRE1,20q
MATN4,20q
MAVS,20p
MC3R,20q
MCM8,20p
MCM8-AS1,20p
MGME1,20p
MHENCR,20q
MIR1-1,20q
MIR1-1HG,20q
MIR1-1HG-AS1,20q
MIR103A2,20p
MIR103B2,20p
MIR12122,20q
MIR124-3,20q
MIR1257,20q
MIR1289-1,20q
MIR1292,20p
MIR1302-5,20q
MIR133A2,20q
MIR1825,20q
MIR1914,20q
MIR296,20q
MIR298,20q
MIR3192,20p
MIR3193,20q
MIR3194,20q
MIR3195,20q
MIR3196,20q
MIR3616,20q
MIR3617,20q
MIR3646,20q
MIR4325,20q
MIR4326,20q
MIR4477A,9q
MIR4477B,9q
MIR4533,20q
MIR4755,20q
MIR4756,20q
MIR4758,20q
MIR499A,20q
MIR499B,20q
MIR548AG2,20q
MIR548O2,20q
MIR644A,20q
MIR645,20q
MIR646,20q
MIR646HG,20q
MIR647,20q
MIR663A,21p
MIR663AHG,20p
MIR6812,20q
MIR6813,20q
MIR6869,20p
MIR6870,20p
MIR6871,20q
MIR8062,20p
MIR941-1,20q
MIR941-2,20q
MIR941-3,20q
MIR941-4,20q
MIR941-5,20q
MKKS,20p
MKRN7P,20q
MLLT10P1,20q
MMP24,20q
MMP24-AS1-EDEM2,20q
MMP24OS,20q
MMP9,20q
MOCS3,20q
MRGBP,20q
MROH8,20q
MRPS26,20p
MTG2,20q
MTRNR2L3,20q
MYBL2,20q
MYH7B,20q
MYL9,20q
MYLK2,20q
MYT1,20q
NAA20,20p
NANP,20p
NAPB,20p
NCOA3,20q
NCOA5,20q
NCOA6,20q
NCOR1P1,20p
NDRG3,20q
NDUFAF5,20p
NECAB3,20q
NELFCD,20q
NEURL2,20q
NFATC2,20q
NFS1,20q
NINL,20p
NKAIN4,20q
NKILA,20q
NKX2-2,20p
NKX2-4,20p
NNAT,20q
NOL4L,20q
NOL4L-DT,20q
NOP56,20p
NORAD,20q
NPBWR2,20q
NPEPL1,20q
NRSN2,20p
NRSN2-AS1,20p
NSFL1C,20p
NTSR1,20q
NXT1,20p
OCSTAMP,20q
OGFR,20q
OGFR-AS1,20q
OPRL1,20q
OSBPL2,20q
OSER1,20q
OSER1-DT,20q
OTOR,20p
OVOL2,20p
OXT,20p
PABPC1L,20q
PAK5,20p
PANK2,20p
PARAL1,20p
PARD6B,20q
PAX1,20p
PCED1A,20p
PCIF1,20q
PCK1,20q
PCMTD2,20q
PCNA,20p
PCNA-AS1,20p
PCSK2,20p
PDRG1,20q
PDYN,20p
PDYN-AS1,20p
PEDS1,20q
PEDS1-UBE2V1,20q
PELATON,20q
PET117,20p
PFDN4,20q
PHACTR3,20q
PHACTR3-AS1,20q
PHF20,20q
PI3,20q
PIGT,20q
PIGU,20q
PKIG,20q
PLAGL2,20q
PLCB1,20p
PLCB1-IT1,20p
PLCB4,20p
PLCG1,20q
PLCG1-AS1,20q
PLTP,20q
PMEPA1,20q
POFUT1,20q
POLR3F,20p
PPDPF,20q
PPP1R16B,20q
PPP1R3D,20q
PPP4R1L,20q
PRELID3B,20q
PREX1,20q
PRND,20p
PRNP,20p
PRNT,20p
PROCR,20q
PROKR2,20p
PRPF6,20q
PSMA7,20q
PSMF1,20p
PTGIS,20q
PTK6,20q
PTPN1,20q
PTPRA,20p
PTPRT,20q
PTPRT-AS1,20q
PXMP4,20q
PYGB,20p
R3HDML,20q
RAB22A,20q
RAB5IF,20q
RAD21L1,20p
RAE1,20q
RALGAPA2,20p
RALGAPB,20q
RALY,20q
RALY-AS1,20q
RASSF2,20p
RBBP8NL,20q
RBBP9,20p
RBCK1,20p
RBL1,20q
RBM12,20q
RBM38,20q
RBM38-AS1,20q
RBM39,20q
RBPJL,20q
REM1,20q
RGS19,20q
RIMS4,20q
RIN2,20p
RIPOR3,20q
RIPOR3-AS1,20q
RNF114,20q
RNF24,20p
RNU105B,20p
ROMO1,20q
RPN2,20q
RPRD1B,20q
RPS21,20q
RRBP1,20p
RSPO4,20p
RTEL1,20q
RTEL1-TNFRSF6B,20q
RTF2,20q
SALL4,20q
SAMD10,20q
SAMHD1,20q
SCAND1,20q
SCP2D1,20p
SCP2D1-AS1,20p
SCRT2,20p
SDC4,20q
SDCBP2,20p
SDCBP2-AS1,20p
SEC23B,20p
SEL1L2,20p
SEMG1,20q
SEMG2,20q
SERINC3,20q
SGK2,20q
SHLD1,20p
SIGLEC1,20p
SIRPA,20p
SIRPB1,20p
SIRPB2,20p
SIRPB3P,20p
SIRPD,20p
SIRPG,20p
SIRPG-AS1,20p
SLA2,20q
SLC12A5,20q
SLC12A5-AS1,20q
SLC13A3,20q
SLC17A9,20q
SLC23A2,20p
SLC24A3,20p
SLC24A3-AS1,20p
SLC2A10,20q
SLC2A4RG,20q
SLC32A1,20q
SLC35C2,20q
SLC4A11,20p
SLC52A3,20p
SLC9A8,20q
SLCO4A1,20q
SLCO4A1-AS1,20q
SLMO2-ATP5E,20q
SLPI,20q
SLX4IP,20p
SMIM26,20p
SMOX,20p
SNAI1,20q
SNAP25,20p
SNAP25-AS1,20p
SNHG11,20q
SNHG17,20q
SNORA117,20q
SNORA51,20p
SNORA60,20q
SNORA71A,20q
SNORA71B,20q
SNORA71C,20q
SNORA71D,20q
SNORA71E,20q
SNORD110,20p
SNORD119,20p
SNORD12,20q
SNORD12B,20q
SNORD12C,20q
SNORD154,20q
SNORD17,20p
SNORD56,20p
SNORD57,20p
SNORD86,20p
SNPH,20p
SNRPB,20p
SNRPB2,20p
SNTA1,20q
SNX21,20q
SNX5,20p
SOGA1,20q
SOX12,20p
SOX18,20q
SPAG4,20q
SPATA2,20q
SPATA25,20q
SPEF1,20p
SPINT3,20q
SPINT4,20q
SPO11,20q
SPTLC3,20p
SRC,20q
SRMS,20q
SRSF6,20q
SRXN1,20p
SS18L1,20q
SSTR4,20p
STAU1,20q
STK35,20p
STK4,20q
STK4-AS1,20q
STMN3,20q
STX16,20q
STX16-NPEPL1,20q
SULF2,20q
SUMO1P1,20q
SUN5,20q
SYCP2,20q
SYNDIG1,20p
SYS1,20q
SYS1-DBNDD2,20q
TAF4,20q
TASP1,20p
TBC1D20,20p
TCEA2,20q
TCF15,20p
TCFL5,20q
TFAP2C,20q
TGIF2,20q
TGIF2-RAB5IF,20q
TGM2,20q
TGM3,20p
TGM6,20p
THBD,20p
TLDC2,20q
TM9SF4,20q
TMC2,20p
TMEM230,20p
TMEM239,20p
TMEM74B,20p
TMX4,20p
TNFRSF6B,20q
TNNC2,20q
TOMM34,20q
TOP1,20q
TOX2,20q
TP53INP2,20q
TP53RK,20q
TP53TG5,20q
TPD52L2,20q
TPX2,20q
TRERNA1,20q
TRIB3,20p
TRMT6,20p
TRPC4AP,20q
TSHZ2,20q
TSPY26P,20q
TTI1,20q
TTLL9,20q
TTPAL,20q
TUBB1,20q
UBE2C,20q
UBE2V1,20q
UBOX5,20p
UBOX5-AS1,20p
UCKL1,20q
UCKL1-AS1,20q
UQCC1,20q
VAPB,20q
VPS16,20p
VSTM2L,20q
VSX1,20p
WFDC10A,20q
WFDC10B,20q
WFDC11,20q
WFDC12,20q
WFDC13,20q
WFDC2,20q
WFDC3,20q
WFDC5,20q
WFDC6,20q
WFDC8,20q
WFDC9,20q
XKR7,20q
XRN2,20p
YTHDF1,20q
YWHAB,20q
ZBP1,20q
ZBTB46,20q
ZBTB46-AS1,20q
ZCCHC3,20p
ZFAS1,20q
ZFP64,20q
ZGPAT,20q
ZHX3,20q
ZMYND8,20q
ZNF133,20p
ZNF217,20q
ZNF334,20q
ZNF335,20q
ZNF337,20p
ZNF337-AS1,20p
ZNF341,20q
ZNF341-AS1,20q
ZNF343,20p
ZNF512B,20q
ZNF663P,20q
ZNF831,20q
ZNFX1,20q
ZSWIM1,20q
ZSWIM3,20q
AATBC,21q
ABCC13,21q
ABCG1,21q
ADAMTS1,21q
ADAMTS5,21q
ADARB1,21q
AGPAT3,21q
AIRE,21q
ANKRD20A11P,21q
ANKRD30BP2,21q
APP,21q
ATP5PF,21q
ATP5PO,21q
B3GALT5,21q
B3GALT5-AS1,21q
BACE2,21q
BACH1,21q
BACH1-IT2,21q
BACH1-IT3,21q
BAGE,21p
BAGE2,21p
BAGE3,21p
BAGE4,21p
BRWD1,21q
BRWD1-AS1,21q
BRWD1-AS2,21q
BTG3,21q
BTG3-AS1,21q
C21orf58,21q
C21orf62,21q
C21orf62-AS1,21q
C21orf91,21q
C21orf91-OT1,21q
C2CD2,21q
CBR1,21q
CBR3,21q
CBR3-AS1,21q
CBS,21q
CBSL,21q
CCT8,21q
CFAP298,21q
CFAP298-TCP10L,21q
CFAP410,21q
CHAF1B,21q
CHODL,21q
CHODL-AS1,21q
CLDN14,21q
CLDN17,21q
CLDN8,21q
CLIC6,21q
COL18A1,21q
COL18A1-AS1,21q
COL18A1-AS2,21q
COL6A1,21q
COL6A2,21q
CRYAA,21q
CRYAA2,21q
CRYZL1,21q
CSTB,21q
CXADR,21q
CYP4F29P,21q
CYYR1,21q
CYYR1-AS1,21q
D21S2088E,21q
DIP2A,21q
DIP2A-IT1,21q
DNAJC28,21q
DNMT3L,21q
DNMT3L-AS1,21q
DONSON,21q
DOP1B,21q
DSCAM,21q
DSCAM-AS1,21q
DSCAM-IT1,21q
DSCR10,21q
DSCR4,21q
DSCR8,21q
DSCR9,21q
DYRK1A,21q
ERG,21q
ERVH48-1,21q
ETS2,21q
EVA1C,21q
FAM207A,21q
FAM243A,21q
FAM243B,21q
FAM3B,21q
FRGCA,21q
FTCD,21q
FTCD-AS1,21q
GABPA,21q
GART,21q
GATD3A,21q
GATD3B,21q
GET1,21q
GET1-SH3BGR,21q
GRIK1,21q
GRIK1-AS1,21q
GRIK1-AS2,21q
H2BS1,21q
HLCS,21q
HMGN1,21q
HSF2BP,21q
HSPA13,21q
HUNK,21q
ICOSLG,21q
IFNAR1,21q
IFNAR2,21q
IFNGR2,21q
IGSF5,21q
IL10RB,21q
IL10RB-DT,21q
ITGB2,21q
ITGB2-AS1,21q
ITSN1,21q
JAM2,21q
KCNE1,21q
KCNE1B,21p
KCNE2,21q
KCNJ15,21q
KCNJ6,21q
KRTAP10-1,21q
KRTAP10-10,21q
KRTAP10-11,21q
KRTAP10-12,21q
KRTAP10-2,21q
KRTAP10-3,21q
KRTAP10-4,21q
KRTAP10-5,21q
KRTAP10-6,21q
KRTAP10-7,21q
KRTAP10-8,21q
KRTAP10-9,21q
KRTAP11-1,21q
KRTAP12-1,21q
KRTAP12-2,21q
KRTAP12-3,21q
KRTAP12-4,21q
KRTAP13-1,21q
KRTAP13-2,21q
KRTAP13-3,21q
KRTAP13-4,21q
KRTAP15-1,21q
KRTAP19-1,21q
KRTAP19-2,21q
KRTAP19-3,21q
KRTAP19-4,21q
KRTAP19-5,21q
KRTAP19-6,21q
KRTAP19-7,21q
KRTAP19-8,21q
KRTAP20-1,21q
KRTAP20-2,21q
KRTAP20-3,21q
KRTAP20-4,21q
KRTAP21-1,21q
KRTAP21-2,21q
KRTAP21-3,21q
KRTAP22-1,21q
KRTAP22-2,21q
KRTAP23-1,21q
KRTAP24-1,21q
KRTAP25-1,21q
KRTAP26-1,21q
KRTAP27-1,21q
KRTAP6-1,21q
KRTAP6-2,21q
KRTAP6-3,21q
KRTAP7-1,21q
KRTAP8-1,21q
LCA5L,21q
LINC00111,21q
LINC00112,21q
LINC00113,21q
LINC00114,21q
LINC00158,21q
LINC00159,21q
LINC00160,21q
LINC00161,21q
LINC00163,21q
LINC00189,21q
LINC00205,21q
LINC00307,21q
LINC00308,21q
LINC00310,21q
LINC00313,21q
LINC00314,21q
LINC00316,21q
LINC00317,21q
LINC00319,21q
LINC00320,21q
LINC00322,21q
LINC00323,21q
LINC00334,21q
LINC00479,21q
LINC00515,21q
LINC00649,21q
LINC00945,21q
LINC01423,21q
LINC01424,21q
LINC01425,21q
LINC01426,21q
LINC01436,21q
LINC01547,21q
LINC01548,21q
LINC01549,21q
LINC01667,21p
LINC01668,21q
LINC01669,21q
LINC01671,21q
LINC01674,21q
LINC01678,21q
LINC01679,21q
LINC01683,21q
LINC01684,21q
LINC01687,21q
LINC01689,21q
LINC01690,21q
LINC01692,21q
LINC01694,21q
LINC01695,21q
LINC01697,21q
LINC01700,21q
LINC02246,21q
LINC02573,21q
LINC02575,21q
LIPI,21q
LOC100133286,21q
LOC100506403,21q
LOC100507412,21p
LOC101928107,21q
LOC101928126,21q
LOC101928269,21q
LOC101928398,21q
LOC101928796,21q
LOC101930094,21q
LOC102723360,21p
LOC102723996,21q
LOC102724159,21q
LOC102724219,21p
LOC102724843,21p
LOC102724951,21p
LOC105369306,21q
LOC105379514,21p
LOC106780825,21q
LOC110091776,21q
LOC110091777,21p
LOC150051,21q
LOC388813,21q
LOC400867,21q
LRRC3,21q
LRRC3-DT,21q
LSS,21q
LTN1,21q
MAP3K7CL,21q
MCM3AP,21q
MCM3AP-AS1,21q
MIR10396A,21p
MIR10396B,21p
MIR125B2,21q
MIR155,21q
MIR155HG,21q
MIR3118-1,21q
MIR3156-3,21q
MIR3197,21q
MIR3648-1,21p
MIR3648-2,21p
MIR4327,21q
MIR4759,21q
MIR4760,21q
MIR548X,21q
MIR548XHG,21q
MIR5692B,21q
MIR6070,21q
MIR6130,21q
MIR6501,21q
MIR6508,21q
MIR6724-1,21p
MIR6724-2,21p
MIR6724-3,21p
MIR6724-4,21p
MIR6814,21q
MIR6815,21q
MIR802,21q
MIR8069-1,21p
MIR8069-2,21p
MIR99A,21q
MIR99AHG,21q
MIRLET7C,21q
MIS18A,21q
MORC3,21q
MRAP,21q
MRPL39,21q
MRPS6,21q
MX1,21q
MX2,21q
N6AMT1,21q
NCAM2,21q
NCOR1P4,21p
NDUFV3,21q
NRIP1,21q
OLIG1,21q
OLIG2,21q
PAXBP1,21q
PAXBP1-AS1,21q
PCBP3,21q
PCBP3-AS1,21q
PCNT,21q
PCP4,21q
PCSEAT,21q
PDE9A,21q
PDXK,21q
PFKL,21q
PICSAR,21q
PIGP,21q
PKNOX1,21q
PLAC4,21q
POFUT2,21q
POTED,21q
PPP1R2P2,21q
PRDM15,21q
PRMT2,21q
PSMG1,21q
PTTG1IP,21q
PWP2,21q
RBM11,21q
RCAN1,21q
RIPK4,21q
RIPPLY3,21q
RNA18SN1,21p
RNA18SN2,21p
RNA18SN3,21p
RNA18SN4,21p
RNA18SN5,21p
RNA28SN1,21p
RNA28SN2,21p
RNA28SN3,21p
RNA28SN5,21p
RNA45SN1,21p
RNA45SN2,21p
RNA45SN3,21p
RNA45SN5,21p
RNA5-8SN1,21p
RNA5-8SN2,21p
RNA5-8SN3,21p
RNA5-8SN4,21p
RNA5-8SN5,21p
RRP1,21q
RRP1B,21q
RSPH1,21q
RUNX1,21q
RUNX1-IT1,21q
RWDD2B,21q
S100B,21q
SAMSN1,21q
SAMSN1-AS1,21q
SCAF4,21q
SETD4,21q
SH3BGR,21q
SIK1,21q
SIK1B,21q
SIM2,21q
SLC19A1,21q
SLC37A1,21q
SLC5A3,21q
SMIM11A,21q
SMIM11B,21q
SMIM34A,21q
SNORA80A,21q
SNORA91,21q
SNORD159,21q
SNORD74B,21q
SOD1,21q
SON,21q
SPATC1L,21q
SSR4P1,21q
SUMO3,21q
SYNJ1,21q
TCP10L,21q
TEKT4P2,21p
TFF1,21q
TFF2,21q
TFF3,21q
TIAM1,21q
TMEM50B,21q
TMPRSS15,21q
TMPRSS2,21q
TMPRSS3,21q
TPTE,21p
TRAPPC10,21q
TRPM2,21q
TRPM2-AS,21q
TSPEAR,21q
TSPEAR-AS1,21q
TSPEAR-AS2,21q
TTC3,21q
TTC3-AS1,21q
U2AF1,21q
U2AF1L5,21q
UBASH3A,21q
UBE2G2,21q
UMODL1,21q
UMODL1-AS1,21q
URB1,21q
URB1-AS1,21q
USP16,21q
USP25,21q
VPS26C,21q
WDR4,21q
YBEY,21q
ZBTB21,21q
ZNF295-AS1,21q
A4GALT,22q
ACO2,22q
ACR,22q
ADA2,22q
ADM2,22q
ADORA2A,22q
ADORA2A-AS1,22q
ADSL,22q
AIFM3,22q
ALG12,22q
ANKRD54,22q
ANKRD62P1-PARP4P3,22q
AP1B1,22q
AP1B1P1,22q
APOBEC3A,22q
APOBEC3A_B,22q
APOBEC3B,22q
APOBEC3B-AS1,22q
APOBEC3C,22q
APOBEC3D,22q
APOBEC3F,22q
APOBEC3G,22q
APOBEC3H,22q
APOL1,22q
APOL2,22q
APOL3,22q
APOL4,22q
APOL5,22q
APOL6,22q
ARFGAP3,22q
ARHGAP8,22q
ARSA,22q
ARVCF,22q
ASCC2,22q
ASPHD2,22q
ATF4,22q
ATP5MGL,22q
ATP6V1E1,22q
ATXN10,22q
BAIAP2L2,22q
BCL2L13,22q
BCR,22q
BCRP2,22q
BCRP3,22q
BID,22q
BIK,22q
BMS1P20,22q
BPIFC,22q
BRD1,22q
C1QTNF6,22q
C22orf15,22q
C22orf23,22q
C22orf24,22q
C22orf31,22q
C22orf34,22q
C22orf39,22q
C22orf42,22q
C22orf46,22q
CABIN1,22q
CABP7,22q
CACNA1I,22q
CACNG2,22q
CARD10,22q
CASTOR1,22q
CBX6,22q
CBX7,22q
CBY1,22q
CCDC116,22q
CCDC117,22q
CCDC134,22q
CCDC157,22q
CCDC188,22q
CCT8L2,22q
CDC42EP1,22q
CDC45,22q
CDPF1,22q
CECR2,22q
CECR3,22q
CECR7,22q
CELSR1,22q
CENPM,22q
CERK,22q
CES5AP1,22q
CHADL,22q
CHCHD10,22q
CHEK2,22q
CHKB,22q
CHKB-CPT1B,22q
CHKB-DT,22q
CLDN5,22q
CLTCL1,22q
COMT,22q
CPT1B,22q
CRELD2,22q
CRKL,22q
CRYBA4,22q
CRYBB1,22q
CRYBB2,22q
CRYBB2P1,22q
CRYBB3,22q
CSDC2,22q
CSF2RB,22q
CSNK1E,22q
CYB5R3,22q
CYP2D6,22q
CYP2D7,22q
CYTH4,22q
DDT,22q
DDTL,22q
DDX17,22q
DENND6B,22q
DEPDC5,22q
DERL3,22q
DESI1,22q
DGCR11,22q
DGCR2,22q
DGCR5,22q
DGCR6,22q
DGCR6L,22q
DGCR8,22q
DMC1,22q
DNAJB7,22q
DNAL4,22q
DRG1,22q
DRICH1,22q
DUSP18,22q
DUXAP8,22q
EFCAB6,22q
EFCAB6-AS1,22q
EIF3D,22q
EIF3L,22q
EIF4ENIF1,22q
ELFN2,22q
EMID1,22q
ENTHD1,22q
EP300,22q
EP300-AS1,22q
ESS2,22q
EWSR1,22q
FAM118A,22q
FAM227A,22q
FAM230A,22q
FAM230B,22q
FAM230D,22q
FAM230E,22q
FAM230F,22q
FAM230G,22q
FAM230H,22q
FAM230I,22q
FAM230J,22q
FAM83F,22q
FBLN1,22q
FBXO7,22q
FBXW4P1,22q
FOXRED2,22q
FRG1FP,22p
GAB4,22q
GAL3ST1,22q
GALR3,22q
GAS2L1,22q
GCAT,22q
GGA1,22q
GGT1,22q
GGT2,22q
GGT3P,22q
GGT5,22q
GGTLC2,22q
GGTLC3,22q
GNAZ,22q
GNB1L,22q
GP1BB,22q
GRAMD4,22q
GRAP2,22q
GRK3,22q
GSC2,22q
GSTT2,22q
GSTT2B,22q
GSTT4,22q
GSTTP2,22q
GTPBP1,22q
GTSE1,22q
GTSE1-DT,22q
GUCD1,22q
GUSBP11,22q
H1-0,22q
HDAC10,22q
HDHD5,22q
HDHD5-AS1,22q
HIC2,22q
HIRA,22q
HMGXB4,22q
HMOX1,22q
HORMAD2,22q
HORMAD2-AS1,22q
HPS4,22q
HSCB,22q
HSFY1P1,22q
IFT27,22q
IGLL1,22q
IGLL3P,22q
IGLL5,22q
IL17RA,22q
IL17REL,22q
IL2RB,22q
INPP5J,22q
ISX,22q
JOSD1,22q
KCNJ4,22q
KCTD17,22q
KDELR3,22q
KIAA0930,22q
KIAA1656,22q
KIAA1671,22q
KIAA1671-AS1,22q
KLHDC7B,22q
KLHL22,22q
KREMEN1,22q
L3MBTL2,22q
L3MBTL2-AS1,22q
LARGE-AS1,22q
LARGE1,22q
LGALS1,22q
LGALS2,22q
LIF,22q
LIF-AS1,22q
LIMK2,22q
LINC00207,22q
LINC00229,22q
LINC00528,22q
LINC00634,22q
LINC00895,22q
LINC00896,22q
LINC00898,22q
LINC00899,22q
LINC01310,22q
LINC01311,22q
LINC01315,22q
LINC01399,22q
LINC01422,22q
LINC01521,22q
LINC01589,22q
LINC01634,22q
LINC01637,22q
LINC01638,22q
LINC01639,22q
LINC01640,22q
LINC01644,22q
LINC01656,22q
LINC01659,22q
LINC01664,22q
LINC01665,22q
LINC02554,22q
LINC02556,22q
LINC02558,22q
LINC02885,22q
LL22NC01-81G9.3,22q
LL22NC03-63E9.3,22q
LMF2,22q
LOC100506271,22q
LOC100506472,22q
LOC100507599,22q
LOC101927551,22q
LOC101929372,22q
LOC101929829,22q
LOC102723769,22p
LOC102724378,22q
LOC102724770,22q
LOC102724788,22q
LOC102725072,22q
LOC105372977,22q
LOC105372990,22q
LOC105373021,22q
LOC105373031,22q
LOC105373044,22q
LOC105373064,22q
LOC105373100,22q
LOC107985532,22q
LOC107985544,22q
LOC110091768,22q
LOC114841040,22q
LOC284865,22q
LOC284898,22q
LOC284930,22q
LOC284933,22q
LOC339666,22q
LOC339685,22q
LOC642648,22q
LOC730668,22q
LOC91370,22q
LRP5L,22q
LRRC74B,22q
LRRC75B,22q
LZTR1,22q
MAFF,22q
MAPK1,22q
MAPK11,22q
MAPK12,22q
MAPK8IP2,22q
MB,22q
MCAT,22q
MCHR1,22q
MCM5,22q
MED15,22q
MEI1,22q
MFNG,22q
MGAT3,22q
MGAT3-AS1,22q
MIAT,22q
MIATNB,22q
MICAL3,22q
MICALL1,22q
MIEF1,22q
MIF,22q
MIF-AS1,22q
MIOX,22q
MIR12114,22q
MIR1249,22q
MIR1281,22q
MIR1286,22q
MIR1306,22q
MIR130B,22q
MIR185,22q
MIR301B,22q
MIR3198-1,22q
MIR3199-1,22q
MIR3199-2,22q
MIR3200,22q
MIR3201,22q
MIR33A,22q
MIR3618,22q
MIR3619,22q
MIR3667,22q
MIR378I,22q
MIR3909,22q
MIR3928,22q
MIR4534,22q
MIR4535,22q
MIR4761,22q
MIR4762,22q
MIR4763,22q
MIR4764,22q
MIR4766,22q
MIR548J,22q
MIR5571,22q
MIR5739,22q
MIR6069,22q
MIR648,22q
MIR649,22q
MIR650,22q
MIR658,22q
MIR659,22q
MIR6816,22q
MIR6817,22q
MIR6818,22q
MIR6819,22q
MIR6820,22q
MIR6821,22q
MIR6889,22q
MIR7109,22q
MIRLET7A3,22q
MIRLET7B,22q
MIRLET7BHG,22q
MLC1,22q
MMP11,22q
MN1,22q
MORC2,22q
MORC2-AS1,22q
MOV10L1,22q
MPPED1,22q
MPST,22q
MRPL40,22q
MRTFA,22q
MRTFA-AS1,22q
MTFP1,22q
MTMR3,22q
MYH9,22q
MYO18B,22q
NAGA,22q
NCAPH2,22q
NCF4,22q
NCF4-AS1,22q
NDUFA6,22q
NDUFA6-DT,22q
NEFH,22q
NF2,22q
NFAM1,22q
NIPSNAP1,22q
NOL12,22q
NPTXR,22q
NUP50,22q
NUP50-DT,22q
ODF3B,22q
OGFRP1,22q
OR11H1,22q
OSBP2,22q
OSM,22q
P2RX6,22q
P2RX6P,22q
PACSIN2,22q
PANX2,22q
PARVB,22q
PARVG,22q
PATZ1,22q
PCAT14,22q
PDGFB,22q
PDXP,22q
PDXP-DT,22q
PES1,22q
PEX26,22q
PHETA2,22q
PHF21B,22q
PHF5A,22q
PI4KA,22q
PI4KAP1,22q
PI4KAP2,22q
PICK1,22q
PIK3IP1,22q
PIK3IP1-DT,22q
PIM3,22q
PISD,22q
PITPNB,22q
PIWIL3,22q
PKDREJ,22q
PLA2G3,22q
PLA2G6,22q
PLXNB2,22q
PMM1,22q
PNPLA3,22q
PNPLA5,22q
POLDIP3,22q
POLR2F,22q
POLR3H,22q
POM121L10P,22q
POM121L1P,22q
POM121L4P,22q
POM121L8P,22q
POM121L9P,22q
POTEH,22q
PPARA,22q
PPIL2,22q
PPM1F,22q
PPM1F-AS1,22q
PPP6R2,22q
PRAME,22q
PRAMENP,22q
PRODH,22q
PRR14L,22q
PRR34,22q
PRR34-AS1,22q
PRR5,22q
PRR5-ARHGAP8,22q
PSLNR,22q
PVALB,22q
RAB36,22q
RABL2B,22q
RAC2,22q
RANBP1,22q
RANGAP1,22q
RASD2,22q
RASL10A,22q
RBFOX2,22q
RBX1,22q
RFPL1,22q
RFPL1S,22q
RFPL2,22q
RFPL3,22q
RFPL3S,22q
RGL4,22q
RHBDD3,22q
RIBC2,22q
RIMBP3,22q
RIMBP3B,22q
RIMBP3C,22q
RNF185,22q
RNF215,22q
RNU12,22q
RPL23AP82,22q
RPL3,22q
RPS19BP1,22q
RRP7A,22q
RRP7BP,22q
RSPH14,22q
RTCB,22q
RTL10,22q
RTL6,22q
RTN4R,22q
SAMM50,22q
SBF1,22q
SCARF2,22q
SCO2,22q
SCUBE1,22q
SCUBE1-AS1,22q
SCUBE1-AS2,22q
SDC4P,22q
SDF2L1,22q
SEC14L2,22q
SEC14L3,22q
SEC14L4,22q
SEC14L6,22q
SELENOM,22q
SELENOO,22q
SEPT5-GP1BB,22q
SEPTIN3,22q
SEPTIN5,22q
SERHL,22q
SERHL2,22q
SERPIND1,22q
SEZ6L,22q
SF3A1,22q
SFI1,22q
SGSM1,22q
SGSM3,22q
SH3BP1,22q
SHANK3,22q
SHISA8,22q
SHISAL1,22q
SLC16A8,22q
SLC25A1,22q
SLC25A17,22q
SLC25A18,22q
SLC2A11,22q
SLC35E4,22q
SLC5A1,22q
SLC5A4,22q
SLC5A4-AS1,22q
SLC7A4,22q
SMARCB1,22q
SMC1B,22q
SMDT1,22q
SMTN,22q
SNAP29,22q
SNORA50B,22q
SNORA77B,22q
SNORA92,22q
SNORD125,22q
SNORD139,22q
SNORD140,22q
SNORD43,22q
SNORD83A,22q
SNORD83B,22q
SNRPD3,22q
SNU13,22q
SOX10,22q
SPECC1L,22q
SPECC1L-ADORA2A,22q
SREBF2,22q
SREBF2-AS1,22q
SRRD,22q
SSTR3,22q
ST13,22q
SULT4A1,22q
SUN2,22q
SUSD2,22q
SYCE3,22q
SYN3,22q
SYNGR1,22q
TAB1,22q
TAFA5,22q
TANGO2,22q
TBC1D10A,22q
TBC1D22A,22q
TBC1D22A-AS1,22q
TBX1,22q
TCF20,22q
TCN2,22q
TEF,22q
TEX33,22q
TFIP11,22q
THAP7,22q
THAP7-AS1,22q
THOC5,22q
TIMP3,22q
TMEM121B,22q
TMEM184B,22q
TMEM191A,22q
TMEM191B,22q
TMEM191C,22q
TMEM211,22q
TMPRSS6,22q
TNFRSF13C,22q
TNRC6B,22q
TOB2,22q
TOM1,22q
TOMM22,22q
TOP1P2,22q
TOP3B,22q
TPST2,22q
TPTEP1,22q
TPTEP2,22q
TPTEP2-CSNK1E,22q
TRABD,22q
TRIOBP,22q
TRMT2A,22q
TRMU,22q
TSPO,22q
TSSK2,22q
TST,22q
TTC28,22q
TTC28-AS1,22q
TTC38,22q
TTLL1,22q
TTLL1-AS1,22q
TTLL12,22q
TTLL8,22q
TUBA3FP,22q
TUBA8,22q
TUBGCP6,22q
TUG1,22q
TXN2,22q
TXNRD2,22q
TYMP,22q
UBE2L3,22q
UFD1,22q
UPB1,22q
UPK3A,22q
UQCR10,22q
USP18,22q
VPREB1,22q
VPREB3,22q
WBP2NL,22q
WNT7B,22q
XBP1,22q
XKR3,22q
XPNPEP3,22q
XRCC6,22q
YDJC,22q
YPEL1,22q
YWHAH,22q
ZBED4,22q
ZC3H7B,22q
ZDHHC8,22q
ZDHHC8P1,22q
ZMAT5,22q
ZNF280A,22q
ZNF280B,22q
ZNF70,22q
ZNF74,22q
ZNRF3,22q
ZNRF3-AS1,22q
A4GNT,3q
AADAC,3q
AADACL2,3q
AADACL2-AS1,3q
AADACP1,3q
ABCC5,3q
ABCC5-AS1,3q
ABCF3,3q
ABHD10,3q
ABHD14A,3p
ABHD14A-ACY1,3p
ABHD14B,3p
ABHD5,3p
ABHD6,3p
ABI3BP,3q
ABTB1,3q
ACAA1,3p
ACAD11,3q
ACAD9,3q
ACAP2,3q
ACKR2,3p
ACKR4,3q
ACOX2,3p
ACP3,3q
ACTL6A,3q
ACTR8,3p
ACTRT3,3q
ACVR2B,3p
ACVR2B-AS1,3p
ACY1,3p
ADAMTS9,3p
ADAMTS9-AS1,3p
ADAMTS9-AS2,3p
ADCY5,3q
ADGRG7,3q
ADIPOQ,3q
ADIPOQ-AS1,3q
ADPRH,3q
AGTR1,3q
AHSG,3q
ALAS1,3p
ALCAM,3q
ALDH1L1,3q
ALDH1L1-AS1,3q
ALDH1L1-AS2,3q
ALG1L,3q
ALG1L2,3q
ALG3,3q
ALS2CL,3p
AMIGO3,3p
AMOTL2,3q
AMT,3p
ANAPC13,3q
ANKRD18DP,3q
ANKRD28,3p
ANKUB1,3q
ANO10,3p
AP2M1,3q
APEH,3p
APOD,3q
APPL1,3p
ARF4,3p
ARF4-AS1,3p
ARGFX,3q
ARHGAP31,3q
ARHGAP31-AS1,3q
ARHGEF26,3q
ARHGEF26-AS1,3q
ARHGEF3,3p
ARHGEF3-AS1,3p
ARIH2,3p
ARIH2OS,3p
ARL13B,3q
ARL14,3q
ARL6,3q
ARL6IP5,3p
ARL8B,3p
ARMC8,3q
ARPC4,3p
ARPC4-TTLL3,3p
ARPP21,3p
ASB14,3p
ASTE1,3q
ATG3,3q
ATG7,3p
ATP11B,3q
ATP13A3,3q
ATP13A4,3q
ATP13A4-AS1,3q
ATP13A5,3q
ATP13A5-AS1,3q
ATP1B3,3q
ATP2B2,3p
ATP2B2-IT2,3p
ATP2C1,3q
ATP6V1A,3q
ATR,3q
ATRIP,3p
ATRIP-TREX1,3p
ATXN7,3p
AZI2,3p
B3GALNT1,3q
B3GNT5,3q
B4GALT4,3q
B4GALT4-AS1,3q
BAP1,3p
BBX,3q
BCHE,3q
BCL6,3q
BDH1,3q
BFSP2,3q
BFSP2-AS1,3q
BHLHE40,3p
BHLHE40-AS1,3p
BOC,3q
BPESC1,3q
BRK1,3p
BRPF1,3p
BSN,3p
BSN-DT,3p
BTD,3p
BTLA,3q
C3orf14,3p
C3orf18,3p
C3orf20,3p
C3orf22,3q
C3orf33,3q
C3orf35,3p
C3orf36,3q
C3orf38,3p
C3orf49,3p
C3orf52,3q
C3orf56,3q
C3orf62,3p
C3orf70,3q
C3orf80,3q
C3orf84,3p
C3orf85,3q
C3orf86,3p
CACNA1D,3p
CACNA2D2,3p
CACNA2D3,3p
CACNA2D3-AS1,3p
CADM2,3p
CADM2-AS2,3p
CADPS,3p
CAMK1,3p
CAMK2N2,3q
CAMKV,3p
CAMP,3p
CAND2,3p
CAPN7,3p
CASR,3q
CAV3,3p
CBLB,3q
CCDC12,3p
CCDC13,3p
CCDC13-AS1,3p
CCDC14,3q
CCDC174,3p
CCDC191,3q
CCDC37-DT,3q
CCDC39,3q
CCDC50,3q
CCDC51,3p
CCDC54,3q
CCDC58,3q
CCDC66,3p
CCDC71,3p
CCDC80,3q
CCK,3p
CCNL1,3q
CCR1,3p
CCR2,3p
CCR3,3p
CCR4,3p
CCR5,3p
CCR5AS,3p
CCR8,3p
CCR9,3p
CCRL2,3p
CD200,3q
CD200R1,3q
CD200R1L,3q
CD200R1L-AS1,3q
CD47,3q
CD80,3q
CD86,3q
CD96,3q
CDC25A,3p
CDCP1,3p
CDHR4,3p
CDV3,3q
CELSR3,3p
CEP19,3q
CEP63,3q
CEP70,3q
CEP97,3q
CFAP100,3q
CFAP20DC,3p
CFAP20DC-AS1,3p
CFAP44,3q
CFAP44-AS1,3q
CFAP91,3q
CFAP92,3q
CGGBP1,3p
CHCHD4,3p
CHCHD6,3q
CHDH,3p
CHL1,3p
CHL1-AS1,3p
CHL1-AS2,3p
CHMP2B,3p
CHRD,3q
CHST13,3q
CHST2,3q
CIDEC,3p
CIDECP1,3p
CIP2A,3q
CISH,3p
CLASP2,3p
CLCN2,3q
CLDN1,3q
CLDN11,3q
CLDN16,3q
CLDN18,3q
CLDND1,3q
CLEC3B,3p
CLRN1,3q
CLRN1-AS1,3q
CLSTN2,3q
CLSTN2-AS1,3q
CMC1,3p
CMSS1,3q
CMTM6,3p
CMTM7,3p
CMTM8,3p
CNBP,3q
CNOT10,3p
CNTN3,3p
CNTN4,3p
CNTN4-AS1,3p
CNTN4-AS2,3p
CNTN6,3p
COL6A4P1,3p
COL6A4P2,3q
COL6A5,3q
COL6A6,3q
COL7A1,3p
COL8A1,3q
COLQ,3p
COMMD2,3q
COPB2,3q
COPG1,3q
COX17,3q
CP,3q
CPA3,3q
CPB1,3q
CPN2,3q
CPNE4,3q
CPNE9,3p
CPOX,3q
CRBN,3p
CRELD1,3p
CRTAP,3p
CRYBG3,3q
CRYGS,3q
CSNKA2IP,3p
CSPG5,3p
CSRNP1,3p
CSTA,3q
CTDSPL,3p
CTNNB1,3p
CX3CR1,3p
CXCR6,3p
CYB561D2,3p
CYP8B1,3p
DAG1,3p
DALRD3,3p
DAZL,3p
DBR1,3q
DCAF1,3p
DCBLD2,3q
DCLK3,3p
DCP1A,3p
DCUN1D1,3q
DENND6A,3p
DENND6A-DT,3p
DGKG,3q
DHFR2,3q
DHX30,3p
DHX36,3q
DIPK2A,3q
DLEC1,3p
DLG1,3q
DLG1-AS1,3q
DNAH1,3p
DNAH12,3p
DNAJB11,3q
DNAJB8,3q
DNAJB8-AS1,3q
DNAJC13,3q
DNAJC19,3q
DNASE1L3,3p
DOCK3,3p
DPH3,3p
DPPA2,3q
DPPA2P3,3q
DPPA4,3q
DRD3,3q
DTX3L,3q
DUBR,3q
DUSP7,3p
DVL3,3q
DYNC1LI1,3p
DZIP1L,3q
DZIP3,3q
EAF1,3p
EAF2,3q
EBLN2,3p
ECE2,3q
ECT2,3q
EDEM1,3p
EEF1AKMT4,3q
EEF1AKMT4-ECE2,3q
EEFSEC,3q
EFCAB12,3q
EFCC1,3q
EFHB,3p
EGFEM1P,3q
EGOT,3p
EHHADH,3q
EHHADH-AS1,3q
EIF1B,3p
EIF1B-AS1,3p
EIF2A,3q
EIF2B5,3q
EIF4A2,3q
EIF4E3,3p
EIF4G1,3q
EIF5A2,3q
ELP6,3p
EMC3,3p
EMC3-AS1,3p
ENTPD3,3p
ENTPD3-AS1,3p
EOGT,3p
EOMES,3p
EPHA3,3p
EPHA6,3q
EPHB1,3q
EPHB3,3q
EPM2AIP1,3p
ERC2,3p
ERC2-IT1,3p
ERICH6,3q
ERICH6-AS1,3q
ESRG,3p
ESYT3,3q
ETV5,3q
EXOG,3p
EXOSC7,3p
FAIM,3q
FAM107A,3p
FAM131A,3q
FAM157A,3q
FAM162A,3q
FAM172BP,3q
FAM240A,3p
FAM3D,3p
FAM3D-AS1,3p
FAM43A,3q
FAM86DP,3p
FAM86HP,3q
FAM86JP,3q
FANCD2,3p
FANCD2OS,3p
FBLN2,3p
FBXL2,3p
FBXO40,3q
FBXO45,3q
FBXW12,3p
FCF1P2,3p
FETUB,3q
FEZF2,3p
FGD5,3p
FGD5-AS1,3p
FGD5P1,3p
FGF12,3q
FGF12-AS1,3q
FGF12-AS2,3q
FHIT,3p
FILIP1L,3q
FLJ42393,3q
FLNB,3p
FLNB-AS1,3p
FNDC3B,3q
FOXL2,3q
FOXL2NB,3q
FOXP1,3p
FOXP1-AS1,3p
FRG2C,3p
FRMD4B,3p
FSTL1,3q
FXR1,3q
FYCO1,3p
FYTTD1,3q
GABRR3,3q
GADL1,3p
GALNT15,3p
GAP43,3q
GASK1A,3p
GATA2,3q
GATA2-AS1,3q
GBE1,3p
GCSAM,3q
GFM1,3q
GHRL,3p
GHRLOS,3p
GHSR,3q
GK5,3q
GLB1,3p
GLT8D1,3p
GLYCTK,3p
GLYCTK-AS1,3p
GMNC,3q
GMPPB,3p
GMPS,3q
GNAI2,3p
GNAT1,3p
GNB4,3q
GNL3,3p
GOLGA4,3p
GOLGB1,3q
GOLIM4,3q
GORASP1,3p
GP5,3q
GP9,3q
GPD1L,3p
GPR149,3q
GPR15,3q
GPR156,3q
GPR160,3q
GPR171,3q
GPR27,3p
GPR62,3p
GPR87,3q
GPX1,3p
GRAMD1C,3q
GRIP2,3p
GRK7,3q
GRM2,3p
GRM7,3p
GRM7-AS1,3p
GRM7-AS2,3p
GRM7-AS3,3p
GSK3B,3q
GTF2E1,3q
GTPBP8,3q
GUCA1C,3q
GXYLT2,3p
GYG1,3q
H1-10,3q
H1-10-AS1,3q
H1-8,3q
HACD2,3q
HACL1,3p
HCLS1,3q
HDAC11,3p
HDAC11-AS1,3p
HEG1,3q
HEMK1,3p
HES1,3q
HESX1,3p
HGD,3q
HHATL,3p
HHATL-AS1,3p
HHLA2,3q
HIGD1A,3p
HLTF,3q
HLTF-AS1,3q
HMCES,3q
HP09053,3q
HPS3,3q
HRG,3q
HRH1,3p
HSPBAP1,3q
HTD2,3p
HTR1F,3p
HTR3C,3q
HTR3D,3q
HTR3E,3q
HTR3E-AS1,3q
HYAL1,3p
HYAL2,3p
HYAL3,3p
IFRD2,3p
IFT122,3q
IFT57,3q
IFT80,3q
IGF2BP2,3q
IGF2BP2-AS1,3q
IGSF10,3q
IGSF11,3q
IGSF11-AS1,3q
IHO1,3p
IL12A,3q
IL12A-AS1,3q
IL17RB,3p
IL17RC,3p
IL17RD,3p
IL17RE,3p
IL1RAP,3q
IL20RB,3q
IL5RA,3p
ILDR1,3q
IMPDH2,3p
IMPG2,3q
INKA1,3p
IP6K1,3p
IP6K2,3p
IQCB1,3q
IQCF1,3p
IQCF2,3p
IQCF3,3p
IQCF4P,3p
IQCF5,3p
IQCF5-AS1,3p
IQCF6,3p
IQCG,3q
IQCJ,3q
IQCJ-SCHIP1,3q
IQCJ-SCHIP1-AS1,3q
IQSEC1,3p
IRAK2,3p
ISY1,3q
ISY1-RAB43,3q
ITGA9,3p
ITGA9-AS1,3p
ITGB5,3q
ITIH1,3p
ITIH3,3p
ITIH4,3p
ITIH4-AS1,3p
ITPR1,3p
ITPR1-DT,3p
JAGN1,3p
KALRN,3q
KAT2B,3p
KBTBD12,3q
KBTBD8,3p
KCNAB1,3q
KCNAB1-AS1,3q
KCNAB1-AS2,3q
KCNH8,3p
KCNMB2,3q
KCNMB2-AS1,3q
KCNMB3,3q
KCTD6,3p
KIAA1143,3p
KIF15,3p
KIF9,3p
KIF9-AS1,3p
KLF15,3q
KLHDC8B,3p
KLHL18,3p
KLHL24,3q
KLHL40,3p
KLHL6,3q
KLHL6-AS1,3q
KNG1,3q
KPNA1,3q
KPNA4,3q
KRBOX1,3p
KRBOX1-AS1,3p
KY,3q
LAMB2,3p
LAMB2P1,3p
LAMP3,3q
LARS2,3p
LARS2-AS1,3p
LEKR1,3q
LHFPL4,3p
LIMD1,3p
LIMD1-AS1,3p
LINC00312,3p
LINC00488,3q
LINC00501,3q
LINC00506,3p
LINC00578,3q
LINC00606,3p
LINC00620,3p
LINC00635,3q
LINC00636,3q
LINC00690,3p
LINC00691,3p
LINC00692,3p
LINC00693,3p
LINC00696,3p
LINC00698,3p
LINC00852,3p
LINC00870,3p
LINC00877,3p
LINC00879,3q
LINC00880,3q
LINC00881,3q
LINC00882,3q
LINC00884,3q
LINC00885,3q
LINC00886,3q
LINC00887,3q
LINC00888,3q
LINC00901,3q
LINC00903,3q
LINC00960,3p
LINC00971,3p
LINC00994,3p
LINC01014,3q
LINC01063,3q
LINC01100,3q
LINC01192,3q
LINC01205,3q
LINC01206,3q
LINC01208,3q
LINC01209,3q
LINC01210,3q
LINC01213,3q
LINC01214,3q
LINC01215,3q
LINC01266,3p
LINC01267,3p
LINC01322,3q
LINC01324,3q
LINC01327,3q
LINC01391,3q
LINC01471,3q
LINC01487,3q
LINC01565,3q
LINC01840,3q
LINC01968,3q
LINC01972,3q
LINC01980,3p
LINC01981,3p
LINC01983,3q
LINC01985,3p
LINC01986,3p
LINC01988,3p
LINC01990,3q
LINC01991,3q
LINC01994,3q
LINC01995,3q
LINC02000,3q
LINC02004,3q
LINC02005,3p
LINC02006,3q
LINC02008,3p
LINC02009,3p
LINC02010,3q
LINC02011,3p
LINC02012,3q
LINC02014,3q
LINC02015,3q
LINC02016,3q
LINC02017,3p
LINC02018,3p
LINC02020,3q
LINC02021,3q
LINC02022,3p
LINC02024,3q
LINC02025,3p
LINC02026,3q
LINC02027,3p
LINC02028,3q
LINC02029,3q
LINC02032,3q
LINC02033,3p
LINC02035,3q
LINC02036,3q
LINC02037,3q
LINC02038,3q
LINC02041,3q
LINC02042,3q
LINC02043,3q
LINC02044,3q
LINC02046,3q
LINC02049,3q
LINC02050,3p
LINC02052,3q
LINC02053,3q
LINC02054,3q
LINC02067,3q
LINC02068,3q
LINC02069,3q
LINC02070,3p
LINC02077,3p
LINC02082,3q
LINC02085,3q
LINC02158,3p
LINC02585,3p
LINC02614,3q
LINC02618,3q
LINC02877,3q
LINCR-0002,3q
LIPH,3q
LMCD1,3p
LMCD1-AS1,3p
LMLN,3q
LMLN-AS1,3q
LMOD3,3p
LNCSRLR,3q
LNP1,3q
LOC100128164,3q
LOC100130207,3p
LOC100131635,3q
LOC100289361,3q
LOC100507291,3q
LOC100507389,3q
LOC100996447,3q
LOC101926968,3q
LOC101927296,3p
LOC101927374,3p
LOC101927394,3p
LOC101927829,3p
LOC101928105,3q
LOC101928135,3p
LOC101928166,3q
LOC101928323,3p
LOC101928739,3q
LOC101928882,3q
LOC101929054,3p
LOC101929106,3q
LOC101929130,3q
LOC101929411,3q
LOC101929579,3q
LOC102723582,3q
LOC102724604,3q
LOC105374042,3q
LOC105374060,3q
LOC105374194,3q
LOC105374297,3q
LOC105374312,3q
LOC105374313,3q
LOC105376975,3p
LOC105377102,3p
LOC105377143,3p
LOC105377146,3p
LOC105377162,3p
LOC107986163,3q
LOC152048,3p
LOC220729,3q
LOC339862,3p
LOC339874,3q
LOC339902,3p
LOC440982,3q
LOC646903,3q
LOC653712,3q
LOC90246,3q
LPP,3q
LPP-AS1,3q
LPP-AS2,3q
LRCH3,3q
LRIG1,3p
LRRC15,3q
LRRC2,3p
LRRC2-AS1,3p
LRRC31,3q
LRRC34,3q
LRRC3B,3p
LRRC58,3q
LRRC77P,3q
LRRFIP2,3p
LRRIQ4,3q
LRRN1,3p
LRTM1,3p
LSAMP,3q
LSAMP-AS1,3q
LSG1,3q
LSM3,3p
LSMEM2,3p
LTF,3p
LXN,3q
LYZL4,3p
LZTFL1,3p
MAGEF1,3q
MAGI1,3p
MAGI1-AS1,3p
MAGI1-IT1,3p
MANF,3p
MAP3K13,3q
MAP4,3p
MAP6D1,3q
MAPKAPK3,3p
MASP1,3q
MB21D2,3q
MBD4,3q
MBNL1,3q
MBNL1-AS1,3q
MCCC1,3q
MCF2L2,3q
MCM2,3q
MDFIC2,3p
MECOM,3q
MECOM-AS1,3q
MED12L,3q
MELTF,3q
MELTF-AS1,3q
METTL6,3p
MFN1,3q
MFSD1,3q
MGC2889,3q
MGLL,3q
MINDY4B,3q
MIR12124,3q
MIR12127,3p
MIR1224,3q
MIR1226,3p
MIR1248,3q
MIR1263,3q
MIR128-2,3p
MIR1284,3p
MIR1324,3p
MIR135A1,3p
MIR138-1,3p
MIR15B,3q
MIR16-2,3q
MIR191,3p
MIR198,3q
MIR2115,3p
MIR26A1,3p
MIR28,3q
MIR3134,3p
MIR3135A,3p
MIR3136,3p
MIR3137,3q
MIR3714,3p
MIR378B,3p
MIR3919,3q
MIR3921,3q
MIR3923,3p
MIR3938,3p
MIR425,3p
MIR4270,3p
MIR4271,3p
MIR4272,3p
MIR4273,3p
MIR4442,3p
MIR4443,3p
MIR4445,3q
MIR4446,3q
MIR4447,3q
MIR4448,3q
MIR466,3p
MIR4787,3p
MIR4788,3q
MIR4789,3q
MIR4790,3p
MIR4791,3p
MIR4793,3p
MIR4795,3p
MIR4796,3q
MIR4797,3q
MIR5002,3q
MIR5092,3q
MIR5186,3q
MIR5193,3p
MIR544B,3q
MIR548AB,3q
MIR548AY,3p
MIR548BB,3p
MIR548I1,3q
MIR551B,3q
MIR5588,3q
MIR563,3p
MIR564,3p
MIR567,3q
MIR568,3q
MIR5682,3q
MIR5688,3p
MIR569,3q
MIR570,3q
MIR5704,3q
MIR570HG,3q
MIR5787,3p
MIR6083,3q
MIR6529,3q
MIR6822,3p
MIR6823,3p
MIR6824,3p
MIR6825,3q
MIR6826,3q
MIR6827,3q
MIR6828,3q
MIR6829,3q
MIR6872,3p
MIR6890,3p
MIR711,3p
MIR7110,3q
MIR7976,3q
MIR7977,3q
MIR8060,3q
MIR8064,3p
MIR8076,3q
MIR885,3p
MIR922,3q
MIR944,3q
MIR9900,3q
MIRLET7G,3p
MITF,3p
MKRN2,3p
MKRN2OS,3p
MLF1,3q
MLH1,3p
MME,3q
MOBP,3p
MON1A,3p
MORC1,3q
MORC1-AS1,3q
MRAS,3q
MRPL3,3q
MRPL47,3q
MRPS22,3q
MRPS25,3p
MSL2,3q
MST1,3p
MST1R,3p
MTHFD2P1,3q
MTMR14,3p
MUC13,3q
MUC20,3q
MUC4,3q
MUSTN1,3p
MYD88,3p
MYH15,3q
MYL3,3p
MYLK,3q
MYLK-AS1,3q
MYLK-AS2,3q
MYNN,3q
MYRIP,3p
NAA50,3q
NAA80,3p
NAALADL2,3q
NAALADL2-AS1,3q
NAALADL2-AS2,3q
NAALADL2-AS3,3q
NBEAL2,3p
NCBP2,3q
NCBP2-AS1,3q
NCBP2AS2,3q
NCEH1,3q
NCK1,3q
NCK1-DT,3q
NCKIPSD,3p
NDUFAF3,3p
NDUFB4,3q
NDUFB5,3q
NECTIN3,3q
NECTIN3-AS1,3q
NEK10,3p
NEK11,3q
NEK4,3p
NEPRO,3q
NFKBIZ,3q
NGLY1,3p
NICN1,3p
NISCH,3p
NIT2,3q
NKIRAS1,3p
NKTR,3p
NLGN1,3q
NLGN1-AS1,3q
NMD3,3q
NME6,3p
NME9,3q
NMNAT3,3q
NMRAL2P,3q
NPHP3,3q
NPHP3-ACAD11,3q
NPHP3-AS1,3q
NPRL2,3p
NR1D2,3p
NR1I2,3q
NR2C2,3p
NRADDP,3p
NRROS,3q
NSUN3,3q
NT5DC2,3p
NUDT16,3q
NUDT16P1,3q
NUP210,3p
NUP210P1,3q
NXPE3,3q
OGG1,3p
OPA1,3q
OPA1-AS1,3q
OR5AC2,3q
OR5H1,3q
OR5H14,3q
OR5H15,3q
OR5H2,3q
OR5H6,3q
OR5K1,3q
OR5K2,3q
OR5K3,3q
OR5K4,3q
OSBPL10,3p
OSBPL10-AS1,3p
OSBPL11,3q
OSTN,3q
OSTN-AS1,3q
OTOL1,3q
OXNAD1,3p
OXSM,3p
OXSR1,3p
OXTR,3p
P2RY1,3q
P2RY12,3q
P2RY13,3q
P2RY14,3q
P3H2,3q
P3H2-AS1,3q
P4HTM,3p
PA2G4P4,3q
PAK2,3q
PAQR9,3q
PAQR9-AS1,3q
PARL,3q
PARP14,3q
PARP15,3q
PARP3,3p
PARP9,3q
PBRM1,3p
PCBP4,3p
PCCB,3q
PCNP,3q
PCOLCE2,3q
PCYT1A,3q
PDCD10,3q
PDCD6IP,3p
PDCL3P4,3q
PDE12,3p
PDHB,3p
PDIA5,3q
PDZRN3,3p
PDZRN3-AS1,3p
PEX5L,3q
PEX5L-AS2,3q
PFKFB4,3p
PFN2,3q
PHC3,3q
PHF7,3p
PHLDB2,3q
PIGX,3q
PIGZ,3q
PIK3CA,3q
PIK3CB,3q
PIK3R4,3q
PISRT1,3q
PLA1A,3q
PLAAT1,3q
PLCD1,3p
PLCH1,3q
PLCH1-AS2,3q
PLCL2,3p
PLCXD2,3q
PLCXD2-AS1,3q
PLD1,3q
PLOD2,3q
PLS1,3q
PLSCR1,3q
PLSCR2,3q
PLSCR4,3q
PLSCR5,3q
PLXNA1,3q
PLXNB1,3p
PLXND1,3q
POC1A,3p
PODXL2,3q
POGLUT1,3q
POLQ,3q
POLR2H,3q
POMGNT2,3p
POPDC2,3q
POU1F1,3p
PP2D1,3p
PPARG,3p
PPM1L,3q
PPM1M,3p
PPP1R2,3q
PPP2R3A,3q
PPP4R2,3p
PRICKLE2,3p
PRICKLE2-AS1,3p
PRICKLE2-AS2,3p
PRICKLE2-AS3,3p
PRKAR2A,3p
PRKAR2A-AS1,3p
PRKCD,3p
PRKCI,3q
PROK2,3p
PROS1,3q
PRR20G,3q
PRR23A,3q
PRR23B,3q
PRR23C,3q
PRRT3,3p
PRRT3-AS1,3p
PRSS42P,3p
PRSS43P,3p
PRSS44P,3p
PRSS45P,3p
PRSS46P,3p
PRSS50,3p
PSMD2,3q
PSMD6,3p
PSMD6-AS2,3p
PTH1R,3p
PTPN23,3p
PTPRG,3p
PTPRG-AS1,3p
PTX3,3q
PXK,3p
PXYLP1,3q
PYDC2,3q
QARS1,3p
QRICH1,3p
QTRT2,3q
RAB43,3q
RAB5A,3p
RAB6B,3q
RAB7A,3q
RABL3,3q
RAD18,3p
RAD54L2,3p
RAF1,3p
RAP2B,3q
RARB,3p
RARB-AS1,3p
RARRES1,3q
RASA2,3q
RASSF1,3p
RASSF1-AS1,3p
RBM15B,3p
RBM5,3p
RBM5-AS1,3p
RBM6,3p
RBMS3,3p
RBMS3-AS1,3p
RBMS3-AS3,3p
RBP1,3q
RBP2,3q
RBSN,3p
RETNLB,3q
RFC4,3q
RFT1,3p
RFTN1,3p
RHO,3q
RHOA,3p
RIOX2,3q
RNF123,3p
RNF13,3q
RNF168,3q
RNF7,3q
ROBO1,3p
ROBO2,3p
ROPN1,3q
ROPN1B,3q
RPL14,3p
RPL15,3p
RPL22L1,3q
RPL24,3q
RPL29,3p
RPL32,3p
RPL32P3,3q
RPL35A,3q
RPL39L,3q
RPN1,3q
RPP14,3p
RPSA,3p
RPUSD3,3p
RRP9,3p
RSRC1,3q
RTP1,3q
RTP2,3q
RTP3,3p
RTP4,3q
RUBCN,3q
RUVBL1,3q
RUVBL1-AS1,3q
RYBP,3p
RYK,3q
SACM1L,3p
SAMD7,3q
SAMMSON,3p
SATB1,3p
SATB1-AS1,3p
SCAANT1,3p
SCAP,3p
SCARNA7,3q
SCHIP1,3q
SCN10A,3p
SCN11A,3p
SCN5A,3p
SDHAP1,3q
SDHAP2,3q
SEC13,3p
SEC22A,3q
SEC22C,3p
SEC61A1,3q
SEC62,3q
SELENOK,3p
SELENOT,3q
SEMA3B,3p
SEMA3B-AS1,3p
SEMA3F,3p
SEMA3F-AS1,3p
SEMA3G,3p
SEMA5B,3q
SENP2,3q
SENP5,3q
SENP7,3q
SERP1,3q
SERPINI1,3q
SERPINI2,3q
SETD2,3p
SETD5,3p
SETMAR,3p
SFMBT1,3p
SGO1,3p
SGO1-AS1,3p
SH3BP5,3p
SH3BP5-AS1,3p
SHISA5,3p
SHOX2,3q
SHQ1,3p
SI,3q
SIAH2,3q
SIDT1,3q
SKIL,3q
SLC12A8,3q
SLC15A2,3q
SLC22A13,3p
SLC22A14,3p
SLC25A20,3p
SLC25A26,3p
SLC25A36,3q
SLC25A38,3p
SLC26A6,3p
SLC2A2,3q
SLC33A1,3q
SLC35A5,3q
SLC35G2,3q
SLC38A3,3p
SLC41A3,3q
SLC49A4,3q
SLC4A7,3p
SLC51A,3q
SLC66A1L,3q
SLC6A1,3p
SLC6A1-AS1,3p
SLC6A11,3p
SLC6A20,3p
SLC6A6,3p
SLC7A14,3q
SLC7A14-AS1,3q
SLC9A9,3q
SLC9A9-AS1,3q
SLC9C1,3q
SLCO2A1,3q
SLITRK3,3q
SLMAP,3p
SMARCC1,3p
SMC4,3q
SMCO1,3q
SMIM4,3p
SNAR-I,3q
SNORA4,3q
SNORA58,3q
SNORA6,3p
SNORA62,3p
SNORA63,3q
SNORA63B,3q
SNORA63D,3q
SNORA63E,3q
SNORA7A,3p
SNORA7B,3q
SNORA81,3q
SNORA93,3p
SNORA94,3p
SNORA95,3p
SNORD136,3p
SNORD13J,3p
SNORD146,3p
SNORD155,3q
SNORD19,3p
SNORD19B,3p
SNORD19C,3p
SNORD2,3q
SNORD38C,3p
SNORD66,3q
SNORD69,3p
SNRK,3p
SNRK-AS1,3p
SNTN,3p
SNX4,3q
SOX14,3q
SOX2,3q
SOX2-OT,3q
SPATA12,3p
SPATA16,3q
SPCS1,3p
SPICE1,3q
SPINK8,3p
SPSB4,3q
SPTSSB,3q
SRGAP3,3p
SRGAP3-AS2,3p
SRGAP3-AS3,3p
SRGAP3-AS4,3p
SRPRB,3q
SS18L2,3p
SSR3,3q
SST,3q
SSUH2,3p
ST3GAL6,3q
ST3GAL6-AS1,3q
ST6GAL1,3q
STAB1,3p
STAC,3p
STAG1,3q
STIMATE,3p
STIMATE-MUSTN1,3p
STRIT1,3q
STT3B,3p
STX19,3q
STXBP5L,3q
SUCLG2,3p
SUCLG2-AS1,3p
SUCNR1,3q
SUMF1,3p
SUSD5,3p
SYN2,3p
SYNPR,3p
SYNPR-AS1,3p
TADA3,3p
TAFA1,3p
TAFA4,3p
TAGLN3,3q
TAMM41,3p
TASOR,3p
TATDN2,3p
TBC1D23,3q
TBC1D5,3p
TBCCD1,3q
TBILA,3q
TBL1XR1,3q
TCAIM,3p
TCTA,3p
TCTEX1D2,3q
TDGF1,3p
TERC,3q
TEX264,3p
TEX55,3q
TF,3q
TFDP2,3q
TFG,3q
TFRC,3q
TGFBR2,3p
TGM4,3p
THOC7,3p
THOC7-AS1,3p
THPO,3q
THRB,3p
THRB-AS1,3p
THRB-AS2,3p
THUMPD3,3p
THUMPD3-AS1,3p
TIGIT,3q
TIMMDC1,3q
TIMP4,3p
TIPARP,3q
TIPARP-AS1,3q
TKT,3p
TLR9,3p
TM4SF1,3q
TM4SF1-AS1,3q
TM4SF18,3q
TM4SF19,3q
TM4SF19-AS1,3q
TM4SF19-TCTEX1D2,3q
TM4SF4,3q
TMA7,3p
TMCC1,3q
TMCC1-AS1,3q
TMEM108,3q
TMEM108-AS1,3q
TMEM115,3p
TMEM14EP,3q
TMEM158,3p
TMEM183B,3q
TMEM207,3q
TMEM212,3q
TMEM212-AS1,3q
TMEM30CP,3q
TMEM39A,3q
TMEM40,3p
TMEM41A,3q
TMEM42,3p
TMEM43,3p
TMEM44,3q
TMEM44-AS1,3q
TMEM45A,3q
TMEM89,3p
TMF1,3p
TMIE,3p
TMPPE,3p
TMPRSS7,3q
TNFSF10,3q
TNIK,3q
TNK2,3q
TNK2-AS1,3q
TNNC1,3p
TOMM70,3q
TOP2B,3p
TOPAZ1,3p
TOPBP1,3q
TP63,3q
TPRA1,3q
TPRG1,3q
TPRG1-AS1,3q
TPRG1-AS2,3q
TPRXL,3p
TRA2B,3q
TRAIP,3p
TRAK1,3p
TRANK1,3p
TRAT1,3q
TREX1,3p
TRH,3q
TRIM42,3q
TRIM59,3q
TRIM59-IFT80,3q
TRIM71,3p
TRMT10C,3q
TRNT1,3p
TRPC1,3q
TSC22D2,3q
TSEN2,3p
TTC14,3q
TTC21A,3p
TTLL3,3p
TUSC2,3p
TUSC7,3q
TWF2,3p
TXNRD3,3q
U2SURP,3q
UBA3,3p
UBA5,3q
UBA7,3p
UBE2E1,3p
UBE2E1-AS1,3p
UBE2E2,3p
UBE2E2-AS1,3p
UBE2FP1,3p
UBP1,3p
UBXN7,3q
UBXN7-AS1,3q
UC.134,3q
UCN2,3p
ULK4,3p
UMPS,3q
UPK1B,3q
UQCRC1,3p
UROC1,3q
USF3,3q
USP13,3q
USP19,3p
USP4,3p
UTS2B,3q
VENTXP7,3p
VEPH1,3q
VGLL3,3p
VGLL4,3p
VHL,3p
VILL,3p
VIPR1,3p
VIPR1-AS1,3p
VPS8,3q
VWA5B2,3q
WDR48,3p
WDR49,3q
WDR53,3q
WDR5B,3q
WDR6,3p
WDR82,3p
WNT5A,3p
WNT7A,3p
WWTR1,3q
WWTR1-AS1,3q
XCR1,3p
XIRP1,3p
XPC,3p
XRN1,3q
XXYLT1,3q
XXYLT1-AS1,3q
XXYLT1-AS2,3q
XYLB,3p
YEATS2,3q
YEATS2-AS1,3q
ZBBX,3q
ZBED2,3q
ZBTB11,3q
ZBTB11-AS1,3q
ZBTB20,3q
ZBTB20-AS1,3q
ZBTB20-AS3,3q
ZBTB20-AS4,3q
ZBTB20-AS5,3q
ZBTB38,3q
ZBTB47,3p
ZCWPW2,3p
ZDHHC19,3q
ZDHHC23,3q
ZDHHC3,3p
ZIC1,3q
ZIC4,3q
ZKSCAN7,3p
ZKSCAN7-AS1,3p
ZMAT3,3q
ZMYND10,3p
ZNF148,3q
ZNF197,3p
ZNF197-AS1,3p
ZNF35,3p
ZNF385D,3p
ZNF385D-AS1,3p
ZNF385D-AS2,3p
ZNF445,3p
ZNF501,3p
ZNF502,3p
ZNF589,3p
ZNF619,3p
ZNF620,3p
ZNF621,3p
ZNF639,3q
ZNF654,3p
ZNF660,3p
ZNF660-ZNF197,3p
ZNF662,3p
ZNF717,3p
ZNF80,3q
ZNF852,3p
ZNF860,3p
ZPLD1,3q
ZXDC,3q
AADAT,4q
AASDH,4q
ABCA11P,4p
ABCE1,4q
ABCG2,4q
ABHD18,4q
ABLIM2,4p
ABRAXAS1,4q
ACOX3,4p
ACSL1,4q
ADAD1,4q
ADAM29,4q
ADAMTS3,4q
ADD1,4p
ADGRA3,4p
ADGRL3,4q
ADGRL3-AS1,4q
ADH1A,4q
ADH1B,4q
ADH1C,4q
ADH4,4q
ADH5,4q
ADH6,4q
ADH7,4q
ADRA2C,4p
AFAP1,4p
AFAP1-AS1,4p
AFF1,4q
AFF1-AS1,4q
AFM,4q
AFP,4q
AGA,4q
AIMP1,4q
ALB,4q
ALPK1,4q
AMBN,4q
AMTN,4q
ANAPC10,4q
ANAPC4,4p
ANK2,4q
ANKRD17,4q
ANKRD37,4q
ANKRD50,4q
ANP32C,4q
ANTXR2,4q
ANXA10,4q
ANXA2P1,4q
ANXA3,4q
ANXA5,4q
AP1AR,4q
APBB2,4p
APELA,4q
ARAP2,4p
AREG,4q
ARFIP1,4q
ARHGAP10,4q
ARHGAP24,4q
ARHGEF38,4q
ARHGEF38-IT1,4q
ARL9,4q
ARSJ,4q
ART3,4q
ASB5,4q
ASIC5,4q
ATOH1,4q
ATP10D,4p
ATP5ME,4p
ATP8A1,4p
BANK1,4q
BBS12,4q
BBS7,4q
BDH2,4q
BEND4,4p
BLOC1S4,4p
BMP2K,4q
BMP3,4q
BMPR1B,4q
BMPR1B-DT,4q
BOD1L1,4p
BST1,4p
BTC,4q
C1QTNF7,4p
C1QTNF7-AS1,4p
C4orf17,4q
C4orf19,4p
C4orf3,4q
C4orf33,4q
C4orf36,4q
C4orf45,4q
C4orf46,4q
C4orf47,4q
C4orf48,4p
C4orf50,4p
C4orf51,4q
C4orf54,4q
CABS1,4q
CAMK2D,4q
CASP3,4q
CASP6,4q
CBR4,4q
CC2D2A,4p
CCDC110,4q
CCDC149,4p
CCDC158,4q
CCDC96,4p
CCKAR,4p
CCNA2,4q
CCNG2,4q
CCNI,4q
CCSER1,4q
CD38,4p
CDKL2,4q
CDKN2AIP,4q
CDS1,4q
CENPC,4q
CENPE,4q
CENPU,4q
CEP135,4q
CEP170P1,4q
CEP44,4q
CETN4P,4q
CFAP299,4q
CFAP97,4q
CFAP99,4p
CFI,4q
CHIC2,4q
CHRNA9,4p
CIBAR1P2,4q
CISD2,4q
CLCN3,4q
CLDN22,4q
CLDN24,4q
CLGN,4q
CLNK,4p
CLOCK,4q
CLRN2,4p
CNGA1,4p
CNOT6L,4q
COL25A1,4q
COL25A1-DT,4q
COMMD8,4p
COPS4,4q
COQ2,4q
CORIN,4p
COX18,4q
COX7B2,4p
CPE,4q
CPEB2,4p
CPEB2-DT,4p
CPLX1,4p
CPZ,4p
CRACD,4q
CRMP1,4p
CSN1S1,4q
CSN1S2AP,4q
CSN1S2BP,4q
CSN2,4q
CSN3,4q
CTBP1,4p
CTBP1-AS,4p
CTBP1-DT,4p
CTSO,4q
CWH43,4p
CXCL1,4q
CXCL10,4q
CXCL11,4q
CXCL13,4q
CXCL2,4q
CXCL3,4q
CXCL5,4q
CXCL6,4q
CXCL8,4q
CXCL9,4q
CXXC4,4q
CXXC4-AS1,4q
CYP2U1,4q
CYP2U1-AS1,4q
CYP4V2,4q
CYTL1,4p
DANCR,4q
DAPP1,4q
DBET,4q
DCAF16,4p
DCAF4L1,4p
DCHS2,4q
DCK,4q
DCLK2,4q
DCTD,4q
DCUN1D4,4q
DDIT4L,4q
DDX60,4q
DDX60L,4q
DEFB131A,4p
DGKQ,4p
DHX15,4p
DKK2,4q
DMP1,4q
DNAJB14,4q
DOK7,4p
DRD5,4p
DSPP,4q
DTHD1,4p
DUX4,4q
EDNRA,4q
EGF,4q
EIF4E,4q
ELF2,4q
ELMOD2,4q
ELOVL6,4q
EMCN,4q
ENAM,4q
ENOPH1,4q
ENPEP,4q
ENPP6,4q
EPGN,4q
EPHA5,4q
EPHA5-AS1,4q
EREG,4q
ERVMER34-1,4q
ETFDH,4q
ETNPPL,4q
EVC,4p
EVC2,4p
EXOC1,4q
EXOC1L,4q
EXOSC9,4q
F11,4q
F11-AS1,4q
FABP2,4q
FAM114A1,4p
FAM13A,4q
FAM13A-AS1,4q
FAM149A,4q
FAM160A1,4q
FAM184B,4p
FAM193A,4p
FAM198B-AS1,4q
FAM200B,4p
FAM218A,4q
FAM241A,4q
FAM47E,4q
FAM47E-STBD1,4q
FAM53A,4p
FAM86EP,4p
FAM90A26,4p
FAT1,4q
FAT4,4q
FBXL5,4p
FBXO8,4q
FBXW7,4q
FBXW7-AS1,4q
FDCSP,4q
FGA,4q
FGB,4q
FGF2,4q
FGF5,4q
FGFBP1,4p
FGFBP2,4p
FGFR3,4p
FGFRL1,4p
FGG,4q
FHDC1,4q
FIP1L1,4q
FLJ20021,4q
FLJ38576,4q
FNIP2,4q
FRAS1,4q
FREM3,4q
FRG1,4q
FRG1-DT,4q
FRG2,4q
FRYL,4p
FSTL5,4q
FTLP10,4q
G3BP2,4q
GAB1,4q
GABRA2,4p
GABRA4,4p
GABRB1,4p
GABRG1,4p
GAK,4p
GALNT7,4q
GALNTL6,4q
GALNTL6-AS1,4q
GAR1,4q
GASK1B,4q
GATB,4q
GBA3,4p
GC,4q
GIMD1,4q
GK2,4q
GK3P,4q
GLRA3,4q
GLRB,4q
GNPDA2,4p
GNRHR,4q
GPAT3,4q
GPM6A,4q
GPR78,4p
GPRIN3,4q
GRIA2,4q
GRID2,4q
GRK4,4p
GRPEL1,4p
GRSF1,4q
GRXCR1,4p
GSTCD,4q
GSTCD-AS1,4q
GSX2,4q
GTF2IP12,4q
GUCY1A1,4q
GUCY1B1,4q
GUF1,4p
GUSBP5,4q
GYPA,4q
GYPB,4q
GYPE,4q
H2AZ1,4q
H2AZ1-DT,4q
HADH,4q
HAND2,4q
HAND2-AS1,4q
HAUS3,4p
HELQ,4q
HELT,4q
HERC3,4q
HERC5,4q
HERC6,4q
HGFAC,4p
HHIP,4q
HHIP-AS1,4q
HMGB2,4q
HMX1,4p
HNRNPD,4q
HNRNPDL,4q
HOPX,4q
HPF1,4q
HPGD,4q
HPGDS,4q
HPSE,4q
HS3ST1,4p
HSD17B11,4q
HSD17B13,4q
HSPA4L,4q
HTN1,4q
HTN3,4q
HTRA3,4p
HTT,4p
HTT-AS,4p
IBSP,4q
IDUA,4p
IGFBP7,4q
IGFBP7-AS1,4q
IL15,4q
IL2,4q
IL21,4q
IL21-AS1,4q
ING2,4q
INPP4B,4q
INTS12,4q
INTU,4q
IQCM,4q
IRF2,4q
JADE1,4q
JAKMIP1,4p
JCHAIN,4q
KCNIP4,4p
KCNIP4-IT1,4p
KCTD8,4p
KDR,4q
KIAA0232,4p
KIAA1109,4q
KIT,4q
KLB,4p
KLF3,4p
KLF3-AS1,4p
KLHL2,4q
KLHL5,4p
KLHL8,4q
KLKB1,4q
LAMTOR3,4q
LAP3,4p
LARP1B,4q
LARP7,4q
LCORL,4p
LDB2,4p
LEF1,4q
LEF1-AS1,4q
LETM1,4p
LGI2,4p
LIAS,4p
LIMCH1,4p
LIN54,4q
LINC00290,4q
LINC00499,4q
LINC00504,4p
LINC00575,4q
LINC00613,4q
LINC00616,4q
LINC00682,4p
LINC00955,4p
LINC00989,4q
LINC01060,4q
LINC01061,4q
LINC01085,4p
LINC01088,4q
LINC01091,4q
LINC01093,4q
LINC01094,4q
LINC01095,4q
LINC01096,4p
LINC01097,4p
LINC01098,4q
LINC01099,4q
LINC01179,4q
LINC01182,4p
LINC01216,4q
LINC01256,4q
LINC01258,4p
LINC01259,4p
LINC01262,4q
LINC01365,4q
LINC01378,4q
LINC01396,4p
LINC01587,4p
LINC01596,4q
LINC01612,4q
LINC01618,4q
LINC02171,4p
LINC02172,4q
LINC02173,4q
LINC02174,4q
LINC02232,4q
LINC02233,4q
LINC02260,4q
LINC02261,4p
LINC02262,4q
LINC02263,4q
LINC02264,4q
LINC02265,4p
LINC02266,4q
LINC02267,4q
LINC02268,4q
LINC02269,4q
LINC02270,4p
LINC02271,4q
LINC02273,4q
LINC02275,4q
LINC02278,4p
LINC02283,4q
LINC02353,4p
LINC02355,4q
LINC02360,4p
LINC02362,4q
LINC02363,4q
LINC02364,4p
LINC02365,4q
LINC02374,4q
LINC02380,4q
LINC02382,4q
LINC02383,4p
LINC02427,4q
LINC02428,4q
LINC02429,4q
LINC02431,4q
LINC02432,4q
LINC02433,4q
LINC02436,4q
LINC02447,4p
LINC02462,4q
LINC02465,4q
LINC02466,4q
LINC02472,4p
LINC02475,4p
LINC02479,4q
LINC02480,4q
LINC02481,4p
LINC02482,4p
LINC02483,4q
LINC02484,4p
LINC02485,4q
LINC02492,4q
LINC02493,4p
LINC02494,4q
LINC02495,4p
LINC02497,4p
LINC02499,4q
LINC02500,4q
LINC02501,4p
LINC02502,4q
LINC02505,4p
LINC02506,4p
LINC02508,4q
LINC02509,4q
LINC02510,4q
LINC02511,4q
LINC02513,4p
LINC02514,4q
LINC02516,4q
LINC02517,4p
LINC02562,4q
LINC02615,4q
LINC02616,4p
LINC02619,4q
LNCPRESS2,4q
LNX1,4q
LNX1-AS1,4q
LNX1-AS2,4q
LOC100129917,4p
LOC100129931,4p
LOC100130872,4p
LOC100419170,4q
LOC100505912,4p
LOC100506444,4q
LOC100507053,4q
LOC101927157,4p
LOC101927179,4p
LOC101927237,4q
LOC101927359,4q
LOC101927516,4q
LOC101927636,4q
LOC101928052,4q
LOC101928131,4q
LOC101928279,4p
LOC101928306,4p
LOC101928551,4q
LOC101928590,4q
LOC101928622,4p
LOC101928978,4q
LOC101929161,4p
LOC101929210,4q
LOC101929353,4q
LOC101929577,4q
LOC101929621,4q
LOC101929762,4q
LOC101930370,4q
LOC102723704,4q
LOC102724776,4q
LOC105374338,4p
LOC105374344,4p
LOC105374428,4p
LOC105374516,4p
LOC105377267,4q
LOC105377342,4q
LOC105377448,4q
LOC105377458,4q
LOC105377480,4q
LOC105377590,4q
LOC105377621,4q
LOC105377623,4q
LOC105377651,4p
LOC107986192,4q
LOC339975,4q
LOC344967,4p
LOC389199,4p
LOC389247,4q
LOC401127,4p
LOC439933,4p
LOC441052,4q
LOC550113,4q
LOC729218,4q
LOC729558,4q
LOC729870,4q
LOC93622,4p
LRAT,4q
LRBA,4q
LRIT3,4q
LRP2BP,4q
LRPAP1,4p
LRRC66,4q
LSM6,4q
LYAR,4p
MAB21L2,4q
MAD2L1,4q
MAEA,4p
MAML3,4q
MAN2B2,4p
MANBA,4q
MAP9,4q
MAPK10,4q
MAPK10-AS1,4q
MARCHF1,4q
MCUB,4q
MED28,4p
MEPE,4q
METAP1,4q
METTL14,4q
METTL14-DT,4q
MFAP3L,4q
MFSD10,4p
MFSD8,4q
MGARP,4q
MGAT4D,4q
MGST2,4q
MIR12113,4p
MIR12115,4p
MIR1243,4q
MIR1255A,4q
MIR1255B1,4p
MIR1269A,4q
MIR1305,4q
MIR1973,4q
MIR2054,4q
MIR218-1,4p
MIR297,4q
MIR302A,4q
MIR302B,4q
MIR302C,4q
MIR302CHG,4q
MIR302D,4q
MIR3138,4p
MIR3139,4q
MIR3140,4q
MIR367,4q
MIR3684,4q
MIR3688-1,4q
MIR3688-2,4q
MIR378D1,4p
MIR3945,4q
MIR3945HG,4q
MIR4274,4p
MIR4275,4p
MIR4276,4q
MIR4449,4q
MIR4450,4q
MIR4451,4q
MIR4452,4q
MIR4453,4q
MIR4453HG,4q
MIR4455,4q
MIR4798,4p
MIR4799,4q
MIR4800,4p
MIR4801,4p
MIR4802,4p
MIR5091,4p
MIR548AG1,4q
MIR548AH,4q
MIR548G,4q
MIR548I2,4p
MIR548T,4q
MIR5591,4p
MIR5705,4q
MIR571,4p
MIR572,4p
MIR573,4p
MIR574,4p
MIR575,4q
MIR576,4q
MIR577,4q
MIR578,4q
MIR6082,4q
MIR7849,4q
MIR7978,4p
MIR8053,4p
MIR8066,4q
MIR8082,4q
MIR943,4p
MIR95,4p
MMAA,4q
MMRN1,4q
MND1,4q
MOB1B,4q
MRFAP1,4p
MRFAP1L1,4p
MRPL1,4q
MRPS18C,4q
MSANTD1,4p
MSMO1,4q
MSX1,4p
MTHFD2L,4q
MTNR1A,4q
MTTP,4q
MUC7,4q
MXD4,4p
MYL5,4p
MYOZ2,4q
N4BP2,4p
NAA11,4q
NAA15,4q
NAAA,4q
NAF1,4q
NAP1L5,4q
NAT8L,4p
NCAPG,4p
NDNF,4q
NDST3,4q
NDST4,4q
NDUFC1,4q
NEIL3,4q
NEK1,4q
NELFA,4p
NEUROG2,4q
NEUROG2-AS1,4q
NFKB1,4q
NFXL1,4p
NIPAL1,4p
NKX1-1,4p
NKX3-2,4p
NKX6-1,4q
NMU,4q
NOA1,4q
NOCT,4q
NOP14,4p
NOP14-AS1,4p
NPFFR2,4q
NPNT,4q
NPY1R,4q
NPY2R,4q
NPY5R,4q
NR3C2,4q
NSD2,4p
NSG1,4p
NSUN7,4p
NUDT6,4q
NUDT9,4q
NUP54,4q
NWD2,4p
OCIAD1,4p
OCIAD1-AS1,4p
OCIAD2,4p
ODAM,4q
ODAPH,4q
OPRPN,4q
OSTC,4q
OTOP1,4p
OTUD4,4q
PABPC4L,4q
PACRGL,4p
PAICS,4q
PALLD,4q
PANCR,4q
PAPSS1,4q
PAQR3,4q
PARM1,4q
PARM1-AS1,4q
PCAT4,4q
PCDH10,4q
PCDH18,4q
PCDH7,4p
PCGF3,4p
PCNAP1,4q
PDCL2,4q
PDE5A,4q
PDE6B,4p
PDGFC,4q
PDGFRA,4q
PDHA2,4q
PDLIM3,4q
PDLIM5,4q
PDS5A,4p
PF4,4q
PF4V1,4q
PGM2,4p
PGRMC2,4q
PHOX2B,4p
PI4K2B,4p
PIGG,4p
PIGY,4q
PIGY-DT,4q
PITX2,4q
PKD2,4q
PLA2G12A,4q
PLAC8,4q
PLK4,4q
PLRG1,4q
POLN,4p
POLR2B,4q
POU4F2,4q
PP12613,4q
PPA2,4q
PPARGC1A,4p
PPAT,4q
PPBP,4q
PPBPP2,4q
PPEF2,4q
PPID,4q
PPM1K,4q
PPM1K-DT,4q
PPP2R2C,4p
PPP3CA,4q
PRDM5,4q
PRDM8,4q
PRIMPOL,4q
PRKG2,4q
PRKG2-AS1,4q
PRMT9,4q
PROM1,4p
PRR27,4q
PRSS12,4q
PRSS48,4q
PSAPL1,4p
PTPN13,4q
PTTG2,4p
PYURF,4q
QDPR,4p
QRFPR,4q
RAB28,4p
RAB33B,4q
RAB33B-AS1,4q
RAP1GDS1,4q
RAPGEF2,4q
RASGEF1B,4q
RASL11B,4q
RASSF6,4q
RBM46,4q
RBM47,4p
RBPJ,4p
RCHY1,4q
REELD1,4q
RELL1,4p
REST,4q
RFC1,4p
RGS12,4p
RHOH,4p
RNF150,4q
RNF175,4q
RNF212,4p
RNF4,4p
RPL21P44,4q
RPL34,4q
RPL34-DT,4q
RPL9,4p
RPS3A,4q
RRH,4q
RUFY3,4q
RWDD4,4q
RXFP1,4q
S100P,4p
SAP30,4q
SCARB2,4q
SCARNA22,4p
SCD5,4q
SCFD2,4q
SCLT1,4q
SCOC,4q
SCOC-AS1,4q
SCRG1,4q
SDAD1,4q
SDAD1-AS1,4q
SEC24B,4q
SEC24B-AS1,4q
SEC24D,4q
SEC31A,4q
SEL1L3,4p
SEPSECS,4p
SEPSECS-AS1,4p
SEPTIN11,4q
SEPTIN7P14,4q
SETD7,4q
SFRP2,4q
SGCB,4q
SGMS2,4q
SH3BP2,4p
SH3D19,4q
SH3RF1,4q
SH3TC1,4p
SHISA3,4p
SHROOM3,4q
SLAIN2,4p
SLBP,4p
SLC10A4,4p
SLC10A6,4q
SLC10A7,4q
SLC25A31,4q
SLC25A4,4q
SLC26A1,4p
SLC2A9,4p
SLC30A9,4p
SLC34A2,4p
SLC39A8,4q
SLC49A3,4p
SLC4A4,4q
SLC7A11,4q
SLC7A11-AS1,4q
SLC9B1,4q
SLC9B2,4q
SLED1,4q
SLIT2,4p
SLIT2-IT1,4p
SMAD1,4q
SMAD1-AS1,4q
SMAD1-AS2,4q
SMARCA5,4q
SMARCA5-AS1,4q
SMARCAD1,4q
SMIM14,4p
SMIM20,4p
SMIM31,4q
SMIM43,4q
SMR3A,4q
SMR3B,4q
SNCA,4q
SNCA-AS1,4q
SNHG27,4q
SNHG8,4q
SNORA101A,4q
SNORA24,4q
SNORA26,4q
SNORA75B,4p
SNORD143,4q
SNORD144,4q
SNORD161,4q
SNORD162,4p
SNORD73A,4q
SNORD73B,4q
SNX25,4q
SOD3,4p
SORBS2,4q
SORCS2,4p
SOWAHB,4q
SPARCL1,4q
SPATA18,4q
SPATA4,4q
SPATA5,4q
SPCS3,4q
SPINK2,4q
SPOCK3,4q
SPON2,4p
SPP1,4q
SPRY1,4q
SRD5A3,4q
SRD5A3-AS1,4q
SRP72,4q
STAP1,4q
STATH,4q
STBD1,4q
STIM2,4p
STIM2-AS1,4p
STK32B,4p
STOX2,4q
STPG2,4q
STPG2-AS1,4q
STX18,4p
STX18-AS1,4p
STX18-IT1,4p
SULT1B1,4q
SULT1E1,4q
SYNPO2,4q
SYT14P1,4q
TACC3,4p
TACR3,4q
TADA2B,4p
TAPT1,4p
TAPT1-AS1,4p
TBC1D1,4p
TBC1D14,4p
TBC1D19,4p
TBC1D9,4q
TBCK,4q
TDO2,4q
TEC,4p
TECRL,4q
TEMN3-AS1,4q
TENM3,4q
TENM3-AS1,4q
TET2,4q
TET2-AS1,4q
THAP6,4q
THAP9,4q
THAP9-AS1,4q
THEGL,4q
TIFA,4q
TIGD2,4q
TIGD4,4q
TKTL2,4q
TLL1,4q
TLR1,4p
TLR10,4p
TLR2,4q
TLR3,4q
TLR6,4p
TMA16,4q
TMED11P,4p
TMEM128,4p
TMEM129,4p
TMEM131L,4q
TMEM144,4q
TMEM150C,4q
TMEM154,4q
TMEM156,4p
TMEM165,4q
TMEM175,4p
TMEM184C,4q
TMEM192,4q
TMEM271,4p
TMEM33,4p
TMPRSS11A,4q
TMPRSS11B,4q
TMPRSS11BNL,4q
TMPRSS11D,4q
TMPRSS11E,4q
TMPRSS11F,4q
TMPRSS11GP,4q
TNIP2,4p
TNIP3,4q
TNRC18P1,4q
TRAM1L1,4q
TRAPPC11,4q
TRIM2,4q
TRIM60,4q
TRIM61,4q
TRIML1,4q
TRIML2,4q
TRMT10A,4q
TRMT44,4p
TRPC3,4q
TSPAN5,4q
TTC29,4q
TXK,4p
UBA6,4q
UBA6-AS1,4q
UBE2D3,4q
UBE2D3-AS1,4q
UBE2K,4p
UCHL1,4p
UCHL1-AS1,4p
UCP1,4q
UFSP2,4q
UGDH,4p
UGDH-AS1,4p
UGT2A1,4q
UGT2A2,4q
UGT2A3,4q
UGT2B10,4q
UGT2B11,4q
UGT2B15,4q
UGT2B17,4q
UGT2B28,4q
UGT2B4,4q
UGT2B7,4q
UGT8,4q
UNC5C,4q
USO1,4q
USP17L10,4p
USP17L11,4p
USP17L12,4p
USP17L13,4p
USP17L15,4p
USP17L17,4p
USP17L18,4p
USP17L19,4p
USP17L20,4p
USP17L21,4p
USP17L22,4p
USP17L24,4p
USP17L25,4p
USP17L26,4p
USP17L27,4p
USP17L28,4p
USP17L29,4p
USP17L30,4p
USP17L5,4p
USP17L6P,4p
USP17L9P,4p
USP38,4q
USP46,4q
USP46-DT,4q
USP53,4q
UTP3,4q
UVSSA,4p
VEGFC,4q
WDFY3,4q
WDFY3-AS2,4q
WDR1,4p
WDR17,4q
WDR19,4p
WFS1,4p
WWC2,4q
WWC2-AS1,4q
WWC2-AS2,4q
YIPF7,4p
YTHDC1,4q
ZAR1,4p
ZBTB49,4p
ZCCHC4,4p
ZFP42,4q
ZFYVE28,4p
ZGRF1,4q
ZNF141,4p
ZNF330,4q
ZNF518B,4p
ZNF595,4p
ZNF718,4p
ZNF721,4p
ZNF732,4p
ZNF827,4q
ZNF876P,4p
AACSP1,5q
ABLIM3,5q
ACOT12,5q
ACSL6,5q
ACTBL2,5q
ADAM19,5q
ADAMTS12,5p
ADAMTS16,5p
ADAMTS19,5q
ADAMTS19-AS1,5q
ADAMTS2,5q
ADAMTS6,5q
ADCY2,5p
ADGRV1,5q
ADRA1B,5q
ADRB2,5q
AFAP1L1,5q
AFF4,5q
AGGF1,5q
AGXT2,5p
AHRR,5p
AK6,5q
ALDH7A1,5q
AMACR,5p
ANKDD1B,5q
ANKH,5p
ANKHD1,5q
ANKHD1-EIF4EBP3,5q
ANKRA2,5q
ANKRD31,5q
ANKRD33B,5p
ANKRD34B,5q
ANKRD55,5q
ANXA2R,5p
ANXA6,5q
AP3B1,5q
AP3S1,5q
APBB3,5q
APC,5q
ARAP3,5q
ARHGAP26,5q
ARHGAP26-AS1,5q
ARHGAP26-IT1,5q
ARHGEF28,5q
ARHGEF37,5q
ARL10,5q
ARL14EPL,5q
ARL15,5q
ARRDC3,5q
ARRDC3-AS1,5q
ARSB,5q
ARSI,5q
ARSK,5q
ATG10,5q
ATG12,5q
ATOX1,5q
ATP10B,5q
ATP6AP1L,5q
ATP6V0E1,5q
ATPSCKMT,5p
B4GALT7,5q
BASP1,5p
BASP1-AS1,5p
BDP1,5q
BHMT,5q
BHMT2,5q
BNIP1,5q
BOD1,5q
BRD8,5q
BRD9,5p
BRIX1,5p
BTF3,5q
BTNL3,5q
BTNL8,5q
BTNL9,5q
C1QTNF2,5q
C1QTNF3,5p
C1QTNF3-AMACR,5p
C5orf15,5q
C5orf17,5p
C5orf22,5p
C5orf24,5q
C5orf34,5p
C5orf38,5p
C5orf46,5q
C5orf47,5q
C5orf49,5p
C5orf51,5p
C5orf52,5q
C5orf58,5q
C5orf60,5q
C5orf63,5q
C5orf64,5q
C5orf64-AS1,5q
C5orf66,5q
C5orf66-AS1,5q
C5orf66-AS2,5q
C5orf67,5q
C6,5p
C7,5p
C9,5p
CAMK2A,5q
CAMK4,5q
CAMLG,5q
CANX,5q
CAPSL,5p
CARD6,5p
CARMN,5q
CARTPT,5q
CAST,5q
CATSPER3,5q
CBY3,5q
CCDC112,5q
CCDC125,5q
CCDC127,5p
CCDC152,5p
CCDC192,5q
CCDC69,5q
CCL28,5p
CCNB1,5q
CCNG1,5q
CCNH,5q
CCNI2,5q
CCNJL,5q
CCNO,5q
CCT5,5p
CD14,5q
CD180,5q
CD74,5q
CDC20B,5q
CDC23,5q
CDC25C,5q
CDC42SE2,5q
CDH10,5p
CDH12,5p
CDH18,5p
CDH18-AS1,5p
CDH6,5p
CDH9,5p
CDHR2,5q
CDK7,5q
CDKL3,5q
CDKN2AIPNL,5q
CDO1,5q
CDX1,5q
CENPH,5q
CENPK,5q
CEP120,5q
CEP72,5p
CERT1,5q
CETN3,5q
CHD1,5q
CHSY3,5q
CKMT2,5q
CKMT2-AS1,5q
CLINT1,5q
CLK4,5q
CLMAT3,5q
CLPTM1L,5p
CLTB,5q
CMBL,5p
CMYA5,5q
CNOT6,5q
CNOT8,5q
COL23A1,5q
COMMD10,5q
COX7C,5q
CPEB4,5q
CPLANE1,5p
CPLX2,5q
CREBRF,5q
CRHBP,5q
CRSP8P,5q
CSF1R,5q
CSF2,5q
CSNK1A1,5q
CSNK1G3,5q
CTB-178M22.2,5q
CTC-338M12.4,5q
CTD-2194D22.4,5p
CTD-2297D10.2,5p
CTD-2350J17.1,5p
CTD-3080P12.3,5p
CTNNA1,5q
CTNND2,5p
CTXN3,5q
CWC27,5q
CXCL14,5q
CXXC5,5q
CXXC5-AS1,5q
CYFIP2,5q
CYSTM1,5q
DAB2,5p
DAP,5p
DBN1,5q
DCANP1,5q
DCP2,5q
DCTN4,5q
DDX4,5q
DDX41,5q
DDX46,5q
DELE1,5q
DEPDC1B,5q
DHFR,5q
DHX29,5q
DIAPH1,5q
DIAPH1-AS1,5q
DIMT1,5q
DMGDH,5q
DMXL1,5q
DNAH5,5p
DNAJC18,5q
DNAJC21,5p
DND1,5q
DOCK2,5q
DOK3,5q
DPYSL3,5q
DRD1,5q
DROSHA,5p
DTWD2,5q
DUSP1,5q
EBF1,5q
ECSCR,5q
EDIL3,5q
EFCAB9,5q
EFNA5,5q
EGFLAM,5p
EGFLAM-AS2,5p
EGFLAM-AS4,5p
EGR1,5q
EIF4E1B,5q
EIF4EBP3,5q
ELL2,5q
ELOVL7,5q
EMB,5q
ENC1,5q
EPB41L4A,5q
EPB41L4A-AS1,5q
EPB41L4A-DT,5q
ERAP1,5q
ERAP2,5q
ERBIN,5q
ERCC8,5q
ERGIC1,5q
ESM1,5q
ETF1,5q
EXOC3,5p
EXOC3-AS1,5p
F12,5q
F2R,5q
F2RL1,5q
F2RL2,5q
FABP6,5q
FAF2,5q
FAM114A2,5q
FAM13B,5q
FAM151B,5q
FAM153A,5q
FAM153B,5q
FAM153CP,5q
FAM169A,5q
FAM170A,5q
FAM172A,5q
FAM174A,5q
FAM193B,5q
FAM53C,5q
FAM71B,5q
FAM81B,5q
FASTKD3,5p
FAT2,5q
FAXDC2,5q
FBLL1,5q
FBN2,5q
FBXL17,5q
FBXL21P,5q
FBXL7,5p
FBXO38,5q
FBXO4,5p
FBXW11,5q
FCHO2,5q
FCHSD1,5q
FEM1C,5q
FER,5q
FGF1,5q
FGF10,5p
FGF10-AS1,5p
FGF18,5q
FGFR4,5q
FLJ31104,5q
FLJ32255,5p
FLT4,5q
FNDC9,5q
FNIP1,5q
FOXD1,5q
FOXI1,5q
FST,5q
FSTL4,5q
FTMT,5q
FYB1,5p
G3BP1,5q
GABRA1,5q
GABRA6,5q
GABRB2,5q
GABRG2,5q
GABRP,5q
GALNT10,5q
GAPT,5q
GCNT4,5q
GDF9,5q
GDNF,5p
GDNF-AS1,5p
GEMIN5,5q
GFM2,5q
GFPT2,5q
GFRA3,5q
GHR,5p
GIN1,5q
GLRA1,5q
GLRX,5q
GM2A,5q
GMCL2,5q
GNPDA1,5q
GOLPH3,5p
GPBP1,5q
GPR150,5q
GPR151,5q
GPRIN1,5q
GPX3,5q
GPX8,5q
GRAMD2B,5q
GRIA1,5q
GRK6,5q
GRM6,5q
GRPEL2,5q
GRPEL2-AS1,5q
GRXCR2,5q
GTF2H2,5q
GTF2H2B,5q
GTF2H2C,5q
GTF2H2C_2,5q
GUSBP1,5p
GUSBP14,5q
GUSBP15,5q
GUSBP16,5q
GUSBP17,5q
GUSBP3,5q
GZMA,5q
GZMK,5q
H3Y1,5p
H3Y2,5p
HAND1,5q
HAPLN1,5q
HARS1,5q
HARS2,5q
HAVCR1,5q
HAVCR2,5q
HBEGF,5q
HCN1,5p
HDAC3,5q
HEIH,5q
HEXB,5q
HIGD2A,5q
HINT1,5q
HK3,5q
HMGCR,5q
HMGCS1,5p
HMGXB3,5q
HMHB1,5q
HMMR,5q
HMMR-AS1,5q
HNRNPA0,5q
HNRNPAB,5q
HNRNPH1,5q
HOMER1,5q
HRAT5,5p
HRH2,5q
HSD17B4,5q
HSPA4,5q
HSPA9,5q
HSPB3,5q
HTR1A,5q
HTR4,5q
ICE1,5p
IGIP,5q
IK,5q
IL12B,5q
IL13,5q
IL17B,5q
IL3,5q
IL31RA,5q
IL4,5q
IL5,5q
IL6ST,5q
IL7R,5p
IL9,5q
INSYN2B,5q
IPO11,5q
IPO11-LRRC70,5q
IQGAP2,5q
IRF1,5q
IRF1-AS1,5q
IRGM,5q
IRX1,5p
IRX2,5p
IRX4,5p
ISL1,5q
ISOC1,5q
ITGA1,5q
ITGA2,5q
ITK,5q
JADE2,5q
JAKMIP2,5q
JAKMIP2-AS1,5q
JMY,5q
KCNIP1,5q
KCNIP1-AS1,5q
KCNIP1-OT1,5q
KCNMB1,5q
KCNN2,5q
KCTD16,5q
KDM3B,5q
KIAA0825,5q
KIAA1191,5q
KIF20A,5q
KIF2A,5q
KIF3A,5q
KIF4B,5q
KLHL3,5q
LARP1,5q
LARS1,5q
LCP2,5q
LEAP2,5q
LECT2,5q
LHFPL2,5q
LIFR,5p
LIFR-AS1,5p
LINC00461,5q
LINC00491,5q
LINC00492,5q
LINC00603,5p
LINC00847,5q
LINC00992,5q
LINC01017,5p
LINC01018,5p
LINC01019,5p
LINC01020,5p
LINC01023,5q
LINC01033,5q
LINC01170,5q
LINC01184,5q
LINC01187,5q
LINC01194,5p
LINC01202,5q
LINC01265,5p
LINC01331,5q
LINC01333,5q
LINC01335,5q
LINC01337,5q
LINC01338,5q
LINC01339,5q
LINC01340,5q
LINC01366,5q
LINC01377,5p
LINC01386,5q
LINC01411,5q
LINC01455,5q
LINC01470,5q
LINC01484,5q
LINC01485,5q
LINC01511,5p
LINC01554,5q
LINC01574,5q
LINC01843,5q
LINC01844,5q
LINC01845,5q
LINC01846,5q
LINC01847,5q
LINC01848,5q
LINC01861,5q
LINC01932,5q
LINC01933,5q
LINC01942,5q
LINC01944,5q
LINC01947,5q
LINC01948,5q
LINC01949,5q
LINC01950,5q
LINC01951,5q
LINC01957,5q
LINC01962,5q
LINC02039,5q
LINC02056,5q
LINC02057,5q
LINC02059,5q
LINC02060,5q
LINC02062,5q
LINC02064,5p
LINC02065,5q
LINC02101,5q
LINC02102,5p
LINC02103,5p
LINC02104,5p
LINC02105,5q
LINC02106,5q
LINC02107,5p
LINC02108,5q
LINC02109,5p
LINC02110,5p
LINC02111,5p
LINC02112,5p
LINC02113,5q
LINC02114,5p
LINC02115,5q
LINC02116,5p
LINC02118,5q
LINC02119,5p
LINC02120,5p
LINC02121,5p
LINC02123,5p
LINC02143,5q
LINC02145,5p
LINC02146,5p
LINC02147,5q
LINC02148,5q
LINC02149,5p
LINC02150,5p
LINC02159,5q
LINC02160,5p
LINC02162,5p
LINC02197,5q
LINC02198,5q
LINC02199,5p
LINC02200,5q
LINC02201,5q
LINC02202,5q
LINC02208,5q
LINC02211,5p
LINC02212,5p
LINC02213,5p
LINC02214,5q
LINC02215,5q
LINC02217,5p
LINC02218,5p
LINC02219,5q
LINC02220,5p
LINC02221,5p
LINC02222,5q
LINC02223,5p
LINC02224,5p
LINC02225,5q
LINC02226,5p
LINC02227,5q
LINC02228,5p
LINC02229,5q
LINC02230,5q
LINC02234,5q
LINC02236,5p
LINC02239,5p
LINC02240,5q
LINC02241,5p
LINC02242,5q
LINC02488,5q
LINCADL,5q
LINCR-0003,5q
LIX1,5q
LMAN2,5q
LMBRD2,5p
LMNB1,5q
LMNB1-DT,5q
LNPEP,5q
LOC100128059,5q
LOC100128340,5q
LOC100128966,5q
LOC100130172,5q
LOC100130744,5p
LOC100132356,5p
LOC100133050,5q
LOC100268168,5q
LOC100288254,5q
LOC100289230,5q
LOC100303749,5q
LOC100505841,5q
LOC100506406,5p
LOC100506639,5p
LOC100506688,5p
LOC100506858,5p
LOC100507387,5q
LOC100652758,5q
LOC100996325,5p
LOC100996385,5q
LOC100996419,5q
LOC101926905,5q
LOC101926960,5p
LOC101927023,5q
LOC101927078,5q
LOC101927100,5q
LOC101927190,5q
LOC101927357,5q
LOC101927421,5q
LOC101927488,5q
LOC101927908,5q
LOC101928093,5q
LOC101928505,5q
LOC101928651,5q
LOC101928858,5q
LOC101928924,5q
LOC101929109,5q
LOC101929154,5q
LOC101929380,5q
LOC101929524,5p
LOC101929599,5q
LOC101929645,5p
LOC101929710,5q
LOC101929719,5q
LOC102467080,5q
LOC102467081,5q
LOC102467216,5q
LOC102467217,5q
LOC102467226,5q
LOC102503427,5q
LOC102546229,5q
LOC102546294,5q
LOC102546299,5q
LOC102724404,5q
LOC102724720,5q
LOC105374620,5p
LOC105374704,5p
LOC105374727,5p
LOC105377752,5q
LOC105377763,5q
LOC105378230,5q
LOC105378979,5q
LOC105379030,5q
LOC105379143,5q
LOC105379152,5q
LOC105379176,5q
LOC105379183,5q
LOC105379192,5q
LOC105379194,5q
LOC107986453,5q
LOC112267934,5q
LOC153684,5p
LOC202181,5q
LOC257396,5q
LOC285593,5q
LOC285626,5q
LOC285638,5q
LOC340090,5q
LOC401176,5p
LOC441081,5q
LOC441086,5q
LOC441087,5q
LOC442132,5p
LOC642366,5q
LOC643201,5q
LOC644285,5q
LOC644936,5q
LOC646652,5p
LOC648987,5p
LOC728178,5p
LOC728554,5q
LOC728613,5p
LOC729080,5q
LOC731157,5q
LOX,5q
LPCAT1,5p
LRRC14B,5p
LRRC70,5q
LRRTM2,5q
LSINCT5,5p
LSM11,5q
LSP1P3,5p
LTC4S,5q
LUCAT1,5q
LVRN,5q
LYRM7,5q
LYSMD3,5q
MACIR,5q
MACROH2A1,5q
MALINC1,5q
MAML1,5q
MAN2A1,5q
MAP1B,5q
MAP3K1,5q
MAPK9,5q
MARCHF11,5p
MARCHF3,5q
MARCHF6,5p
MARCOL,5q
MARVELD2,5q
MAST4,5q
MAST4-AS1,5q
MAT2B,5q
MATR3,5q
MBLAC2,5q
MCC,5q
MCCC2,5q
MCIDAS,5q
MCTP1,5q
MED10,5p
MED7,5q
MEF2C,5q
MEF2C-AS1,5q
MEF2C-AS2,5q
MEGF10,5q
MEIKIN,5q
MFAP3,5q
MFFP2,5q
MGAT1,5q
MGAT4B,5q
MGC32805,5q
MIER3,5q
MINAR2,5q
MIR10397,5p
MIR103A1,5q
MIR103B1,5q
MIR10522,5p
MIR10523,5q
MIR12118,5q
MIR12125,5q
MIR12130,5q
MIR1229,5q
MIR1271,5q
MIR1289-2,5q
MIR1294,5q
MIR1303,5q
MIR143,5q
MIR145,5q
MIR146A,5q
MIR218-2,5q
MIR2277,5q
MIR3141,5q
MIR3142,5q
MIR3142HG,5q
MIR340,5q
MIR3650,5p
MIR3655,5q
MIR3660,5q
MIR3661,5q
MIR378A,5q
MIR378E,5q
MIR378H,5q
MIR3912,5q
MIR3936,5q
MIR3936HG,5q
MIR3977,5q
MIR4277,5p
MIR4278,5p
MIR4279,5p
MIR4280,5q
MIR4281,5q
MIR4456,5p
MIR4457,5p
MIR4458,5p
MIR4458HG,5p
MIR4460,5q
MIR449A,5q
MIR449B,5q
MIR449C,5q
MIR4633,5q
MIR4634,5q
MIR4635,5p
MIR4636,5p
MIR4637,5p
MIR4638,5q
MIR4803,5q
MIR4804,5q
MIR5003,5q
MIR5197,5q
MIR548AE2,5q
MIR548P,5q
MIR5687,5q
MIR5692C1,5q
MIR5706,5q
MIR579,5p
MIR580,5p
MIR581,5q
MIR582,5q
MIR583,5q
MIR584,5q
MIR585,5q
MIR6075,5p
MIR6131,5p
MIR6499,5q
MIR6830,5q
MIR6831,5q
MIR8056,5q
MIR8089,5q
MIR874,5q
MIR887,5p
MIR9-2,5q
MOCS2,5q
MRNIP,5q
MROH2B,5p
MRPL22,5q
MRPL36,5p
MRPS27,5q
MRPS30,5p
MRPS30-DT,5p
MRPS36,5q
MSH3,5q
MSX2,5q
MTMR12,5p
MTREX,5q
MTRNR2L2,5q
MTRR,5p
MTX3,5q
MXD3,5q
MYO10,5p
MYOT,5q
MYOZ3,5q
MZB1,5q
N4BP3,5q
NADK2,5p
NAIP,5q
NBPF22P,5q
NCRUPAR,5q
NDFIP1,5q
NDST1,5q
NDST1-AS1,5q
NDUFA2,5q
NDUFAF2,5q
NDUFS4,5q
NDUFS6,5p
NEURL1B,5q
NEUROG1,5q
NHP2,5q
NIM1K,5p
NIPAL4,5q
NIPBL,5p
NIPBL-DT,5p
NKD2,5p
NKX2-5,5q
NLN,5q
NME5,5q
NMUR2,5q
NNT,5p
NNT-AS1,5p
NOP16,5q
NPM1,5q
NPR3,5p
NPY6R,5q
NR2F1,5q
NR2F1-AS1,5q
NR3C1,5q
NREP,5q
NREP-AS1,5q
NRG2,5q
NSA2,5q
NSD1,5q
NSG2,5q
NSUN2,5p
NUDCD2,5q
NUDT12,5q
NUP155,5p
OCLN,5q
OCLNP1,5q
OR2V1,5q
OR2V2,5q
OR2Y1,5q
OSMR,5p
OSMR-AS1,5p
OTP,5q
OTULIN,5p
OTULINL,5p
OXCT1,5p
OXCT1-AS1,5p
P4HA2,5q
P4HA2-AS1,5q
PAIP1,5p
PAIP2,5q
PAM,5q
PANK3,5q
PARP8,5q
PART1,5q
PCBD2,5q
PCDH1,5q
PCDH12,5q
PCDHA1,5q
PCDHA10,5q
PCDHA11,5q
PCDHA12,5q
PCDHA13,5q
PCDHA2,5q
PCDHA3,5q
PCDHA4,5q
PCDHA5,5q
PCDHA6,5q
PCDHA7,5q
PCDHA8,5q
PCDHA9,5q
PCDHAC1,5q
PCDHAC2,5q
PCDHB1,5q
PCDHB10,5q
PCDHB11,5q
PCDHB12,5q
PCDHB13,5q
PCDHB14,5q
PCDHB15,5q
PCDHB16,5q
PCDHB17P,5q
PCDHB18P,5q
PCDHB19P,5q
PCDHB2,5q
PCDHB3,5q
PCDHB4,5q
PCDHB5,5q
PCDHB6,5q
PCDHB7,5q
PCDHB8,5q
PCDHB9,5q
PCDHGA1,5q
PCDHGA10,5q
PCDHGA11,5q
PCDHGA12,5q
PCDHGA2,5q
PCDHGA3,5q
PCDHGA4,5q
PCDHGA5,5q
PCDHGA6,5q
PCDHGA7,5q
PCDHGA8,5q
PCDHGA9,5q
PCDHGB1,5q
PCDHGB2,5q
PCDHGB3,5q
PCDHGB4,5q
PCDHGB5,5q
PCDHGB6,5q
PCDHGB7,5q
PCDHGB8P,5q
PCDHGC3,5q
PCDHGC4,5q
PCDHGC5,5q
PCSK1,5q
PCYOX1L,5q
PDCD6,5p
PDCD6-AHRR,5p
PDE4D,5q
PDE6A,5q
PDE8B,5q
PDGFRB,5q
PDLIM4,5q
PDLIM7,5q
PDZD2,5p
PELO,5q
PFDN1,5q
PFN3,5q
PGGT1B,5q
PHAX,5q
PHYKPL,5q
PIK3R1,5q
PITX1,5q
PJA2,5q
PKD2L2,5q
PLAC8L1,5q
PLCXD3,5p
PLEKHG4B,5p
PLK2,5q
PLPP1,5q
PMCHL1,5p
PMCHL2,5q
POC5,5q
POLK,5q
POLR3G,5q
POU4F3,5q
POU5F2,5q
PP7080,5p
PPARGC1B,5q
PPIC,5q
PPIP5K2,5q
PPP1R2B,5q
PPP2CA,5q
PPP2R2B,5q
PPP2R2B-IT1,5q
PPWD1,5q
PRDM6,5q
PRDM9,5p
PRELID1,5q
PRELID2,5q
PRKAA1,5p
PRLR,5p
PROB1,5q
PROP1,5q
PRR16,5q
PRR7,5q
PRR7-AS1,5q
PRRC1,5q
PSD2,5q
PSD2-AS1,5q
PTCD2,5q
PTGER4,5p
PTTG1,5q
PURA,5q
PURPL,5p
PWWP2A,5q
RAB24,5q
RAB3C,5q
RAB9BP1,5q
RACK1,5q
RAD1,5p
RAD17,5q
RAD50,5q
RAI14,5p
RANBP17,5q
RANBP3L,5p
RAPGEF6,5q
RARS1,5q
RASA1,5q
RASGEF1C,5q
RASGRF2,5q
RASGRF2-AS1,5q
RBM22,5q
RBM27,5q
REEP2,5q
REEP5,5q
RELL2,5q
RETREG1,5p
RFESD,5q
RGMB,5q
RGMB-AS1,5q
RGS14,5q
RGS7BP,5q
RHOBTB3,5q
RICTOR,5p
RIOK2,5q
RMND5B,5q
RNF130,5q
RNF138P1,5q
RNF14,5q
RNF145,5q
RNF180,5q
RNF44,5q
ROPN1L,5p
ROPN1L-AS1,5p
RPL26L1,5q
RPL37,5p
RPS14,5q
RPS23,5q
RUFY1,5q
RUFY1-AS1,5q
RXFP3,5p
S100Z,5q
SAP30L,5q
SAP30L-AS1,5q
SAR1B,5q
SCAMP1,5q
SCAMP1-AS1,5q
SCARNA18,5q
SCGB3A1,5q
SCGB3A2,5q
SDHA,5p
SDHAP3,5p
SEC24A,5q
SELENOP,5p
SEMA5A,5p
SEMA5A-AS1,5p
SEMA6A,5q
SEMA6A-AS1,5q
SEMA6A-AS2,5q
SEPTIN8,5q
SERF1A,5q
SERF1B,5q
SERINC5,5q
SETD9,5q
SFXN1,5q
SGCD,5q
SGTB,5q
SH3PXD2B,5q
SH3RF2,5q
SH3TC2,5q
SH3TC2-DT,5q
SHISAL2B,5q
SHLD3,5q
SHROOM1,5q
SIL1,5q
SIMC1,5q
SKP1,5q
SKP2,5p
SLC12A2,5q
SLC12A7,5p
SLC1A3,5p
SLC22A4,5q
SLC22A5,5q
SLC23A1,5q
SLC25A2,5q
SLC25A46,5q
SLC25A48,5q
SLC25A48-AS1,5q
SLC26A2,5q
SLC27A6,5q
SLC30A5,5q
SLC34A1,5q
SLC35A4,5q
SLC36A1,5q
SLC36A2,5q
SLC36A3,5q
SLC38A9,5q
SLC45A2,5p
SLC4A9,5q
SLC6A18,5p
SLC6A19,5p
SLC6A3,5p
SLC6A7,5q
SLC9A3,5p
SLC9A3-AS1,5p
SLCO4C1,5q
SLCO6A1,5q
SLF1,5q
SLIT3,5q
SLIT3-AS1,5q
SLIT3-AS2,5q
SLU7,5q
SMAD5,5q
SMAD5-AS1,5q
SMIM15,5q
SMIM15-AS1,5q
SMIM23,5q
SMIM3,5q
SMIM32,5q
SMIM33,5q
SMN1,5q
SMN2,5q
SNCAIP,5q
SNCB,5q
SNHG18,5p
SNHG4,5q
SNORA13,5q
SNORA47,5q
SNORA50D,5q
SNORA70J,5q
SNORA74A,5q
SNORA74B,5q
SNORA74D,5q
SNORD123,5p
SNORD138,5q
SNORD13B-1,5q
SNORD13B-2,5q
SNORD141A,9q
SNORD141B,9q
SNORD170,5p
SNORD63,5q
SNORD63B,5q
SNORD72,5p
SNORD95,5q
SNORD96A,5q
SNX18,5q
SNX2,5q
SNX24,5q
SOWAHA,5q
SOX30,5q
SPARC,5q
SPATA24,5q
SPATA9,5q
SPDL1,5q
SPEF2,5p
SPINK1,5q
SPINK13,5q
SPINK14,5q
SPINK5,5q
SPINK6,5q
SPINK7,5q
SPINK9,5q
SPOCK1,5q
SPRY4,5q
SPRY4-AS1,5q
SPRY4-IT1,5q
SPZ1,5q
SQSTM1,5q
SRA1,5q
SRD5A1,5p
SREK1,5q
SREK1IP1,5q
SRFBP1,5q
SRP19,5q
SSBP2,5q
ST8SIA4,5q
STARD4,5q
STARD4-AS1,5q
STC2,5q
STING1,5q
STK10,5q
STK32A,5q
STK32A-AS1,5q
SUB1,5p
SV2C,5q
SYNPO,5q
TAF7,5q
TAF9,5q
TARS1,5p
TAS2R1,5p
TBC1D9B,5q
TBCA,5q
TCERG1,5q
TCF7,5q
TCOF1,5q
TENM2,5q
TENT2,5q
TENT4A,5p
TERT,5p
TEX43,5q
TGFBI,5q
TH2LCRR,5q
THBS4,5q
THBS4-AS1,5q
THG1L,5q
THOC3,5q
TICAM2,5q
TIFAB,5q
TIGD6,5q
TIMD4,5q
TLX3,5q
TMCO6,5q
TMED7,5q
TMED7-TICAM2,5q
TMED9,5q
TMEM161B,5q
TMEM161B-AS1,5q
TMEM167A,5q
TMEM171,5q
TMEM174,5q
TMEM232,5q
TMEM267,5p
TNFAIP8,5q
TNIP1,5q
TNPO1,5q
TPPP,5p
TRAPPC13,5q
TRIM23,5q
TRIM36,5q
TRIM41,5q
TRIM52,5q
TRIM52-AS1,5q
TRIM7,5q
TRIO,5p
TRIP13,5p
TRPC7,5q
TRPC7-AS2,5q
TSLP,5q
TSPAN17,5q
TSSK1B,5q
TTC1,5q
TTC23L,5p
TTC33,5p
TTC37,5q
TXNDC15,5q
UBE2B,5q
UBE2D2,5q
UBE2QL1,5p
UBLCP1,5q
UBTD2,5q
UGT3A1,5p
UGT3A2,5p
UIMC1,5q
UNC5A,5q
UQCRQ,5q
UTP15,5q
VCAN,5q
VCAN-AS1,5q
VDAC1,5q
VTRNA1-1,5q
VTRNA1-2,5q
VTRNA1-3,5q
VTRNA2-1,5q
WDR36,5q
WDR41,5q
WDR55,5q
WDR70,5p
WNT8A,5q
WSPAR,5q
WWC1,5q
XRCC4,5q
YIPF5,5q
YTHDC2,5q
ZBED3,5q
ZBED3-AS1,5q
ZBED8,5q
ZCCHC10,5q
ZCCHC9,5q
ZDHHC11,5p
ZDHHC11B,5p
ZFP2,5q
ZFP62,5q
ZFR,5p
ZFYVE16,5q
ZMAT2,5q
ZNF131,5p
ZNF300,5q
ZNF300P1,5q
ZNF346,5q
ZNF354A,5q
ZNF354B,5q
ZNF354C,5q
ZNF366,5q
ZNF454,5q
ZNF474,5q
ZNF608,5q
ZNF622,5p
ZNF879,5q
ZSWIM6,5q
AARS2,6p
ABCC10,6p
ABCF1,6p
ABHD16A,6p
ABRACL,6q
ABT1,6p
ACAT2,6q
ACOT13,6p
ADAT2,6q
ADCY10P1,6p
ADGB,6q
ADGRB3,6q
ADGRF1,6p
ADGRF2,6p
ADGRF4,6p
ADGRF5,6p
ADGRF5-AS1,6p
ADGRG6,6q
ADTRP,6p
AFDN,6q
AFDN-DT,6q
AFG1L,6q
AGER,6p
AGPAT1,6p
AGPAT4,6q
AGPAT4-IT1,6q
AHI1,6q
AIF1,6p
AIG1,6q
AIRN,6q
AK9,6q
AKAP12,6q
AKAP7,6q
AKIRIN2,6q
ALDH5A1,6p
ALDH8A1,6q
AMD1,6q
ANKRD6,6q
ANKRD66,6p
ANKS1A,6p
APOBEC2,6p
APOM,6p
ARFGEF3,6q
ARG1,6q
ARHGAP18,6q
ARID1B,6q
ARMC12,6p
ARMC2,6q
ARMC2-AS1,6q
ARMH2,6p
ARMT1,6q
ASCC3,6q
ASF1A,6q
ATAT1,6p
ATF6B,6p
ATG5,6q
ATP6V0CP3,6p
ATP6V1G2,6p
ATP6V1G2-DDX39B,6p
ATXN1,6p
ATXN1-AS1,6p
B3GALT4,6p
B3GAT2,6q
BACH2,6q
BAG2,6p
BAG6,6p
BAK1,6p
BCKDHB,6q
BCLAF1,6q
BEND3,6q
BEND6,6p
BICRAL,6p
BLOC1S5,6p
BLOC1S5-TXNDC5,6p
BMP5,6p
BMP6,6p
BNIP5,6p
BPHL,6p
BRD2,6p
BRD7P3,6q
BRPF3,6p
BTBD9,6p
BTBD9-AS1,6p
BTN1A1,6p
BTN2A1,6p
BTN2A2,6p
BTN2A3P,6p
BTN3A1,6p
BTN3A2,6p
BTN3A3,6p
BTNL2,6p
BVES,6q
BVES-AS1,6q
BYSL,6p
C2,6p
C2-AS1,6p
C4A,6p
C4B,6p
C4B_2,6p
C6orf118,6q
C6orf120,6q
C6orf132,6p
C6orf136,6p
C6orf141,6p
C6orf15,6p
C6orf163,6q
C6orf201,6p
C6orf223,6p
C6orf226,6p
C6orf47,6p
C6orf52,6p
C6orf58,6q
C6orf62,6p
C6orf89,6p
C6orf99,6q
CAGE1,6p
CAHM,6q
CALHM4,6q
CALHM5,6q
CALHM6,6q
CAP2,6p
CAPN11,6p
CARMIL1,6p
CASC15,6p
CASC6,6q
CASP8AP2,6q
CCDC162P,6q
CCDC167,6p
CCDC170,6q
CCDC28A,6q
CCDC28A-AS1,6q
CCHCR1,6p
CCN2,6q
CCN6,6q
CCNC,6q
CCND3,6p
CCR6,6q
CD109,6q
CD164,6q
CD24,6q
CD2AP,6p
CD83,6p
CDC40,6q
CDC5L,6p
CDK19,6q
CDKAL1,6p
CDKN1A,6p
CDSN,6p
CDYL,6p
CENPQ,6p
CENPW,6q
CEP162,6q
CEP43,6q
CEP57L1,6q
CEP85L,6q
CFAP206,6q
CFB,6p
CGA,6q
CGAS,6q
CHP1P2,6q
CILK1,6p
CITED2,6q
CLDN20,6q
CLIC1,6p
CLIC5,6p
CLPS,6p
CLPSL1,6p
CLPSL2,6p
CLVS2,6q
CMAHP,6p
CMTR1,6p
CNKSR3,6q
CNPY3,6p
CNPY3-GNMT,6p
CNR1,6q
COL10A1,6q
COL11A2,6p
COL12A1,6q
COL19A1,6q
COL21A1,6p
COL9A1,6q
COQ3,6q
COX7A2,6q
CPNE5,6p
CRIP3,6p
CRISP1,6p
CRISP2,6p
CRISP3,6p
CRYBG1,6q
CSNK2B,6p
CT69,6q
CTAGE9,6q
CUL7,6p
CUL9,6p
CUTA,6p
CYB5R4,6q
CYP21A1P,6p
CYP21A2,6p
CYP39A1,6p
DAAM2,6p
DAAM2-AS1,6p
DACT2,6q
DAXX,6p
DCBLD1,6q
DCDC2,6p
DDAH2,6p
DDO,6q
DDR1,6p
DDX39B,6p
DDX39B-AS1,6p
DDX43,6q
DEF6,6p
DEFB110,6p
DEFB112,6p
DEFB113,6p
DEFB114,6p
DEFB133,6p
DEK,6p
DHX16,6p
DINOL,6p
DKFZp451B082,6q
DLK2,6p
DLL1,6q
DNAH8,6p
DNAH8-AS1,6p
DNPH1,6p
DOP1A,6q
DPPA5,6q
DSE,6q
DSP,6p
DST,6p
DST-AS1,6p
DTNBP1,6p
DUSP22,6p
DXO,6p
DYNLT1,6q
E2F3,6p
ECHDC1,6q
ECI2,6p
ECI2-DT,6p
ECT2L,6q
EDN1,6p
EEF1A1,6q
EEF1E1,6p
EEF1E1-BLOC1S5,6p
EFHC1,6p
EGFL8,6p
EHMT2,6p
ELOVL2,6p
ELOVL2-AS1,6p
ELOVL4,6q
ELOVL5,6p
ENPP1,6q
ENPP3,6q
ENPP4,6p
ENPP5,6p
EPB41L2,6q
EPHA7,6q
EPM2A,6q
ERMARD,6q
ERVFRD-1,6p
ESR1,6q
ETV7,6p
EVADR,6q
EXOC2,6p
EYA4,6q
EYS,6q
EZR,6q
EZR-AS1,6q
F13A1,6p
FABP7,6q
FAM120B,6q
FAM135A,6q
FAM135A-AS1,6q
FAM162B,6q
FAM184A,6q
FAM217A,6p
FAM229B,6q
FAM50B,6p
FAM83B,6p
FAM8A1,6p
FANCE,6p
FARS2,6p
FAXC,6q
FBXL4,6q
FBXO30,6q
FBXO30-DT,6q
FBXO5,6q
FBXO9,6p
FGD2,6p
FHL5,6q
FIG4,6q
FILIP1,6q
FILNC1,6q
FKBP5,6p
FKBPL,6p
FLJ46906,6q
FLOT1,6p
FNDC1,6q
FOXC1,6p
FOXCUT,6p
FOXF2,6p
FOXO3,6q
FOXP4,6p
FOXP4-AS1,6p
FOXQ1,6p
FRK,6q
FRMD1,6q
FRS3,6p
FUCA2,6q
FUT9,6q
FYN,6q
GABBR1,6p
GABRR1,6q
GABRR2,6q
GCLC,6p
GCM1,6p
GCM2,6p
GCNT2,6p
GFOD1,6p
GFRAL,6p
GGNBP1,6p
GINM1,6q
GJA1,6q
GJA10,6q
GJB7,6q
GJE1,6q
GLO1,6p
GLP1R,6p
GLYATL3,6p
GMDS,6p
GMDS-DT,6p
GMNN,6p
GMPR,6p
GNL1,6p
GNMT,6p
GOPC,6q
GPANK1,6p
GPLD1,6p
GPR31,6q
GPR6,6q
GPR63,6q
GPRC6A,6q
GPSM3,6p
GPX5,6p
GPX6,6p
GRIK2,6q
GRM1,6q
GRM4,6p
GSTA1,6p
GSTA2,6p
GSTA3,6p
GSTA4,6p
GSTA5,6p
GSTA7P,6p
GSTM2P1,6q
GTF2H4,6p
GTF2H5,6q
GTF3C6,6q
GTPBP2,6p
GUCA1A,6p
GUCA1ANB,6p
GUCA1B,6p
GUSBP2,6p
GUSBP4,6p
H1-1,6p
H1-2,6p
H1-3,6p
H1-4,6p
H1-5,6p
H1-6,6p
H2AC1,6p
H2AC11,6p
H2AC12,6p
H2AC13,6p
H2AC14,6p
H2AC15,6p
H2AC16,6p
H2AC17,6p
H2AC2P,6p
H2AC4,6p
H2AC6,6p
H2AC7,6p
H2AC8,6p
H2BC1,6p
H2BC10,6p
H2BC11,6p
H2BC12,6p
H2BC13,6p
H2BC14,6p
H2BC15,6p
H2BC17,6p
H2BC3,6p
H2BC4,6p
H2BC5,6p
H2BC6,6p
H2BC7,6p
H2BC8,6p
H2BC9,6p
H3C1,6p
H3C10,6p
H3C11,6p
H3C12,6p
H3C2,6p
H3C3,6p
H3C4,6p
H3C6,6p
H3C7,6p
H3C8,6p
H4C1,6p
H4C11,6p
H4C12,6p
H4C13,6p
H4C2,6p
H4C3,6p
H4C4,6p
H4C5,6p
H4C6,6p
H4C7,6p
H4C8,6p
H4C9,6p
HACE1,6q
HBS1L,6q
HCG11,6p
HCG14,6p
HCG15,6p
HCG17,6p
HCG18,6p
HCG20,6p
HCG21,6p
HCG22,6p
HCG23,6p
HCG24,6p
HCG25,6p
HCG26,6p
HCG27,6p
HCG4,6p
HCG4B,6p
HCG9,6p
HCP5,6p
HCP5B,6p
HCRTR2,6p
HDAC2,6q
HDAC2-AS2,6q
HDDC2,6q
HDGFL1,6p
HEBP2,6q
HECA,6q
HEY2,6q
HFE,6p
HGC6.3,6q
HINT3,6q
HIVEP1,6p
HIVEP2,6q
HLA-A,6p
HLA-B,6p
HLA-C,6p
HLA-DMA,6p
HLA-DMB,6p
HLA-DOA,6p
HLA-DOB,6p
HLA-DPA1,6p
HLA-DPB1,6p
HLA-DPB2,6p
HLA-DQA1,6p
HLA-DQA2,6p
HLA-DQB1,6p
HLA-DQB1-AS1,6p
HLA-DQB2,6p
HLA-DRA,6p
HLA-DRB1,6p
HLA-DRB5,6p
HLA-DRB6,6p
HLA-E,6p
HLA-F,6p
HLA-F-AS1,6p
HLA-G,6p
HLA-H,6p
HLA-J,6p
HLA-L,6p
HLA-V,6p
HMGA1,6p
HMGA1P7,6q
HMGCLL1,6p
HMGN3,6q
HMGN3-AS1,6q
HMGN4,6p
HPAT5,6q
HS3ST5,6q
HSD17B8,6p
HSF2,6q
HSP90AB1,6p
HSPA1A,6p
HSPA1B,6p
HSPA1L,6p
HTATSF1P2,6p
HTR1B,6q
HTR1E,6q
HULC,6p
HUS1B,6p
HYMAI,6q
IBTK,6q
ID4,6p
IER3,6p
IER3-AS1,6p
IFITM4P,6p
IFNGR1,6q
IGF2R,6q
IL17A,6p
IL17F,6p
IL20RA,6q
IL22RA2,6q
ILRUN,6p
IMPG1,6q
IP6K3,6p
IPCEF1,6q
IRAK1BP1,6q
IRF4,6p
ITPR3,6p
IYD,6q
JARID2,6p
JARID2-AS1,6p
KAAG1,6p
KATNA1,6q
KATNBL1P6,6q
KCNK16,6p
KCNK17,6p
KCNK5,6p
KCNQ5,6q
KCNQ5-AS1,6q
KCNQ5-IT1,6q
KCTD20,6p
KDM1B,6p
KHDC1,6q
KHDC1L,6q
KHDC3L,6q
KHDRBS2,6q
KIAA0319,6p
KIAA0408,6q
KIAA1586,6p
KIF13A,6p
KIF25,6q
KIF25-AS1,6q
KIF6,6p
KIFC1,6p
KLC4,6p
KLHDC3,6p
KLHL31,6p
KLHL32,6q
KPNA5,6q
KU-MEL-3,6p
L3MBTL3,6q
LAMA2,6q
LAMA4,6q
LAMA4-AS1,6q
LATS1,6q
LCA5,6q
LCAL1,6q
LEMD2,6p
LGSN,6q
LHFPL5,6p
LIN28B,6q
LIN28B-AS1,6q
LINC00222,6q
LINC00240,6p
LINC00242,6q
LINC00243,6p
LINC00266-3,6p
LINC00271,6q
LINC00326,6q
LINC00336,6p
LINC00472,6q
LINC00473,6q
LINC00518,6p
LINC00533,6p
LINC00574,6q
LINC00581,6p
LINC00602,6q
LINC00680,6p
LINC00680-GUSBP4,6p
LINC00951,6p
LINC01010,6q
LINC01011,6p
LINC01012,6p
LINC01013,6q
LINC01015,6p
LINC01016,6p
LINC01108,6p
LINC01149,6p
LINC01276,6p
LINC01277,6q
LINC01312,6q
LINC01512,6p
LINC01526,6q
LINC01556,6p
LINC01558,6q
LINC01564,6p
LINC01590,6q
LINC01600,6p
LINC01611,6q
LINC01615,6q
LINC01621,6q
LINC01622,6p
LINC01623,6p
LINC01624,6q
LINC01625,6q
LINC01626,6q
LINC02487,6q
LINC02518,6q
LINC02520,6p
LINC02521,6p
LINC02523,6q
LINC02525,6p
LINC02526,6q
LINC02527,6q
LINC02528,6q
LINC02529,6q
LINC02530,6p
LINC02532,6q
LINC02533,6p
LINC02534,6q
LINC02535,6q
LINC02537,6p
LINC02538,6q
LINC02539,6q
LINC02540,6q
LINC02541,6q
LINC02542,6q
LINC02544,6q
LINC02549,6q
LINC02569,6p
LINC02570,6p
LINC02571,6p
LINC02880,6q
LINCMD1,6p
LMBRD1,6q
LNC-LBCS,6p
LNCDAT,6q
LOC100126584,6q
LOC100129636,6p
LOC100130357,6p
LOC100131289,6p
LOC100131532,6q
LOC100270746,6p
LOC100287329,6p
LOC100287467,6q
LOC100289495,6q
LOC100294145,6p
LOC100422781,6p
LOC100506188,6p
LOC100506207,6p
LOC100507477,6q
LOC100507547,6p
LOC101926898,6p
LOC101926915,6p
LOC101926934,6p
LOC101927020,6p
LOC101927048,6p
LOC101927082,6p
LOC101927136,6p
LOC101927189,6p
LOC101927314,6q
LOC101927365,6q
LOC101927691,6p
LOC101927730,6p
LOC101927759,6p
LOC101927919,6q
LOC101927950,6p
LOC101927972,6p
LOC101928191,6p
LOC101928253,6p
LOC101928304,6q
LOC101928307,6q
LOC101928429,6q
LOC101928489,6q
LOC101928491,6p
LOC101928516,6q
LOC101928519,6p
LOC101928540,6q
LOC101928661,6q
LOC101928663,6p
LOC101928911,6q
LOC101928936,6q
LOC101929006,6p
LOC101929057,6q
LOC101929122,6q
LOC101929188,6p
LOC101929243,6p
LOC101929297,6q
LOC101929420,6q
LOC101929460,6q
LOC101929523,6q
LOC101929555,6p
LOC101929705,6p
LOC102723649,6q
LOC102723831,6q
LOC102723883,6q
LOC102724096,6p
LOC102724152,6q
LOC102724357,6q
LOC102724511,6q
LOC102724646,6q
LOC103352541,6q
LOC105374952,6p
LOC105374960,6p
LOC105374972,6p
LOC105374988,6p
LOC105375075,6p
LOC105377879,6q
LOC105377924,6q
LOC105377967,6q
LOC105377975,6q
LOC105378052,6q
LOC105378068,6q
LOC105378098,6q
LOC105378123,6q
LOC105378127,6q
LOC105378137,6q
LOC105378146,6q
LOC108783645,6p
LOC110384692,6p
LOC115308161,6q
LOC153910,6q
LOC154449,6q
LOC285762,6q
LOC285766,6p
LOC285804,6q
LOC285819,6p
LOC285847,6p
LOC401261,6p
LOC441155,6q
LOC441179,6q
LOC643327,6p
LOC644135,6q
LOC645967,6q
LOC729681,6q
LOC730101,6p
LPA,6q
LPAL2,6q
LRFN2,6p
LRP11,6q
LRRC1,6p
LRRC73,6p
LSM2,6p
LST1,6p
LTA,6p
LTB,6p
LTV1,6q
LUADT1,6q
LY6G5B,6p
LY6G5C,6p
LY6G6C,6p
LY6G6D,6p
LY6G6E,6p
LY6G6F,6p
LY6G6F-LY6G6D,6p
LY86,6p
LY86-AS1,6p
LYRM2,6q
LYRM4,6p
LYRM4-AS1,6p
MAD2L1BP,6p
MAK,6p
MAN1A1,6q
MANEA,6q
MANEA-DT,6q
MAP3K4,6q
MAP3K5,6q
MAP3K5-AS1,6q
MAP3K7,6q
MAP7,6q
MAPK13,6p
MAPK14,6p
MARCKS,6q
MAS1,6q
MAS1L,6p
MBOAT1,6p
MCCD1,6p
MCHR2,6q
MCHR2-AS1,6q
MCM3,6p
MCM9,6q
MCUR1,6p
MDC1,6p
MDC1-AS1,6p
MDFI,6p
MDGA1,6p
MDN1,6q
ME1,6q
MEA1,6p
MEAT6,6q
MED20,6p
MED23,6q
MEI4,6q
MEP1A,6p
METTL24,6q
MFSD4B,6q
MICA,6p
MICA-AS1,6p
MICAL1,6q
MICB,6p
MICB-DT,6p
MIR10398,6p
MIR10524,6q
MIR1202,6q
MIR12131,6q
MIR1236,6p
MIR1273C,6q
MIR1275,6p
MIR133B,6p
MIR1913,6q
MIR206,6p
MIR2113,6q
MIR219A1,6p
MIR30A,6q
MIR30C2,6q
MIR3135B,6p
MIR3143,6p
MIR3144,6q
MIR3145,6q
MIR3662,6q
MIR3668,6q
MIR3691,6p
MIR3692,6q
MIR3918,6q
MIR3925,6p
MIR3934,6p
MIR3939,6q
MIR4282,6q
MIR4462,6p
MIR4463,6q
MIR4464,6q
MIR4465,6q
MIR4466,6q
MIR4639,6p
MIR4640,6p
MIR4641,6p
MIR4642,6p
MIR4643,6q
MIR4644,6q
MIR4645,6p
MIR4646,6p
MIR4647,6p
MIR5004,6p
MIR548A1,6p
MIR548A1HG,6p
MIR548A2,6q
MIR548AJ1,6q
MIR548B,6q
MIR548H5,6q
MIR548U,6p
MIR5683,6p
MIR5685,6p
MIR5689,6p
MIR5689HG,6p
MIR5690,6p
MIR586,6p
MIR587,6q
MIR588,6q
MIR6720,6p
MIR6721,6p
MIR6780B,6p
MIR6832,6p
MIR6833,6p
MIR6834,6p
MIR6835,6p
MIR6873,6p
MIR6891,6p
MIR7111,6p
MIR7159,6p
MIR7161,6q
MIR7853,6p
MIR877,6p
MIR9983,6p
MLIP,6p
MLIP-AS1,6p
MLIP-IT1,6p
MLN,6p
MMS22L,6q
MMUT,6p
MOCS1,6p
MOG,6p
MOXD1,6q
MPC1,6q
MPIG6B,6p
MRAP2,6q
MROCKI,6q
MRPL14,6p
MRPL18,6q
MRPL2,6p
MRPS10,6p
MRPS18A,6p
MRPS18B,6p
MRS2,6p
MSH5,6p
MSH5-SAPCD1,6p
MTCH1,6p
MTFR2,6q
MTHFD1L,6q
MTO1,6q
MTRES1,6q
MTRF1L,6q
MTRNR2L9,6q
MUC21,6p
MUC22,6p
MUCL3,6p
MYB,6q
MYCT1,6q
MYLIP,6p
MYLK4,6p
MYMX,6p
MYO6,6q
NBAT1,6p
NCOA7,6q
NCOA7-AS1,6q
NCR2,6p
NCR3,6p
NDUFAF4,6q
NEDD9,6p
NELFE,6p
NEU1,6p
NFKBIE,6p
NFKBIL1,6p
NFYA,6p
NHEG1,6q
NHLRC1,6p
NHSL1,6q
NKAIN2,6q
NKAPL,6p
NMBR,6q
NOL7,6p
NOTCH4,6p
NOX3,6q
NQO2,6p
NR2E1,6q
NRM,6p
NRN1,6p
NRSN1,6p
NT5DC1,6q
NT5E,6q
NUDT3,6p
NUP153,6p
NUP43,6q
NUS1,6q
OARD1,6p
OGFRL1,6q
OLIG3,6q
OOEP,6q
OPN5,6p
OPRM1,6q
OR10C1,6p
OR11A1,6p
OR12D1,6p
OR12D2,6p
OR12D3,6p
OR14J1,6p
OR1F12,6p
OR2A4,6q
OR2B2,6p
OR2B3,6p
OR2B6,6p
OR2H1,6p
OR2H2,6p
OR2J1,6p
OR2J2,6p
OR2J3,6p
OR2W1,6p
OR5V1,6p
ORC3,6q
OSTCP1,6q
OSTM1,6q
OSTM1-AS1,6q
PACRG,6q
PACRG-AS1,6q
PACRG-AS2,6q
PACRG-AS3,6q
PACSIN1,6p
PAK1IP1,6p
PANDAR,6p
PAQR8,6p
PBOV1,6q
PBX2,6p
PCMT1,6q
PDCD2,6q
PDE10A,6q
PDE7B,6q
PDSS2,6q
PERP,6q
PEX3,6q
PEX6,6p
PEX7,6q
PFDN6,6p
PGBD1,6p
PGC,6p
PGK2,6p
PGM3,6q
PHACTR1,6p
PHACTR2,6q
PHACTR2-AS1,6q
PHF1,6p
PHF10,6q
PHF3,6q
PHIP,6q
PI16,6p
PIM1,6p
PIP5K1P1,6p
PKHD1,6p
PKIB,6q
PLA2G7,6p
PLAGL1,6q
PLEKHG1,6q
PLG,6q
PLN,6q
PM20D2,6q
PNISR,6q
PNKY,6q
PNLDC1,6q
PNPLA1,6p
PNRC1,6q
POLH,6p
POLR1C,6p
POLR1H,6p
POM121L2,6p
POPDC3,6q
POU3F2,6q
POU5F1,6p
PPARD,6p
PPIL1,6p
PPIL4,6q
PPIL6,6q
PPP1R10,6p
PPP1R11,6p
PPP1R14C,6q
PPP1R18,6p
PPP1R3G,6p
PPP2R5D,6p
PPT2,6p
PPT2-EGFL8,6p
PRDM1,6q
PRDM13,6q
PREP,6q
PRICKLE4,6p
PRIM2,6p
PRKN,6q
PRL,6p
PRPF4B,6p
PRPH2,6p
PRR18,6q
PRR3,6p
PRRC2A,6p
PRRT1,6p
PRSS16,6p
PRSS35,6q
PSMB1,6q
PSMB8,6p
PSMB8-AS1,6p
PSMB9,6p
PSMG4,6p
PSORS1C1,6p
PSORS1C2,6p
PSORS1C3,6p
PTCHD4,6p
PTCRA,6p
PTK7,6p
PTP4A1,6q
PTPRK,6q
PTPRK-AS1,6q
PXDC1,6p
PXT1,6p
QKI,6q
QRSL1,6q
RAB23,6p
RAB32,6q
RAB44,6p
RAET1E,6q
RAET1E-AS1,6q
RAET1G,6q
RAET1K,6q
RAET1L,6q
RANBP9,6p
RARS2,6q
RBM24,6p
RCAN2,6p
REPS1,6q
REV3L,6q
RFPL4B,6q
RFX6,6q
RGL2,6p
RGS17,6q
RHAG,6p
RIMS1,6q
RING1,6p
RIOK1,6p
RIPK1,6p
RIPOR2,6p
RIPPLY2,6q
RMND1,6q
RN7SK,6p
RNASET2,6q
RNF144B,6p
RNF146,6q
RNF182,6p
RNF217,6q
RNF217-AS1,6q
RNF39,6p
RNF5,6p
RNF8,6p
RNGTT,6q
ROS1,6q
RPF2,6q
RPL10A,6p
RPL7L1,6p
RPP21,6p
RPP40,6p
RPS10,6p
RPS10-NUDT3,6p
RPS12,6q
RPS16P5,6p
RPS18,6p
RPS18P9,6q
RPS6KA2,6q
RPS6KA2-AS1,6q
RPS6KA2-IT1,6q
RRAGD,6q
RREB1,6p
RRP36,6p
RSPH3,6q
RSPH4A,6q
RSPH9,6p
RSPO3,6q
RTN4IP1,6q
RUNX2,6p
RWDD1,6q
RWDD2A,6q
RXRB,6p
SAMD3,6q
SAMD5,6q
SAPCD1,6p
SAPCD1-AS1,6p
SASH1,6q
SAYSD1,6p
SCAF8,6q
SCARNA27,6p
SCAT8,6q
SCGN,6p
SCML4,6q
SCUBE3,6p
SDHAF4,6q
SEC63,6q
SELENOKP3,6q
SENP6,6q
SERAC1,6q
SERINC1,6q
SERPINB1,6p
SERPINB6,6p
SERPINB9,6p
SERPINB9P1,6p
SESN1,6q
SF3B5,6q
SFT2D1,6q
SFTA2,6p
SGK1,6q
SH3BGRL2,6q
SHPRH,6q
SIM1,6q
SIRT5,6p
SKIV2L,6p
SLC16A10,6q
SLC17A1,6p
SLC17A2,6p
SLC17A3,6p
SLC17A4,6p
SLC17A5,6q
SLC18B1,6q
SLC22A1,6q
SLC22A16,6q
SLC22A2,6q
SLC22A23,6p
SLC22A3,6q
SLC22A7,6p
SLC25A27,6p
SLC25A51P1,6q
SLC26A8,6p
SLC29A1,6p
SLC2A12,6q
SLC35A1,6q
SLC35B2,6p
SLC35B3,6p
SLC35D3,6q
SLC35F1,6q
SLC39A7,6p
SLC44A4,6p
SMAP1,6q
SMIM13,6p
SMIM28,6q
SMIM29,6p
SMIM40,6p
SMIM8,6q
SMLR1,6q
SMOC2,6q
SMPD2,6q
SMPDL3A,6q
SNAP91,6q
SNHG32,6p
SNHG5,6q
SNORA116,6q
SNORA20,6q
SNORA29,6q
SNORA33,6q
SNORA38,6p
SNORA40C,6q
SNORA98,6q
SNORD100,6q
SNORD101,6q
SNORD117,6p
SNORD156,6q
SNORD166,6q
SNORD28B,6q
SNORD32B,6p
SNORD48,6p
SNORD50A,6q
SNORD50B,6q
SNORD52,6p
SNORD84,6p
SNRNP48,6p
SNRPC,6p
SNX14,6q
SNX3,6q
SNX9,6q
SOBP,6q
SOD2,6q
SOD2-OT1,6q
SOGA3,6q
SOX4,6p
SPACA1,6q
SPATS1,6p
SPDEF,6p
SRF,6p
SRPK1,6p
SRSF12,6q
SRSF3,6p
SSR1,6p
STK19,6p
STK38,6p
STMND1,6p
STX11,6q
STX7,6q
STXBP5,6q
STXBP5-AS1,6q
SUMO4,6q
SUPT3H,6p
SYCP2L,6p
SYNCRIP,6q
SYNE1,6q
SYNE1-AS1,6q
SYNGAP1,6p
SYNJ2,6q
SYNJ2-IT1,6q
SYTL3,6q
TAAR1,6q
TAAR2,6q
TAAR3P,6q
TAAR5,6q
TAAR6,6q
TAAR8,6q
TAAR9,6q
TAB2,6q
TAB2-AS1,6q
TAF11,6p
TAF8,6p
TAGAP,6q
TAP1,6p
TAP2,6p
TAPBP,6p
TARID,6q
TBC1D22B,6p
TBC1D32,6q
TBC1D7,6p
TBC1D7-LOC100130357,6p
TBCC,6p
TBP,6q
TBPL1,6q
TBX18,6q
TBX18-AS1,6q
TBXT,6q
TCF19,6p
TCF21,6q
TCP1,6q
TCP10L3,6q
TCP11,6p
TCTE1,6p
TCTE3,6q
TDP2,6p
TDRD6,6p
TDRG1,6p
TEAD3,6p
TENT5A,6q
TFAP2A,6p
TFAP2A-AS1,6p
TFAP2A-AS2,6p
TFAP2B,6p
TFAP2D,6p
TFB1M,6q
TFEB,6p
THBS2,6q
THEMIS,6q
TIAM2,6q
TINAG,6p
TJAP1,6p
TMEM14A,6p
TMEM14B,6p
TMEM14C,6p
TMEM151B,6p
TMEM170B,6p
TMEM181,6q
TMEM200A,6q
TMEM217,6p
TMEM242,6q
TMEM244,6q
TMEM30A,6q
TMEM30A-DT,6q
TMEM63B,6p
TNF,6p
TNFAIP3,6q
TNFRSF21,6p
TNXA,6p
TNXB,6p
TOB2P1,6p
TOMM6,6p
TPBG,6q
TPD52L1,6q
TPI1P3,6q
TPMT,6p
TRAF3IP2,6q
TRAF3IP2-AS1,6q
TRAM2,6p
TRAM2-AS1,6p
TRAPPC3L,6q
TRDN,6q
TRDN-AS1,6q
TREM1,6p
TREM2,6p
TREML1,6p
TREML2,6p
TREML3P,6p
TREML4,6p
TREML5P,6p
TRERF1,6p
TRIM10,6p
TRIM15,6p
TRIM26,6p
TRIM27,6p
TRIM31,6p
TRIM31-AS1,6p
TRIM38,6p
TRIM39,6p
TRIM39-RPP21,6p
TRIM40,6p
TRMT11,6q
TSBP1,6p
TSBP1-AS1,6p
TSG1,6q
TSPO2,6p
TSPYL1,6q
TSPYL4,6q
TSTD3,6q
TTBK1,6p
TTK,6q
TTLL2,6q
TUBB,6p
TUBB2A,6p
TUBB2B,6p
TUBE1,6q
TULP1,6p
TULP4,6q
TXLNB,6q
TXNDC5,6p
UBD,6p
UBE2J1,6q
UBE3D,6q
UBR2,6p
UFL1,6q
UHRF1BP1,6p
ULBP1,6q
ULBP2,6q
ULBP3,6q
UNC5CL,6p
UNC93A,6q
UQCC2,6p
USP45,6q
USP49,6p
UST,6q
UST-AS1,6q
UST-AS2,6q
UTRN,6q
VARS1,6p
VARS2,6p
VEGFA,6p
VGLL2,6q
VIP,6q
VN1R10P,6p
VNN1,6q
VNN2,6q
VNN3,6q
VPS52,6p
VTA1,6q
VWA7,6p
WAKMAR2,6q
WASF1,6q
WDR27,6q
WDR46,6p
WRNIP1,6p
WTAP,6q
XPO5,6p
YIPF3,6p
ZBED9,6p
ZBTB12,6p
ZBTB2,6q
ZBTB22,6p
ZBTB24,6q
ZBTB9,6p
ZC2HC1B,6q
ZC3H12D,6q
ZDHHC14,6q
ZFAND3,6p
ZFP57,6p
ZKSCAN3,6p
ZKSCAN4,6p
ZKSCAN8,6p
ZNF165,6p
ZNF184,6p
ZNF192P1,6p
ZNF204P,6p
ZNF292,6q
ZNF311,6p
ZNF318,6p
ZNF322,6p
ZNF391,6p
ZNF451,6p
ZNF451-AS1,6p
ZNF76,6p
ZNRD1ASP,6p
ZSCAN12,6p
ZSCAN12P1,6p
ZSCAN16,6p
ZSCAN16-AS1,6p
ZSCAN23,6p
ZSCAN26,6p
ZSCAN31,6p
ZSCAN9,6p
ZUP1,6q
AASS,7q
ABCA13,7p
ABCB1,7q
ABCB4,7q
ABCB5,7p
ABCB8,7q
ABCF2,7q
ABCF2-H2BE1,7q
ABHD11,7q
ABHD11-AS1,7q
ACHE,7q
ACTB,7p
ACTL6B,7q
ACTR3B,7q
ACTR3C,7q
ADAM22,7q
ADAP1,7p
ADCK2,7q
ADCY1,7p
ADCYAP1R1,7p
AEBP1,7p
AGAP3,7q
AGBL3,7q
AGFG2,7q
AGK,7q
AGMO,7p
AGR2,7p
AGR3,7p
AHCYL2,7q
AHR,7p
AIMP2,7p
AKAP9,7q
AKR1B1,7q
AKR1B10,7q
AKR1B15,7q
AKR1D1,7q
ALKBH4,7q
AMPH,7p
AMZ1,7p
ANKIB1,7q
ANKMY2,7p
ANKRD61,7p
ANKRD7,7q
ANLN,7p
AOAH,7p
AOAH-IT1,7p
AOC1,7q
AP1S1,7q
AP4M1,7q
AP5Z1,7p
APTR,7q
AQP1,7p
ARF5,7q
ARHGEF34P,7q
ARHGEF35,7q
ARHGEF35-AS1,7q
ARHGEF5,7q
ARL4A,7p
ARMC10,7q
ARPC1A,7q
ARPC1B,7q
ASB10,7q
ASB15,7q
ASB15-AS1,7q
ASB4,7q
ASIC3,7q
ASL,7q
ASNS,7q
ASZ1,7q
ATG9B,7q
ATP5MF,7q
ATP5MF-PTCD1,7q
ATP6V0A4,7q
ATP6V0E2,7q
ATP6V0E2-AS1,7q
ATP6V1F,7q
ATP6V1FNB,7q
ATXN7L1,7q
AUTS2,7q
AVL9,7p
AZGP1,7q
AZGP1P1,7q
BAIAP2L1,7q
BAZ1B,7q
BBS9,7p
BCAP29,7q
BCL7B,7q
BET1,7q
BHLHA15,7q
BLACE,7q
BLVRA,7p
BMPER,7p
BMT2,7q
BPGM,7q
BRAF,7q
BRAT1,7p
BRI3,7q
BUD23,7q
BUD31,7q
BZW2,7p
C1GALT1,7p
C7orf25,7p
C7orf26,7p
C7orf31,7p
C7orf33,7q
C7orf50,7p
C7orf57,7p
C7orf61,7q
C7orf65,7p
C7orf66,7q
C7orf69,7p
C7orf77,7q
CACNA2D1,7q
CACNA2D1-AS1,7q
CADPS2,7q
CALCR,7q
CALD1,7q
CALN1,7q
CALU,7q
CAMK2B,7p
CAPZA2,7q
CARD11,7p
CASD1,7q
CASP2,7q
CASTOR2,7q
CASTOR3,7q
CAV1,7q
CAV2,7q
CBLL1,7q
CBX3,7p
CCDC126,7p
CCDC136,7q
CCDC146,7q
CCDC71L,7q
CCL24,7q
CCL26,7q
CCM2,7p
CCT6A,7p
CCT6P1,7q
CCT6P3,7q
CCZ1,7p
CCZ1B,7p
CCZ1P-OR7E38P,7q
CD36,7q
CDC14C,7p
CDCA7L,7p
CDHR3,7q
CDK13,7p
CDK14,7q
CDK5,7q
CDK6,7q
CDK6-AS1,7q
CEP41,7q
CFAP69,7q
CFTR,7q
CFTR-AS1,7q
CHCHD2,7p
CHCHD3,7q
CHN2,7p
CHN2-AS1,7p
CHPF2,7q
CHRM2,7q
CHST12,7p
CLCN1,7q
CLDN12,7q
CLDN15,7q
CLDN3,7q
CLDN4,7q
CLEC2L,7q
CLEC5A,7q
CLIP2,7q
CLK2P1,7p
CNOT4,7q
CNPY1,7q
CNPY4,7q
CNTNAP2,7q
CNTNAP2-AS1,7q
COA1,7p
COBL,7p
COG5,7q
COL1A2,7q
COL1A2-AS1,7q
COL26A1,7q
COL28A1,7p
COMETT,7q
COPG2,7q
COPG2IT1,7q
COPS6,7q
COX19,7p
CPA1,7q
CPA2,7q
CPA4,7q
CPA5,7q
CPED1,7q
CPSF4,7q
CPVL,7p
CRCP,7q
CREB3L2,7q
CREB3L2-AS1,7q
CREB5,7p
CRHR2,7p
CROT,7q
CRPPA,7p
CRPPA-AS1,7p
CRYGN,7q
CT66,7q
CTAGE15,7q
CTAGE4,7q
CTAGE6,7q
CTAGE8,7q
CTTNBP2,7q
CUL1,7q
CUX1,7q
CYCS,7p
CYP2W1,7p
CYP3A4,7q
CYP3A43,7q
CYP3A5,7q
CYP3A7,7q
CYP3A7-CYP3A51P,7q
CYP51A1,7q
CYP51A1-AS1,7q
CYREN,7q
CYTH3,7p
CZ1P-ASNS,7q
DAGLB,7p
DBF4,7q
DBNL,7p
DDC,7p
DDC-AS1,7p
DDX56,7p
DENND11,7q
DENND2A,7q
DGKB,7p
DGKI,7q
DKFZP586I1420,7p
DKFZp434L192,7p
DLD,7q
DLX5,7q
DLX6,7q
DLX6-AS1,7q
DMTF1,7q
DNAAF5,7p
DNAH11,7p
DNAJB6,7q
DNAJB9,7q
DNAJC2,7q
DNAJC30,7q
DOCK4,7q
DOCK4-AS1,7q
DPP6,7q
DPY19L1,7p
DPY19L1P1,7p
DPY19L1P2,7p
DPY19L2P1,7p
DPY19L2P2,7q
DPY19L2P3,7p
DPY19L2P4,7q
DTX2,7q
DTX2P1-UPK3BP1-PMS2P11,7q
DUS4L,7q
DUS4L-BCAP29,7q
DYNC1I1,7q
DYNC2I1,7q
EEPD1,7p
EFCAB10,7q
EGFR,7p
EGFR-AS1,7p
EIF2AK1,7p
EIF3B,7p
EIF3IP1,7q
EIF4H,7q
ELAPOR2,7q
ELDR,7p
ELFN1,7p
ELFN1-AS1,7p
ELMO1,7p
ELMO1-AS1,7p
ELN,7q
EMSLR,7q
EN2,7q
EPDR1,7p
EPHA1,7q
EPHA1-AS1,7q
EPHB4,7q
EPHB6,7q
EPO,7q
ERV3-1,7q
ERV3-1-ZNF117,7q
ERVW-1,7q
ESYT2,7q
ETV1,7p
EVX1,7p
EVX1-AS,7p
EXOC4,7q
EZH2,7q
FABP5P3,7q
FAM126A,7p
FAM131B,7q
FAM133B,7q
FAM180A,7q
FAM183BP,7p
FAM185A,7q
FAM185BP,7q
FAM200A,7q
FAM20C,7p
FAM220A,7p
FAM221A,7p
FAM237B,7q
FAM3C,7q
FAM71F1,7q
FAM71F2,7q
FASTK,7q
FBXL13,7q
FBXL18,7p
FBXO24,7q
FDPSP2,7q
FERD3L,7p
FEZF1,7q
FEZF1-AS1,7q
FGL2,7q
FIGNL1,7p
FIS1,7q
FKBP14,7p
FKBP6,7q
FKBP9,7p
FKBP9P1,7p
FLJ20712,7p
FLJ40288,7q
FLNC,7q
FLNC-AS1,7q
FMC1,7q
FMC1-LUC7L2,7q
FOXK1,7p
FOXL3,7p
FOXL3-OT1,7p
FOXP2,7q
FSCN1,7p
FSCN3,7q
FZD1,7q
FZD9,7q
GAL3ST4,7q
GALNT11,7q
GALNT17,7q
GALNTL5,7q
GARS1,7p
GARS1-DT,7p
GATAD1,7q
GBX1,7q
GCC1,7q
GCK,7p
GET4,7p
GGCT,7p
GHET1,7q
GHRHR,7p
GIGYF1,7q
GIMAP1,7q
GIMAP1-GIMAP5,7q
GIMAP2,7q
GIMAP4,7q
GIMAP5,7q
GIMAP6,7q
GIMAP7,7q
GIMAP8,7q
GJC3,7q
GLCCI1,7p
GLCCI1-DT,7p
GLI3,7p
GNA12,7p
GNAI1,7q
GNAT3,7q
GNB2,7q
GNG11,7q
GNGT1,7q
GPC2,7q
GPER1,7p
GPNMB,7p
GPR141,7p
GPR146,7p
GPR22,7q
GPR37,7q
GPR85,7q
GRB10,7p
GRID2IP,7p
GRIFIN,7p
GRM3,7q
GRM8,7q
GRM8-AS1,7q
GS1-124K5.11,7q
GS1-124K5.4,7q
GSAP,7q
GSDME,7p
GSTK1,7q
GTF2I,7q
GTF2IP1,7q
GTF2IP23,7q
GTF2IP4,7q
GTF2IP7,7q
GTF2IRD1,7q
GTF2IRD1P1,7q
GTF2IRD2,7q
GTF2IRD2B,7q
GTPBP10,7q
GUSB,7q
GUSBP10,7p
H2AZ2,7p
H2BE1,7q
HBP1,7q
HDAC9,7p
HECW1,7p
HECW1-IT1,7p
HEPACAM2,7q
HERPUD2,7p
HGF,7q
HIBADH,7p
HILPDA,7q
HIP1,7q
HIPK2,7q
HNRNPA2B1,7p
HOTAIRM1,7p
HOTTIP,7p
HOXA-AS2,7p
HOXA-AS3,7p
HOXA1,7p
HOXA10,7p
HOXA10-AS,7p
HOXA10-HOXA9,7p
HOXA11,7p
HOXA11-AS,7p
HOXA13,7p
HOXA2,7p
HOXA3,7p
HOXA4,7p
HOXA5,7p
HOXA6,7p
HOXA7,7p
HOXA9,7p
HRAT17,7q
HRAT92,7p
HSPB1,7q
HTR5A,7q
HTR5A-AS1,7q
HUS1,7p
HYAL4,7q
HYAL6P,7q
ICA1,7p
IFRD1,7q
IFT22,7q
IGF2BP3,7p
IGFBP1,7p
IGFBP3,7p
IKZF1,7p
IL6,7p
IL6-AS1,7p
IMMP2L,7q
IMPDH1,7q
ING3,7q
INHBA,7p
INHBA-AS1,7p
INMT,7p
INMT-MINDY4,7p
INSIG1,7q
INTS1,7p
INTS4P1,7q
INTS4P2,7q
IQCA1L,7q
IQCE,7p
IQUB,7q
IRF5,7q
ITGB8,7p
ITPRID1,7p
JAZF1,7p
JAZF1-AS1,7p
KBTBD2,7p
KCND2,7q
KCNH2,7q
KCP,7q
KCTD7,7q
KDELR2,7p
KDM7A,7q
KDM7A-DT,7q
KEL,7q
KIAA0087,7p
KIAA0895,7p
KIAA1549,7q
KLF14,7q
KLHDC10,7q
KLHL7,7p
KLHL7-DT,7p
KLRG2,7q
KMT2C,7q
KMT2E,7q
KMT2E-AS1,7q
KPNA7,7q
KRBA1,7q
KRIT1,7q
LAMB1,7q
LAMB4,7q
LAMTOR4,7q
LANCL2,7p
LAT2,7q
LEP,7q
LFNG,7p
LHFPL3,7q
LHFPL3-AS1,7q
LHFPL3-AS2,7q
LIMK1,7q
LINC-PINT,7q
LINC00174,7q
LINC00244,7q
LINC00265,7p
LINC00513,7q
LINC00525,7p
LINC00689,7q
LINC00957,7p
LINC00972,7q
LINC00996,7q
LINC00997,7p
LINC01000,7q
LINC01003,7q
LINC01004,7q
LINC01005,7q
LINC01006,7q
LINC01007,7q
LINC01022,7q
LINC01162,7p
LINC01176,7p
LINC01287,7q
LINC01372,7q
LINC01392,7q
LINC01393,7q
LINC01445,7p
LINC01446,7p
LINC01447,7p
LINC01448,7p
LINC01449,7p
LINC01450,7p
LINC02476,7q
LINC02587,7p
LINC02604,7q
LINC02860,7p
LINC02888,7p
LINC02889,7p
LLCFC1,7q
LMBR1,7q
LMOD2,7q
LMTK2,7q
LNCPRESS1,7q
LOC100101148,7q
LOC100128317,7q
LOC100128325,7q
LOC100128653,7p
LOC100128885,7q
LOC100129148,7q
LOC100129484,7p
LOC100129603,7p
LOC100130673,7p
LOC100130849,7p
LOC100131257,7p
LOC100131472,7p
LOC100133091,7q
LOC100134040,7q
LOC100240728,7p
LOC100286906,7q
LOC100287704,7q
LOC100287834,7q
LOC100289561,7q
LOC100505938,7p
LOC100506098,7p
LOC100506178,7p
LOC100506302,7q
LOC100506497,7p
LOC100506682,7q
LOC100506725,7p
LOC100506937,7q
LOC100507507,7q
LOC100507642,7p
LOC100630923,7q
LOC100653233,7p
LOC100996249,7q
LOC100996437,7q
LOC101409256,7q
LOC101926943,7q
LOC101927243,7q
LOC101927269,7q
LOC101927354,7p
LOC101927378,7q
LOC101927391,7p
LOC101927420,7q
LOC101927446,7q
LOC101927550,7q
LOC101927668,7p
LOC101927769,7p
LOC101927811,7p
LOC101927870,7q
LOC101927914,7q
LOC101927974,7q
LOC101928012,7q
LOC101928168,7p
LOC101928211,7q
LOC101928254,7q
LOC101928283,7q
LOC101928401,7p
LOC101928618,7p
LOC101928782,7q
LOC101928807,7q
LOC101928861,7q
LOC101929322,7q
LOC101929998,7q
LOC101930085,7p
LOC102723427,7q
LOC102723672,7p
LOC102723899,7q
LOC102724434,7q
LOC102724738,7q
LOC102725191,7p
LOC105369146,7q
LOC105375115,7p
LOC105375131,7p
LOC105375166,7p
LOC105375218,7p
LOC105375297,7p
LOC105375303,7p
LOC105375304,7p
LOC105375423,7q
LOC105375429,7q
LOC105375483,7q
LOC105375504,7q
LOC105375512,7q
LOC105375556,7q
LOC107986794,7p
LOC107986845,7q
LOC112267983,7p
LOC112267991,7p
LOC116435278,7p
LOC154761,7q
LOC155060,7q
LOC221946,7p
LOC285889,7q
LOC349160,7q
LOC389602,7q
LOC401312,7p
LOC401324,7p
LOC401357,7p
LOC407835,7q
LOC441204,7p
LOC441242,7q
LOC442497,7p
LOC541473,7q
LOC641746,7q
LOC644090,7q
LOC646588,7p
LOC646762,7p
LOC650226,7p
LOC728743,7q
LOC730234,7p
LOC730338,7p
LRCH4,7q
LRGUK,7q
LRRC17,7q
LRRC4,7q
LRRC61,7q
LRRC72,7p
LRRD1,7q
LRRN3,7q
LRWD1,7q
LSM5,7p
LSM8,7q
LSMEM1,7q
LUARIS,7p
LUC7L2,7q
LUZP6,7q
MACC1,7p
MACC1-AS1,7p
MAD1L1,7p
MAFK,7p
MAGI2,7q
MAGI2-AS2,7q
MAGI2-AS3,7q
MALSU1,7p
MAP11,7q
MBLAC1,7q
MCM7,7q
MDFIC,7q
MDH2,7q
MEOX2,7p
MEPCE,7q
MEST,7q
MESTIT1,7q
MET,7q
METTL27,7q
METTL2B,7q
MGAM,7q
MGAM2,7q
MGC4859,7p
MICALL2,7p
MINDY4,7p
MIOS,7p
MIR10399,7q
MIR10525,7q
MIR106B,7q
MIR11400,7q
MIR1183,7p
MIR1200,7p
MIR12119,7q
MIR1285-1,7q
MIR129-1,7q
MIR1302-6,7p
MIR148A,7p
MIR153-2,7q
MIR182,7q
MIR183,7q
MIR196B,7p
MIR25,7q
MIR29A,7q
MIR29B1,7q
MIR3146,7p
MIR3147,7p
MIR335,7q
MIR339,7p
MIR3609,7q
MIR3666,7q
MIR3683,7p
MIR3907,7q
MIR3914-1,7q
MIR3914-2,7q
MIR3943,7p
MIR4283-1,7q
MIR4283-2,7q
MIR4284,7q
MIR4285,7q
MIR4467,7q
MIR4468,7q
MIR4648,7p
MIR4649,7p
MIR4650-1,7q
MIR4650-2,7q
MIR4651,7q
MIR4652,7q
MIR4653,7q
MIR4655,7p
MIR4656,7p
MIR4657,7p
MIR4658,7q
MIR489,7q
MIR490,7q
MIR5090,7q
MIR548F4,7q
MIR548O,7q
MIR550A1,7p
MIR550A2,7p
MIR550A3,7p
MIR550B1,7p
MIR550B2,7p
MIR5692A1,8p
MIR5692A2,8p
MIR5692C2,7q
MIR5707,7q
MIR589,7p
MIR590,7q
MIR591,7q
MIR592,7q
MIR593,7q
MIR595,7q
MIR6132,7q
MIR6133,7q
MIR6509,7q
MIR653,7q
MIR671,7q
MIR6836,7p
MIR6837,7p
MIR6838,7p
MIR6839,7q
MIR6840,7q
MIR6874,7p
MIR6875,7q
MIR6892,7q
MIR93,7q
MIR96,7q
MKLN1,7q
MKLN1-AS,7q
MKRN1,7q
MLXIPL,7q
MMD2,7p
MNX1,7q
MNX1-AS1,7q
MNX1-AS2,7q
MOGAT3,7q
MOSPD3,7q
MOXD2P,7q
MPLKIP,7p
MPP6,7p
MRM2,7p
MRPL32,7p
MRPS17,7p
MRPS24,7p
MRPS33,7q
MTERF1,7q
MTPN,7q
MTRNR2L6,7q
MTURN,7p
MUC12,7q
MUC12-AS1,7q
MUC17,7q
MUC3A,7q
MYH16,7q
MYL10,7q
MYL7,7p
MYO1G,7p
NACAD,7p
NAMPT,7q
NAPEPLD,7q
NAT16,7q
NCAPG2,7q
NCF1,7q
NCF1B,7q
NCF1C,7q
NDUFA4,7p
NDUFA5,7q
NDUFB2,7q
NDUFB2-AS1,7q
NEUROD6,7p
NFE2L3,7p
NFE4,7q
NIPSNAP2,7p
NME8,7p
NOBOX,7q
NOD1,7p
NOM1,7q
NOS3,7q
NPC1L1,7p
NPSR1,7p
NPSR1-AS1,7p
NPTX2,7q
NPVF,7p
NPY,7p
NRCAM,7q
NRF1,7q
NSUN5,7q
NSUN5P1,7q
NSUN5P2,7q
NT5C3A,7p
NUB1,7q
NUDCD3,7p
NUDT1,7p
NUP205,7q
NUP42,7p
NUPR2,7p
NXPH1,7p
NYAP1,7q
OCM,7p
OCM2,7q
OGDH,7p
OPN1SW,7q
OR10AC1,7q
OR2A1,7q
OR2A1-AS1,7q
OR2A12,7q
OR2A14,7q
OR2A2,7q
OR2A20P,7q
OR2A25,7q
OR2A42,7q
OR2A5,7q
OR2A7,7q
OR2A9P,7q
OR2AE1,7q
OR2F1,7q
OR2F2,7q
OR6B1,7q
OR6V1,7q
OR6W1P,7q
OR9A2,7q
OR9A4,7q
ORAI2,7q
ORC5,7q
OSBPL3,7p
PAPOLB,7p
PARP12,7q
PAX4,7q
PAXIP1,7q
PAXIP1-AS2,7q
PAXIP1-DT,7q
PCLO,7q
PCOLCE,7q
PCOLCE-AS1,7q
PDAP1,7q
PDE1C,7p
PDGFA,7p
PDIA4,7q
PDK4,7q
PEG10,7q
PER3P1,7p
PEX1,7q
PGAM2,7p
PHF14,7p
PHKG1,7p
PHTF2,7q
PIK3CG,7q
PILRA,7q
PILRB,7q
PIP,7q
PKD1L1,7p
PLEKHA8,7p
PLOD3,7q
PLXNA4,7q
PMPCB,7q
PMS2,7p
PMS2CL,7p
PMS2P1,7q
PMS2P2,7q
PMS2P3,7q
PMS2P4,7q
PMS2P5,7q
PMS2P7,7q
PMS2P9,7q
PNPLA8,7q
PODXL,7q
POLD2,7p
POLM,7p
POLR1F,7p
POLR2J,7q
POLR2J2,7q
POLR2J3,7q
POLR2J4,7p
POM121,7q
POM121C,7q
POM121L12,7p
POMZP3,7q
PON1,7q
PON2,7q
PON3,7q
POP7,7q
POR,7q
POT1,7q
POT1-AS1,7q
POU6F2,7p
POU6F2-AS1,7p
POU6F2-AS2,7p
PPIA,7p
PPP1R17,7p
PPP1R35,7q
PPP1R3A,7q
PPP1R9A,7q
PRKAG2,7q
PRKAG2-AS1,7q
PRKAR1B,7p
PRKAR1B-AS1,7p
PRKAR1B-AS2,7p
PRKAR2B,7q
PRKRIP1,7q
PRPS1L1,7p
PRR15,7p
PRRT4,7q
PRSS1,7q
PRSS2,7q
PRSS37,7q
PRSS58,7q
PSMA2,7p
PSMC2,7q
PSMG3,7p
PSMG3-AS1,7p
PSPH,7p
PTCD1,7q
PTN,7q
PTPN12,7q
PTPRN2,7q
PTPRN2-AS1,7q
PTPRZ1,7q
PURB,7p
PUS7,7q
PVRIG,7q
PVRIG2P,7q
RAB19,7q
RABGEF1,7q
RAC1,7p
RADIL,7p
RALA,7p
RAMP3,7p
RAPGEF5,7p
RARRES2,7q
RASA4,7q
RASA4B,7q
RASA4CP,7p
RASA4DP,7q
RBAK,7p
RBAK-RBAKDN,7p
RBAKDN,7p
RBM28,7q
RBM33,7q
RBM48,7q
RCC1L,7q
RELN,7q
REPIN1,7q
RFC2,7q
RHBDD2,7q
RHEB,7q
RINT1,7q
RNF133,7q
RNF148,7q
RNF216,7p
RNF216-IT1,7p
RNF216P1,7p
RNF32,7q
RNY1,7q
RNY3,7q
RNY4,7q
RNY5,7q
RP9,7p
RP9P,7p
RPA3,7p
RPL13AP17,7q
RPL19P12,7q
RPL23P8,7p
RPS2P32,7p
RSBN1L,7q
RSPH10B,7p
RSPH10B2,7p
RUNDC3B,7q
SAMD9,7q
SAMD9L,7q
SAP25,7q
SBDS,7q
SBDSP1,7q
SCARNA28,7q
SCIN,7p
SCRN1,7p
SDHAF3,7q
SDK1,7p
SEC61G,7p
SEC61G-DT,7p
SEM1,7q
SEMA3A,7q
SEMA3C,7q
SEMA3D,7q
SEMA3E,7q
SEPTIN14,7p
SEPTIN7,7p
SEPTIN7-DT,7p
SEPTIN7P2,7p
SERPINE1,7q
SFRP4,7p
SGCE,7q
SH2B2,7q
SHH,7q
SKAP2,7p
SLC12A9,7q
SLC12A9-AS1,7q
SLC13A1,7q
SLC13A4,7q
SLC25A13,7q
SLC25A40,7q
SLC26A3,7q
SLC26A4,7q
SLC26A4-AS1,7q
SLC26A5,7q
SLC29A4,7p
SLC35B4,7q
SLC37A3,7q
SLC4A2,7q
SMARCD3,7q
SMIM30,7q
SMKR1,7q
SMO,7q
SMURF1,7q
SND1,7q
SND1-IT1,7q
SNHG15,7p
SNHG26,7p
SNORA114,7p
SNORA14A,7q
SNORA15,7p
SNORA15B-1,7q
SNORA15B-2,7q
SNORA20B,7p
SNORA22,7q
SNORA22B,7p
SNORA22C,7q
SNORA25B,7q
SNORA5A,7p
SNORA5B,7p
SNORA5C,7p
SNORA80D,7p
SNORA9,7p
SNORD151,7p
SNORD165,7p
SNORD65C,7p
SNORD93,7p
SNX10,7p
SNX13,7p
SNX8,7p
SOSTDC1,7p
SP4,7p
SP8,7p
SPAM1,7q
SPATA48,7p
SPDYE1,7p
SPDYE10P,7q
SPDYE11,7q
SPDYE12P,7q
SPDYE13,7q
SPDYE14,7q
SPDYE15,7q
SPDYE16,7q
SPDYE17,7q
SPDYE18,7q
SPDYE2,7q
SPDYE21,7q
SPDYE2B,7q
SPDYE3,7q
SPDYE5,7q
SPDYE6,7q
SPDYE7P,7q
SPDYE8,7q
SPDYE9,7q
SRI,7q
SRI-AS1,7q
SRPK2,7q
SRRM3,7q
SRRT,7q
SSBP1,7q
SSC4D,7q
SSMEM1,7q
SSPOP,7q
ST7,7q
ST7-AS1,7q
ST7-AS2,7q
ST7-OT3,7q
ST7-OT4,7q
STAG3,7q
STAG3L1,7q
STAG3L2,7q
STAG3L3,7q
STAG3L4,7q
STAG3L5P,7q
STAG3L5P-PVRIG2P-PILRB,7q
STARD3NL,7p
STEAP1,7q
STEAP1B,7p
STEAP2,7q
STEAP2-AS1,7q
STEAP4,7q
STK17A,7p
STK31,7p
STMP1,7q
STRA8,7q
STRIP2,7q
STX1A,7q
STYXL1,7q
SUGCT,7p
SUMF2,7p
SUN1,7p
SUN3,7p
SVOPL,7q
SYPL1,7q
TAC1,7q
TAF6,7q
TARP,7p
TAS2R16,7q
TAS2R3,7q
TAS2R38,7q
TAS2R39,7q
TAS2R4,7q
TAS2R40,7q
TAS2R41,7q
TAS2R5,7q
TAS2R60,7q
TAX1BP1,7p
TBL2,7q
TBRG4,7p
TBX20,7p
TBXAS1,7q
TCAF1,7q
TCAF2,7q
TCAF2P1,7q
TECPR1,7q
TES,7q
TEX47,7q
TFAMP1,7p
TFEC,7q
TFPI2,7q
TFPI2-DT,7q
TFR2,7q
THAP5,7q
THSD7A,7p
TMBIM7P,7q
TMED4,7p
TMEM106B,7p
TMEM120A,7q
TMEM130,7q
TMEM139,7q
TMEM139-AS1,7q
TMEM140,7q
TMEM168,7q
TMEM176A,7q
TMEM176B,7q
TMEM178B,7q
TMEM184A,7p
TMEM196,7p
TMEM209,7q
TMEM213,7q
TMEM225B,7q
TMEM229A,7q
TMEM243,7q
TMEM248,7q
TMEM270,7q
TMEM60,7q
TMUB1,7q
TNPO3,7q
TNRC18,7p
TNS3,7p
TOMM7,7p
TP53TG1,7q
TPI1P2,7q
TPK1,7q
TPST1,7q
TRA2A,7p
TRG-AS1,7p
TRIL,7p
TRIM24,7q
TRIM4,7q
TRIM50,7q
TRIM56,7q
TRIM73,7q
TRIM74,7q
TRIP6,7q
TRPV5,7q
TRPV6,7q
TRRAP,7q
TRY2P,7q
TSC22D4,7q
TSGA13,7q
TSL,7p
TSPAN12,7q
TSPAN13,7p
TSPAN33,7q
TTC26,7q
TTYH3,7p
TWIST1,7p
TYW1,7q
TYW1B,7q
UBE2D4,7p
UBE2H,7q
UBE3C,7q
UBN2,7q
UFSP1,7q
UMAD1,7p
UNCX,7p
UPK3B,7q
UPK3BL1,7q
UPK3BL2,7q
UPP1,7p
URGCP,7p
URGCP-MRPS24,7p
USP42,7p
VGF,7q
VIPR2,7q
VKORC1L1,7q
VOPP1,7p
VPS37D,7q
VPS41,7p
VPS50,7q
VSTM2A,7p
VSTM2A-OT1,7p
VWC2,7p
VWDE,7p
WASL,7q
WDR86,7q
WDR86-AS1,7q
WDR91,7q
WEE2,7q
WEE2-AS1,7q
WIPF3,7p
WIPI2,7p
WNT16,7q
WNT2,7q
XRCC2,7q
YAE1,7p
YKT6,7p
YWHAEP1,7q
YWHAG,7q
ZAN,7q
ZASP,7q
ZBED6CL,7q
ZC3HAV1,7q
ZC3HAV1L,7q
ZC3HC1,7q
ZCWPW1,7q
ZDHHC4,7p
ZFAND2A,7p
ZFAND2A-DT,7p
ZKSCAN1,7q
ZKSCAN5,7q
ZMIZ2,7p
ZNF107,7q
ZNF117,7q
ZNF12,7p
ZNF138,7q
ZNF212,7q
ZNF273,7q
ZNF277,7q
ZNF282,7q
ZNF3,7q
ZNF316,7p
ZNF394,7q
ZNF398,7q
ZNF425,7q
ZNF467,7q
ZNF479,7p
ZNF655,7q
ZNF679,7q
ZNF680,7q
ZNF713,7p
ZNF716,7p
ZNF722P,7q
ZNF727,7q
ZNF733P,7q
ZNF735,7q
ZNF736,7q
ZNF746,7q
ZNF767P,7q
ZNF775,7q
ZNF777,7q
ZNF783,7q
ZNF786,7q
ZNF789,7q
ZNF800,7q
ZNF804B,7q
ZNF815P,7p
ZNF853,7p
ZNF862,7q
ZNF890P,7p
ZNF92,7q
ZNHIT1,7q
ZNRF2,7p
ZNRF2P1,7p
ZNRF2P2,7p
ZP3,7q
ZPBP,7p
ZSCAN21,7q
ZSCAN25,7q
ZYX,7q
AARD,8q
ABRA,8q
ADAM18,8p
ADAM2,8p
ADAM28,8p
ADAM32,8p
ADAM3A,8p
ADAM5,8p
ADAM7,8p
ADAM9,8p
ADAMDEC1,8p
ADCK5,8q
ADCY8,8q
ADGRA2,8p
ADGRB1,8q
ADHFE1,8q
ADRA1A,8p
ADRB3,8p
AGO2,8q
AGPAT5,8p
ALKAL1,8q
ANGPT1,8q
ANGPT2,8p
ANK1,8p
ANKRD46,8q
ANXA13,8q
AP3M2,8p
ARC,8q
ARFGEF1,8q
ARHGAP39,8q
ARHGEF10,8p
ARMC1,8q
ASAH1,8p
ASAP1,8q
ASAP1-IT1,8q
ASAP1-IT2,8q
ASH2L,8p
ASNSP1,8q
ASPH,8q
ATAD2,8q
ATP6V0D2,8q
ATP6V1B2,8p
ATP6V1C1,8q
ATP6V1H,8q
AZIN1,8q
BAALC,8q
BAALC-AS1,8q
BAALC-AS2,8q
BAG4,8p
BHLHE22,8q
BIN3,8p
BIN3-IT1,8p
BLK,8p
BMP1,8p
BNIP3L,8p
BOP1,8q
BPNT2,8q
BRF2,8p
C8orf31,8q
C8orf33,8q
C8orf34,8q
C8orf34-AS1,8q
C8orf37,8q
C8orf37-AS1,8q
C8orf44,8q
C8orf44-SGK3,8q
C8orf48,8p
C8orf49,8p
C8orf58,8p
C8orf74,8p
C8orf76,8q
C8orf82,8q
C8orf86,8p
C8orf87,8q
C8orf88,8q
C8orf89,8q
CA1,8q
CA13,8q
CA2,8q
CA3,8q
CA3-AS1,8q
CA8,8q
CALB1,8q
CASC11,8q
CASC19,8q
CASC21,8q
CASC8,8q
CASC9,8q
CCAR2,8p
CCAT1,8q
CCAT2,8q
CCDC166,8q
CCDC25,8p
CCDC26,8q
CCN3,8q
CCN4,8q
CCNE2,8q
CDC42P3,8q
CDCA2,8p
CDH17,8q
CEBPD,8q
CERNA3,8q
CHCHD7,8q
CHD7,8q
CHMP4C,8q
CHMP7,8p
CHRAC1,8q
CHRNA2,8p
CHRNA6,8p
CHRNB3,8p
CIBAR1,8q
CLDN23,8p
CLN8,8p
CLU,8p
CLVS1,8q
CNBD1,8q
CNGB3,8q
CNOT7,8p
COL14A1,8q
COL22A1,8q
COLEC10,8q
COMMD5,8q
COPS5,8q
COX6C,8q
CPA6,8q
CPNE3,8q
CPQ,8q
CPSF1,8q
CRH,8q
CRISPLD1,8q
CSGALNACT1,8p
CSMD1,8p
CSMD3,8q
CSPP1,8q
CTHRC1,8q
CTSB,8p
CYC1,8q
CYHR1,8q
CYP11B1,8q
CYP11B2,8q
CYP7A1,8q
CYP7B1,8q
CYRIB,8q
DCAF13,8q
DCAF4L2,8q
DCSTAMP,8q
DCTN6,8p
DDHD2,8p
DECR1,8q
DEFA1,8p
DEFA10P,8p
DEFA11P,8p
DEFA1B,8p
DEFA3,8p
DEFA4,8p
DEFA5,8p
DEFA6,8p
DEFA8P,8p
DEFA9P,8p
DEFB1,8p
DEFB103A,8p
DEFB103B,8p
DEFB104A,8p
DEFB104B,8p
DEFB105A,8p
DEFB105B,8p
DEFB106A,8p
DEFB106B,8p
DEFB107A,8p
DEFB107B,8p
DEFB109A,8p
DEFB109B,8p
DEFB130A,8p
DEFB130B,8p
DEFB134,8p
DEFB135,8p
DEFB136,8p
DEFB4A,8p
DEFB4B,8p
DEFT1P,8p
DEFT1P2,8p
DENND3,8q
DEPTOR,8q
DERL1,8q
DGAT1,8q
DKK4,8p
DLC1,8p
DLGAP2,8p
DLGAP2-AS1,8p
DMTN,8p
DNAJC5B,8q
DOCK5,8p
DOK2,8p
DPY19L4,8q
DPYS,8q
DPYSL2,8p
DSCC1,8q
DUSP26,8p
DUSP4,8p
E2F5,8q
EBAG9,8q
EBF2,8p
EEF1D,8q
EFCAB1,8q
EFR3A,8q
EGR3,8p
EIF3E,8q
EIF3H,8q
EIF4EBP1,8p
ELOC,8q
ELP3,8p
EMC2,8q
ENPP2,8q
ENTPD4,8p
ENY2,8q
EPHX2,8p
EPPK1,8q
ERI1,8p
ERICH1,8p
ERICH5,8q
ERLIN2,8p
ESCO2,8p
ESRP1,8q
EXOSC4,8q
EXT1,8q
EXTL3,8p
EXTL3-AS1,8p
EYA1,8q
FABP12,8q
FABP4,8q
FABP5,8q
FABP9,8q
FAM110B,8q
FAM135B,8q
FAM160B2,8p
FAM167A,8p
FAM167A-AS1,8p
FAM66A,8p
FAM66B,8p
FAM66D,8p
FAM66E,8p
FAM83A,8q
FAM83A-AS1,8q
FAM83H,8q
FAM85A,8p
FAM85B,8p
FAM86B1,8p
FAM86B2,8p
FAM86B3P,8p
FAM87A,8p
FAM90A10P,8p
FAM90A25P,8p
FAM90A2P,8p
FAM90A7P,8p
FAM91A1,8q
FBXL6,8q
FBXO16,8p
FBXO25,8p
FBXO32,8q
FBXO43,8q
FDFT1,8p
FER1L6,8q
FER1L6-AS1,8q
FER1L6-AS2,8q
FGF17,8p
FGF20,8p
FGFR1,8p
FGL1,8p
FLJ42969,8q
FLJ46284,8q
FNTA,8p
FOXH1,8q
FSBP,8q
FUT10,8p
FZD3,8p
FZD6,8q
GASAL1,8q
GATA4,8p
GDAP1,8q
GDF6,8q
GEM,8q
GFRA2,8p
GFUS,8q
GGH,8q
GINS4,8p
GLI4,8q
GML,8q
GNRH1,8p
GOLGA7,8p
GOT1L1,8p
GPAA1,8q
GPAT4,8p
GPIHBP1,8q
GPR20,8q
GPT,8q
GRHL2,8q
GRINA,8q
GS1-24F4.2,8p
GSDMC,8q
GSDMD,8q
GSR,8p
GTF2E2,8p
HAS2,8q
HAS2-AS1,8q
HEY1,8q
HGH1,8q
HGSNAT,8p
HHLA1,8q
HMBOX1,8p
HNF4G,8q
HOOK3,8p
HPYR1,8q
HR,8p
HSF1,8q
HTRA4,8p
IDO1,8p
IDO2,8p
IKBKB,8p
IL7,8q
IMPA1,8q
IMPA1P1,8q
INTS10,8p
INTS8,8q
INTS9,8p
IQANK1,8q
JPH1,8q
JRK,8q
KAT6A,8p
KBTBD11,8p
KBTBD11-OT1,8p
KCNB2,8q
KCNK9,8q
KCNQ3,8q
KCNS2,8q
KCNU1,8p
KCNV1,8q
KCTD9,8p
KHDRBS3,8q
KIF13B,8p
KIFC2,8q
KLF10,8q
KLHL38,8q
LACTB2,8q
LACTB2-AS1,8q
LAPTM4B,8q
LEPROTL1,8p
LETM2,8p
LGI3,8p
LINC00051,8q
LINC00208,8p
LINC00251,8q
LINC00293,8q
LINC00534,8q
LINC00535,8q
LINC00536,8q
LINC00588,8q
LINC00589,8p
LINC00681,8p
LINC00824,8q
LINC00861,8q
LINC00964,8q
LINC00965,8p
LINC00967,8q
LINC00968,8q
LINC00976,8q
LINC00977,8q
LINC01030,8q
LINC01111,8q
LINC01151,8q
LINC01181,8q
LINC01288,8p
LINC01289,8q
LINC01298,8q
LINC01299,8q
LINC01300,8q
LINC01301,8q
LINC01414,8q
LINC01419,8q
LINC01591,8q
LINC01592,8q
LINC01602,8q
LINC01603,8q
LINC01605,8p
LINC01606,8q
LINC01607,8q
LINC01608,8q
LINC01609,8q
LINC01617,8q
LINC02055,8q
LINC02099,8p
LINC02153,8p
LINC02155,8q
LINC02209,8p
LINC02237,8q
LINC02605,8q
LINC02878,8q
LINCR-0001,8p
LNCOC1,8q
LOC100128993,8p
LOC100129129,8p
LOC100130027,8q
LOC100130298,8q
LOC100130964,8p
LOC100132813,8q
LOC100287015,8p
LOC100287846,8q
LOC100288748,8q
LOC100310756,8q
LOC100505501,8q
LOC100506990,8p
LOC100507071,8p
LOC100507156,8p
LOC100507464,8q
LOC100507516,8q
LOC101241902,8q
LOC101926892,8q
LOC101926908,8q
LOC101927040,8q
LOC101927066,8q
LOC101927141,8q
LOC101927245,8q
LOC101927506,8p
LOC101927513,8q
LOC101927543,8q
LOC101927588,8q
LOC101927657,8q
LOC101927752,8p
LOC101927798,8q
LOC101927815,8p
LOC101927822,8q
LOC101927845,8q
LOC101927915,8q
LOC101928058,8p
LOC101928087,8q
LOC101928095,8p
LOC101928160,8q
LOC101928902,8q
LOC101929066,8p
LOC101929128,8p
LOC101929172,8p
LOC101929217,8q
LOC101929229,8p
LOC101929237,8p
LOC101929268,8q
LOC101929269,8p
LOC101929294,8p
LOC101929315,8p
LOC101929341,8q
LOC101929415,8q
LOC101929470,8p
LOC101929488,8q
LOC101929528,8q
LOC101929550,8p
LOC101929622,8p
LOC101929709,8q
LOC101929897,8p
LOC102467222,8p
LOC102723313,8p
LOC102723322,8q
LOC102723701,8p
LOC102723729,8p
LOC102724612,8q
LOC102724708,8q
LOC102724710,8q
LOC102724804,8q
LOC102724874,8q
LOC102725080,8p
LOC104054148,8q
LOC105369147,8q
LOC105375683,8q
LOC105375690,8q
LOC105375713,8q
LOC105375744,8q
LOC105375773,8q
LOC105375787,8q
LOC105375800,8q
LOC105375843,8q
LOC105375938,8q
LOC105377777,8p
LOC105377785,8p
LOC105379331,8p
LOC105379393,8p
LOC107986876,8p
LOC157273,8p
LOC254896,8p
LOC286059,8p
LOC286083,8p
LOC286177,8q
LOC286178,8q
LOC340357,8p
LOC389641,8p
LOC392196,8p
LOC392232,8q
LOC401442,8p
LOC401463,8q
LOC401478,8q
LOC649352,8p
LOC728024,8p
LOC729732,8p
LONRF1,8p
LOXL2,8p
LPL,8p
LRATD2,8q
LRP12,8q
LRRC14,8q
LRRC24,8q
LRRC6,8q
LRRC69,8q
LRRCC1,8q
LSM1,8p
LY6D,8q
LY6E,8q
LY6E-DT,8q
LY6H,8q
LY6K,8q
LY6L,8q
LY96,8q
LYN,8q
LYNX1,8q
LYNX1-SLURP2,8q
LYPD2,8q
LYPLA1,8q
LZTS1,8p
LZTS1-AS1,8p
MAF1,8q
MAFA,8q
MAFA-AS1,8q
MAILR,8q
MAK16,8p
MAL2,8q
MAL2-AS1,8q
MAPK15,8q
MATN2,8q
MBOAT4,8p
MCM4,8q
MCMDC2,8q
MCPH1,8p
MCPH1-AS1,8p
MED30,8q
MFHAS1,8p
MFSD3,8q
MICU3,8p
MINCR,8q
MIR10400,8q
MIR1204,8q
MIR1205,8q
MIR1206,8q
MIR1207,8q
MIR1208,8q
MIR12123,8q
MIR1234,8q
MIR124-1,8p
MIR124-1HG,8p
MIR124-2,8q
MIR124-2HG,8q
MIR1302-7,8q
MIR1322,8p
MIR151A,8q
MIR2052,8q
MIR2052HG,8q
MIR2053,8q
MIR30B,8q
MIR30D,8q
MIR3148,8p
MIR3149,8q
MIR3150A,8q
MIR3150B,8q
MIR3150BHG,8q
MIR3151,8q
MIR320A,8p
MIR3610,8q
MIR3622A,8p
MIR3622B,8p
MIR3674,8p
MIR3686,8q
MIR378D2,8q
MIR383,8p
MIR3926-1,8p
MIR3926-2,8p
MIR4286,8p
MIR4287,8p
MIR4288,8p
MIR4469,8p
MIR4470,8q
MIR4471,8q
MIR4472-1,8q
MIR4659A,8p
MIR4659B,8p
MIR4660,8p
MIR4661,8q
MIR4662A,8q
MIR4662B,8q
MIR4663,8q
MIR4664,8q
MIR486-1,8p
MIR486-2,8p
MIR5194,8q
MIR548A3,8q
MIR548AA1,8q
MIR548AO,8p
MIR548AZ,8q
MIR548D1,8q
MIR548H4,8p
MIR548I3,8p
MIR548V,8p
MIR5680,8q
MIR5681A,8q
MIR5681B,8q
MIR5708,8q
MIR596,8p
MIR597,8p
MIR598,8p
MIR599,8q
MIR661,8q
MIR6841,8p
MIR6842,8p
MIR6843,8p
MIR6844,8q
MIR6845,8q
MIR6846,8q
MIR6847,8q
MIR6848,8q
MIR6849,8q
MIR6850,8q
MIR6876,8p
MIR6893,8q
MIR7112,8q
MIR7160,8p
MIR7705,8q
MIR7848,8q
MIR8055,8p
MIR8084,8q
MIR875,8q
MIR937,8q
MIR939,8q
MIR9903,8q
MMP16,8q
MOS,8q
MROH1,8q
MROH5,8q
MROH6,8q
MRPL13,8q
MRPL15,8q
MRPS28,8q
MSC,8q
MSC-AS1,8q
MSR1,8p
MSRA,8p
MTBP,8q
MTDH,8q
MTERF3,8q
MTFR1,8q
MTMR7,8p
MTMR9,8p
MTSS1,8q
MTUS1,8p
MYBL1,8q
MYC,8q
MYOM2,8p
NACA4P,8q
NAPRT,8q
NAT1,8p
NAT2,8p
NBN,8q
NCALD,8q
NCOA2,8q
NCRNA00250,8q
NDRG1,8q
NDUFAF6,8q
NDUFB9,8q
NECAB1,8q
NEFL,8p
NEFM,8p
NEIL2,8p
NIPAL2,8q
NKAIN3,8q
NKX2-6,8p
NKX3-1,8p
NKX6-3,8p
NPBWR1,8q
NPM2,8p
NRBP2,8q
NRG1,8p
NRG1-IT1,8p
NRG1-IT3,8p
NSD3,8p
NSMAF,8q
NSMCE2,8q
NTAQ1,8q
NUDCD1,8q
NUDT18,8p
NUGGC,8p
OC90,8q
ODF1,8q
OPLAH,8q
OPRK1,8q
OR4F21,8p
OSGIN2,8q
OSR2,8q
OTUD6B,8q
OTUD6B-AS1,8q
OXR1,8q
PABPC1,8q
PAG1,8q
PARP10,8q
PBK,8p
PCAT1,8q
PCAT2,8q
PCM1,8p
PCMTD1,8q
PDE7A,8q
PDGFRL,8p
PDLIM2,8p
PDP1,8q
PEBP4,8p
PEG13,8q
PENK,8q
PEX2,8q
PHF20L1,8q
PHYHIP,8p
PI15,8q
PINX1,8p
PIP4P2,8q
PIWIL2,8p
PKHD1L1,8q
PKIA,8q
PKIA-AS1,8q
PLAG1,8q
PLAT,8p
PLEC,8q
PLEKHA2,8p
PLEKHF2,8q
PLPBP,8p
PLPP5,8p
PMP2,8q
PNMA2,8p
PNOC,8p
POLB,8p
POLR2K,8q
POLR3D,8p
POMK,8p
POP1,8q
POTEA,8p
POU5F1B,8q
PPDPFL,8q
PPP1R16A,8q
PPP1R3B,8p
PPP1R42,8q
PPP2CB,8p
PPP2R2A,8p
PPP3CC,8p
PRAG1,8p
PRDM14,8q
PREX2,8q
PRKDC,8q
PRNCR1,8q
PRR23D1,8p
PRR23D2,8p
PRSS55,8p
PSCA,8q
PSD3,8p
PSKH2,8q
PTCSC1,8q
PTDSS1,8q
PTK2,8q
PTK2B,8p
PTP4A3,8q
PTTG3P,8q
PUF60,8q
PURG,8p
PVT1,8q
PXDNL,8q
PYCR3,8q
R3HCC1,8p
RAB11FIP1,8p
RAB2A,8q
RAD21,8q
RAD21-AS1,8q
RAD54B,8q
RALYL,8q
RB1CC1,8q
RBIS,8q
RBM12B,8q
RBM12B-AS1,8q
RBPMS,8p
RBPMS-AS1,8p
RDH10,8q
RDH10-AS1,8q
RECQL4,8q
REEP4,8p
REXO1L2P,8q
RGS20,8q
RGS22,8q
RHOBTB2,8p
RHPN1,8q
RHPN1-AS1,8q
RIDA,8q
RIMS2,8q
RIPK2,8q
RMDN1,8q
RNF122,8p
RNF139,8q
RNF139-AS1,8q
RNF170,8p
RNF19A,8q
RNF5P1,8p
RNU105C,8q
RP1,8q
RP1L1,8p
RPL23AP53,8p
RPL30,8q
RPL7,8q
RPL8,8q
RPS20,8q
RRM2B,8q
RRS1,8q
RRS1-AS1,8q
RSPO2,8q
RUNX1T1,8q
SAMD12,8q
SAMD12-AS1,8q
SARAF,8p
SBF1P1,8q
SBSPON,8q
SCARA3,8p
SCARA5,8p
SCRIB,8q
SCRT1,8q
SCX,8q
SDAD1P1,8p
SDC2,8q
SDCBP,8q
SDR16C5,8q
SDR16C6P,8q
SFRP1,8p
SFTPC,8p
SGCZ,8p
SGK3,8q
SH2D4A,8p
SHARPIN,8q
SIRLNT,8p
SLA,8q
SLC10A5,8q
SLC18A1,8p
SLC20A2,8p
SLC25A32,8q
SLC25A37,8p
SLC26A7,8q
SLC30A8,8q
SLC35G5,8p
SLC39A14,8p
SLC39A4,8q
SLC45A4,8q
SLC52A2,8q
SLC7A13,8q
SLC7A2,8p
SLCO5A1,8q
SLURP1,8q
SLURP2,8q
SMILR,8q
SMIM18,8p
SMIM19,8p
SMPD5,8q
SNAI2,8q
SNHG6,8q
SNORA1B,8q
SNORA72,8q
SNORA99,8p
SNORD13,8p
SNORD149,8q
SNORD168,8q
SNORD173,8q
SNORD38D,8p
SNORD3F,8p
SNORD3H,8q
SNORD3I,8p
SNORD54,8q
SNORD65B,8p
SNORD77B,8q
SNORD87,8q
SNTB1,8q
SNTG1,8q
SNX16,8q
SNX31,8q
SORBS3,8p
SOX17,8q
SOX7,8p
SPAG1,8q
SPAG11A,8p
SPAG11B,8p
SPATC1,8q
SPIDR,8q
SQLE,8q
SRSF3P2,8q
ST18,8q
ST3GAL1,8q
STAR,8p
STAU2,8q
STAU2-AS1,8q
STC1,8p
STK3,8q
STMN2,8q
STMN4,8p
SULF1,8q
SYBU,8q
TACC1,8p
TAF2,8q
TATDN1,8q
TBC1D31,8q
TCEA1,8q
TCF24,8q
TCIM,8p
TDH,8p
TDRP,8p
TERF1,8q
TEX15,8p
TG,8q
TGS1,8q
THAP1,8p
THEM6,8q
TIGD5,8q
TM2D2,8p
TMED10P1,8q
TMEM249,8q
TMEM64,8q
TMEM65,8q
TMEM67,8q
TMEM68,8q
TMEM70,8q
TMEM71,8q
TMEM74,8q
TMEM75,8q
TNFRSF10A,8p
TNFRSF10B,8p
TNFRSF10C,8p
TNFRSF10D,8p
TNFRSF11B,8q
TNKS,8p
TONSL,8q
TONSL-AS1,8q
TOP1MT,8q
TOX,8q
TP53INP1,8q
TPD52,8q
TRAM1,8q
TRAPPC9,8q
TRHR,8q
TRIB1,8q
TRIM35,8p
TRIM55,8q
TRIQK,8q
TRMT12,8q
TRMT9B,8p
TRPA1,8q
TRPS1,8q
TSNARE1,8q
TSPYL5,8q
TTI2,8p
TTPA,8q
TUSC3,8p
UBE2V2,8q
UBE2W,8q
UBR5,8q
UBR5-AS1,8q
UBXN2B,8q
UBXN8,8p
UNC5D,8p
UQCRB,8q
USP17L1,8p
USP17L2,8p
USP17L3,8p
USP17L4,8p
USP17L7,8p
USP17L8,8p
UTP23,8q
VCPIP1,8q
VDAC3,8p
VIRMA,8q
VPS13B,8q
VPS28,8q
VPS37A,8p
VXN,8q
WASHC5,8q
WDR97,8q
WRN,8p
WWP1,8q
XKR4,8q
XKR5,8p
XKR6,8p
XKR9,8q
XPO7,8p
YTHDF3,8q
YTHDF3-AS1,8q
YWHAZ,8q
ZBTB10,8q
ZC2HC1A,8q
ZC3H3,8q
ZDHHC2,8p
ZFAND1,8q
ZFAT,8q
ZFAT-AS1,8q
ZFHX4,8q
ZFHX4-AS1,8q
ZFP41,8q
ZFPM2,8q
ZFPM2-AS1,8q
ZHX1,8q
ZHX1-C8orf76,8q
ZHX2,8q
ZMAT4,8p
ZNF16,8q
ZNF250,8q
ZNF251,8q
ZNF252P,8q
ZNF252P-AS1,8q
ZNF34,8q
ZNF395,8p
ZNF517,8q
ZNF572,8q
ZNF596,8p
ZNF623,8q
ZNF696,8q
ZNF7,8q
ZNF703,8p
ZNF704,8q
ZNF705B,8p
ZNF705D,8p
ZNF705G,8p
ZNF706,8q
ZNF707,8q
ZNNT1,8q
ABCA1,9q
ABCA2,9q
ABHD17B,9q
ABITRAM,9q
ABL1,9q
ABO,9q
ACER2,9p
ACO1,9p
ACTL7A,9q
ACTL7B,9q
ADAMTS13,9q
ADAMTSL1,9p
ADAMTSL2,9q
AGPAT2,9q
AGTPBP1,9q
AIF1L,9q
AJM1,9q
AK1,9q
AK3,9p
AK8,9q
AKNA,9q
ALAD,9q
ALDH1A1,9q
ALDH1B1,9p
ALDOB,9q
ALG2,9q
AMBP,9q
ANAPC2,9q
ANGPTL2,9q
ANKRD18A,9p
ANKRD18B,9p
ANKRD18CP,9q
ANKRD19P,9q
ANKRD20A1,9q
ANKRD20A4-ANKRD20A20P,9q
ANKS6,9q
ANP32B,9q
ANXA1,9q
ANXA2P2,9p
AOPEP,9q
APBA1,9q
APTX,9p
AQP3,9p
AQP7,9p
AQP7P1,9q
AQP7P3,9q
ARHGEF39,9p
ARID3C,9p
ARPC5L,9q
ARRDC1,9q
ARRDC1-AS1,9q
ASB6,9q
ASPN,9q
ASS1,9q
ASTN2,9q
ASTN2-AS1,9q
ATP6V1G1,9q
ATP8B5P,9p
AUH,9q
B3GNT10,9q
B4GALT1,9p
B4GALT1-AS1,9p
BAAT,9q
BAG1,9p
BANCR,9q
BARHL1,9q
BARX1,9q
BARX1-DT,9q
BICD2,9q
BNC2,9p
BNC2-AS1,9p
BRD3,9q
BRD3OS,9q
BRINP1,9q
BSPRY,9q
C5,9q
C5-OT1,9q
C8G,9q
C9orf106,9q
C9orf116,9q
C9orf129,9q
C9orf131,9p
C9orf135,9q
C9orf135-DT,9q
C9orf139,9q
C9orf147,9q
C9orf152,9q
C9orf153,9q
C9orf16,9q
C9orf163,9q
C9orf24,9p
C9orf40,9q
C9orf43,9q
C9orf47,9q
C9orf50,9q
C9orf57,9q
C9orf62,9q
C9orf64,9q
C9orf72,9p
C9orf78,9q
C9orf85,9q
C9orf92,9p
CA9,9p
CAAP1,9p
CACFD1,9q
CACNA1B,9q
CAMSAP1,9q
CARD19,9q
CARD9,9q
CARNMT1,9q
CARNMT1-AS1,9q
CAVIN4,9q
CBWD1,9p
CBWD3,9q
CBWD5,9q
CBWD6,9p
CCDC107,9p
CCDC171,9p
CCDC180,9q
CCDC183,9q
CCDC183-AS1,9q
CCDC187,9q
CCIN,9p
CCL19,9p
CCL21,9p
CCL27,9p
CD274,9p
CD72,9p
CDC14B,9q
CDC26,9q
CDC37L1,9p
CDC37L1-DT,9p
CDK20,9q
CDK5RAP2,9q
CDK9,9q
CDKN2A,9p
CDKN2A-DT,9p
CDKN2B,9p
CDKN2B-AS1,9p
CEL,9q
CELP,9q
CEMIP2,9q
CENPP,9q
CEP78,9q
CER1,9p
CERCAM,9q
CFAP157,9q
CFAP77,9q
CHMP5,9p
CIZ1,9q
CKS2,9q
CLIC3,9q
CLTA,9p
CNTFR,9p
CNTFR-AS1,9p
CNTLN,9p
CNTNAP3,9p
CNTNAP3B,9p
CNTNAP3P2,9q
CNTRL,9q
COL15A1,9q
COL27A1,9q
COL5A1,9q
COL5A1-AS1,9q
COQ4,9q
CORO2A,9q
CRAT,9q
CRB2,9q
CREB3,9p
CTNNAL1,9q
CTSL,9q
CTSL3P,9q
CTSLP8,9q
CTSV,9q
CUTALP,9q
CYLC2,9q
CYSRT1,9q
DAB2IP,9q
DAPK1,9q
DAPK1-IT1,9q
DBH,9q
DBH-AS1,9q
DCAF10,9p
DCAF12,9p
DCTN3,9p
DDX11L5,9p
DDX31,9q
DDX58,9p
DELEC1,9q
DENND1A,9q
DENND4C,9p
DIPK1B,9q
DIRAS2,9q
DKFZP434A062,9q
DMAC1,9p
DMRT1,9p
DMRT2,9p
DMRT3,9p
DMRTA1,9p
DNAI1,9p
DNAJA1,9p
DNAJB5,9p
DNAJB5-DT,9p
DNAJC25,9q
DNAJC25-GNG10,9q
DNLZ,9q
DNM1,9q
DOCK8,9p
DOCK8-AS1,9p
DOLK,9q
DOLPP1,9q
DPH7,9q
DPM2,9q
DPP7,9q
DYNC2I2,9q
EBLN3P,9p
ECM2,9q
ECPAS,9q
EDF1,9q
EGFL7,9q
EHMT1,9q
ELAVL2,9p
ELP1,9q
ENDOG,9q
ENG,9q
ENHO,9p
ENTPD2,9q
ENTPD8,9q
ENTR1,9q
EPB41L4B,9q
EQTN,9p
ERCC6L2,9q
ERMP1,9p
ERP44,9q
EXD3,9q
EXOSC2,9q
EXOSC3,9p
FAM102A,9q
FAM120A,9q
FAM120AOS,9q
FAM122A,9q
FAM157B,9q
FAM163B,9q
FAM166A,9q
FAM166B,9p
FAM189A2,9q
FAM201A,9p
FAM205A,9p
FAM205BP,9p
FAM205C,9p
FAM214B,9p
FAM219A,9p
FAM221B,9p
FAM225A,9q
FAM225B,9q
FAM242F,9p
FAM27B,9q
FAM27C,9q
FAM27E2,9p
FAM27E3,9q
FAM74A1,9q
FAM74A3,9q
FAM74A4,9q
FAM74A6,9q
FAM74A7,9p
FAM78A,9q
FAM95B1,9q
FAM95C,9p
FANCC,9q
FANCG,9p
FBP1,9q
FBP2,9q
FBXO10,9p
FBXW2,9q
FBXW5,9q
FCN1,9q
FCN2,9q
FGD3,9q
FGF7P3,9p
FGF7P6,9q
FIBCD1,9q
FKBP15,9q
FKTN,9q
FLJ43315,9q
FNBP1,9q
FOCAD,9p
FOCAD-AS1,9p
FOXB2,9q
FOXD4,9p
FOXD4L3,9q
FOXD4L4,9q
FOXD4L5,9q
FOXD4L6,9p
FOXE1,9q
FPGS,9q
FREM1,9p
FRG1HP,9p
FRG1JP,9q
FRMD3,9q
FRMPD1,9p
FRRS1L,9q
FSD1L,9q
FUBP3,9q
FUT7,9q
FXN,9q
GABBR2,9q
GADD45G,9q
GALNT12,9q
GALT,9p
GAPVD1,9q
GARNL3,9q
GAS1,9q
GAS1RR,9q
GAS2L1P2,9q
GBA2,9p
GBGT1,9q
GCNT1,9q
GDA,9q
GFI1B,9q
GGTA1,9q
GKAP1,9q
GLDC,9p
GLE1,9q
GLIDR,9p
GLIPR2,9p
GLIS3,9p
GLIS3-AS1,9p
GLT6D1,9q
GNA14,9q
GNA14-AS1,9q
GNAQ,9q
GNE,9p
GNG10,9q
GOLGA1,9q
GOLGA2,9q
GOLM1,9q
GPR107,9q
GPR21,9q
GPRACR,9q
GPSM1,9q
GRHPR,9p
GRIN1,9q
GRIN3A,9q
GSN,9q
GSN-AS1,9q
GTF3C4,9q
GTF3C5,9q
GXYLT1P3,9q
HABP4,9q
HACD4,9p
HAUS6,9p
HDHD3,9q
HEMGN,9q
HINT2,9p
HMCN2,9q
HNRNPK,9q
HRCT1,9p
HSD17B3,9q
HSD17B3-AS1,9q
HSDL2,9q
HSPA5,9q
HSPC324,9q
IARS1,9q
IDNK,9q
IER5L,9q
IFNA1,9p
IFNA10,9p
IFNA13,9p
IFNA14,9p
IFNA16,9p
IFNA17,9p
IFNA2,9p
IFNA21,9p
IFNA22P,9p
IFNA4,9p
IFNA5,9p
IFNA6,9p
IFNA7,9p
IFNA8,9p
IFNB1,9p
IFNE,9p
IFNK,9p
IFNW1,9p
IFT74,9p
IFT74-AS1,9p
IGFBPL1,9p
IL11RA,9p
IL33,9p
INIP,9q
INPP5E,9q
INSL4,9p
INSL6,9p
INVS,9q
IPPK,9q
ISCA1,9q
IZUMO3,9p
JAK2,9p
KANK1,9p
KCNT1,9q
KCNV2,9p
KDM4C,9p
KIAA1958,9q
KIAA2026,9p
KIF12,9q
KIF24,9p
KIF27,9q
KLF4,9q
KLF9,9q
KLHL9,9p
KYAT1,9q
LAMC3,9q
LCN1,9q
LCN10,9q
LCN12,9q
LCN15,9q
LCN2,9q
LCN6,9q
LCN8,9q
LCN9,9q
LCNL1,9q
LERFS,9q
LHX2,9q
LHX3,9q
LHX6,9q
LINC00032,9p
LINC00092,9q
LINC00474,9q
LINC00475,9q
LINC00476,9q
LINC00484,9q
LINC00537,9q
LINC00583,9p
LINC00587,9q
LINC00963,9q
LINC01189,9q
LINC01230,9p
LINC01231,9p
LINC01235,9p
LINC01239,9p
LINC01241,9p
LINC01242,9p
LINC01243,9p
LINC01251,9p
LINC01410,9q
LINC01451,9q
LINC01474,9q
LINC01492,9q
LINC01501,9q
LINC01502,9q
LINC01503,9q
LINC01504,9q
LINC01505,9q
LINC01506,9q
LINC01507,9q
LINC01508,9q
LINC01509,9q
LINC01613,9q
LINC02247,9q
LINC02578,9q
LINC02603,9q
LINC02692,9q
LINC02872,9q
LINGO2,9p
LMX1B,9q
LOC100128076,9q
LOC100128361,9q
LOC100128593,9q
LOC100129034,9q
LOC100129316,9q
LOC100130548,9q
LOC100132077,9q
LOC100132249,9q
LOC100132781,9q
LOC100133077,9q
LOC100272217,9q
LOC100505588,9q
LOC100506100,9q
LOC100506422,9p
LOC100507346,9q
LOC100996643,9q
LOC101448202,9q
LOC101926948,9p
LOC101927069,9q
LOC101927358,9q
LOC101927450,9q
LOC101927502,9q
LOC101927575,9q
LOC101927623,9q
LOC101927827,9p
LOC101927847,9q
LOC101927954,9q
LOC101928119,9q
LOC101928195,9q
LOC101928381,9q
LOC101928438,9q
LOC101928523,9q
LOC101928525,9q
LOC101928748,9q
LOC101928775,9q
LOC101928786,9q
LOC101928797,9q
LOC101928932,9q
LOC101929116,9q
LOC101929331,9q
LOC101929563,9p
LOC101929583,9q
LOC101929748,9q
LOC102723566,9q
LOC102723709,9q
LOC102723971,9q
LOC102724156,9q
LOC102724238,9q
LOC102724580,9p
LOC102724904,9q
LOC103908604,9q
LOC103908605,9q
LOC105375972,9p
LOC105376114,9q
LOC105376194,9q
LOC105376271,9q
LOC105376306,9q
LOC105376331,9q
LOC105379252,9q
LOC105379443,9q
LOC105379450,9q
LOC105379807,9q
LOC107984035,9p
LOC107987142,9q
LOC158434,9q
LOC158435,9q
LOC286297,9q
LOC286359,9q
LOC340512,9q
LOC389705,9p
LOC389765,9q
LOC392364,9q
LOC401557,9q
LOC440173,9q
LOC440896,9p
LOC441455,9q
LOC497256,9q
LOC51145,9q
LOC554249,9q
LOC613206,9q
LOC642929,9q
LOC642943,9q
LOC651337,9q
LOC728673,9q
LOC730098,9p
LPAR1,9q
LRRC19,9p
LRRC26,9q
LRRC37A5P,9q
LRRC8A,9q
LRSAM1,9q
LURAP1L,9p
LURAP1L-AS1,9p
MAMDC2,9q
MAMDC2-AS1,9q
MAMDC4,9q
MAN1B1,9q
MAN1B1-DT,9q
MAPKAP1,9q
MED22,9q
MED27,9q
MEGF9,9q
MELK,9p
MFSD14B,9q
MFSD14C,9q
MIGA2,9q
MIR101-2,9p
MIR12117,9p
MIR12126,9q
MIR126,9q
MIR1299,9p
MIR1302-8,9q
MIR147A,9q
MIR181A2,9q
MIR181A2HG,9q
MIR181B2,9q
MIR199B,9q
MIR204,9q
MIR219A2,9q
MIR219B,9q
MIR2278,9q
MIR23B,9q
MIR24-1,9q
MIR27B,9q
MIR2861,9q
MIR3074,9q
MIR31,9p
MIR3152,9p
MIR3153,9q
MIR3154,9q
MIR31HG,9p
MIR32,9q
MIR3621,9q
MIR3651,9q
MIR3689A,9q
MIR3689B,9q
MIR3689C,9q
MIR3689D1,9q
MIR3689D2,9q
MIR3689E,9q
MIR3689F,9q
MIR3910-1,9q
MIR3910-2,9q
MIR3911,9q
MIR3927,9q
MIR3960,9q
MIR4289,9q
MIR4290,9q
MIR4290HG,9q
MIR4291,9q
MIR4292,9q
MIR4473,9p
MIR4474,9p
MIR4475,9p
MIR4476,9p
MIR4478,9q
MIR4479,9q
MIR4540,9p
MIR455,9q
MIR4665,9p
MIR4667,9p
MIR4668,9q
MIR4669,9q
MIR4670,9q
MIR4672,9q
MIR4673,9q
MIR4674,9q
MIR491,9p
MIR548AW,9q
MIR600,9q
MIR600HG,9q
MIR601,9q
MIR602,9q
MIR6081,9q
MIR6722,9q
MIR6851,9p
MIR6852,9p
MIR6853,9p
MIR6854,9q
MIR6855,9q
MIR6856,9q
MIR6877,9q
MIR7-1,9q
MIR7114,9q
MIR7150,9q
MIR7702,9q
MIR8081,9q
MIR873,9p
MIR876,9p
MIRLET7A1,9q
MIRLET7D,9q
MIRLET7F1,9q
MLANA,9p
MLLT3,9p
MOB3B,9p
MORN5,9q
MPDZ,9p
MRPL41,9q
MRPL50,9q
MRPS2,9q
MRRF,9q
MSANTD3,9q
MSANTD3-TMEFF1,9q
MSMP,9p
MTAP,9p
MUSK,9q
MVB12B,9q
MYMK,9q
MYORG,9p
NAA35,9q
NACC2,9q
NAIF1,9q
NALT1,9q
NAMA,9q
NANS,9q
NCBP1,9q
NCS1,9q
NDOR1,9q
NDUFA8,9q
NDUFB6,9p
NEK6,9q
NELFB,9q
NFIB,9p
NFIL3,9q
NFX1,9p
NFYCP2,9q
NIBAN2,9q
NINJ1,9q
NIPSNAP3A,9q
NIPSNAP3B,9q
NMRK1,9q
NOL6,9p
NOL8,9q
NOTCH1,9q
NOXA1,9q
NPDC1,9q
NPR2,9p
NR4A3,9q
NR5A1,9q
NR6A1,9q
NRARP,9q
NRON,9q
NSMF,9q
NTMT1,9q
NTNG2,9q
NTRK2,9q
NUDT2,9p
NUP188,9q
NUP214,9q
NUTM2F,9q
NUTM2G,9q
NXNL2,9q
OBP2A,9q
OBP2B,9q
ODF2,9q
OGN,9q
OLFM1,9q
OLFML2A,9q
OMD,9q
OR13C2,9q
OR13C3,9q
OR13C4,9q
OR13C5,9q
OR13C8,9q
OR13C9,9q
OR13D1,9q
OR13F1,9q
OR13J1,9p
OR1B1,9q
OR1J1,9q
OR1J2,9q
OR1J4,9q
OR1K1,9q
OR1L1,9q
OR1L3,9q
OR1L4,9q
OR1L6,9q
OR1L8,9q
OR1N1,9q
OR1N2,9q
OR1Q1,9q
OR2K2,9q
OR2S2,9p
OR5C1,9q
ORM1,9q
ORM2,9q
OSTF1,9q
PAEP,9q
PALM2AKAP2,9q
PAPPA,9q
PAPPA-AS1,9q
PAX5,9p
PAXX,9q
PBX3,9q
PCA3,9q
PCAT7,9q
PCSK5,9q
PDCD1LG2,9p
PDCL,9q
PGAP4,9q
PGM5,9q
PGM5-AS1,9q
PGM5P2,9p
PHF19,9q
PHF2,9q
PHF24,9p
PHPT1,9q
PHYHD1,9q
PIGO,9p
PIP5K1B,9q
PIP5KL1,9q
PKN3,9q
PLAA,9p
PLGRKT,9p
PLIN2,9p
PLPP6,9p
PLPP7,9q
PLPPR1,9q
PMPCA,9q
PNPLA7,9q
POLE3,9q
POLR1E,9p
POMT1,9q
PPP1R26,9q
PPP1R26-AS1,9q
PPP3R2,9q
PPP6C,9q
PRDM12,9q
PRKACG,9q
PRPF4,9q
PRRC2B,9q
PRRT1B,9q
PRRX2,9q
PRRX2-AS1,9q
PRSS3,9p
PRSS47,9q
PRUNE2,9q
PRXL2C,9q
PSAT1,9q
PSIP1,9p
PSMB7,9q
PSMD5,9q
PTAR1,9q
PTBP3,9q
PTCH1,9q
PTCSC2,9q
PTENP1,9p
PTENP1-AS,9p
PTGDS,9q
PTGER4P2-CDK2AP2P2,9q
PTGES,9q
PTGES2,9q
PTGES2-AS1,9q
PTGR1,9q
PTGS1,9q
PTMAP11,9q
PTPA,9q
PTPDC1,9q
PTPN3,9q
PTPRD,9p
PTPRD-AS1,9p
PTPRD-AS2,9p
PTRH1,9q
PUM3,9p
QRFP,9q
QSOX2,9q
RAB14,9q
RABEPK,9q
RABGAP1,9q
RABL6,9q
RAD23B,9q
RALGAPA1P1,9q
RALGDS,9q
RALGPS1,9q
RANBP6,9p
RAPGEF1,9q
RASEF,9q
RBM18,9q
RC3H2,9q
RCL1,9p
RECK,9p
REXO4,9q
RFK,9q
RFX3,9p
RFX3-AS1,9p
RGP1,9p
RGS3,9q
RIC1,9p
RLN1,9p
RLN2,9p
RMI1,9q
RMRP,9p
RNF183,9q
RNF20,9q
RNF208,9q
RNF224,9q
RNF38,9p
RNU6ATAC,9q
ROR2,9q
RORB,9q
RORB-AS1,9q
RPL12,9q
RPL35,9q
RPL7A,9q
RPP25L,9p
RPS6,9p
RPSAP9,9q
RRAGA,9p
RUSC2,9p
RXRA,9q
S1PR3,9q
SAPCD2,9q
SARDH,9q
SAXO1,9p
SCAI,9q
SCARNA8,9p
SEC16A,9q
SEC61B,9q
SECISBP2,9q
SEMA4D,9q
SET,9q
SETX,9q
SH2D3C,9q
SH3GL2,9p
SH3GLB2,9q
SHB,9p
SHC3,9q
SHOC1,9q
SIGMAR1,9p
SIT1,9p
SLC1A1,9p
SLC24A2,9p
SLC25A25,9q
SLC25A25-AS1,9q
SLC25A51,9p
SLC27A4,9q
SLC28A3,9q
SLC2A6,9q
SLC2A8,9q
SLC31A1,9q
SLC31A2,9q
SLC34A3,9q
SLC35D2,9q
SLC44A1,9q
SLC46A2,9q
SMARCA2,9p
SMC2,9q
SMC2-AS1,9q
SMC5,9q
SMC5-AS1,9q
SMIM27,9p
SMU1,9p
SNAPC3,9p
SNAPC4,9q
SNHG7,9q
SNORA17A,9q
SNORA17B,9q
SNORA30B,9p
SNORA65,9q
SNORA70C,9q
SNORA84,9q
SNORD121A,9p
SNORD121B,9p
SNORD137,9p
SNORD24,9q
SNORD36A,9q
SNORD36B,9q
SNORD36C,9q
SNORD62A,9q
SNORD62B,9q
SNORD90,9q
SNX30,9q
SOHLH1,9q
SPAAR,9p
SPACA9,9q
SPAG8,9p
SPATA31A1,9p
SPATA31A3,9q
SPATA31A5,9q
SPATA31A6,9p
SPATA31A7,9q
SPATA31C1,9q
SPATA31C2,9q
SPATA31D1,9q
SPATA31D3,9q
SPATA31D4,9q
SPATA31D5P,9q
SPATA31E1,9q
SPATA6L,9p
SPIN1,9q
SPINK4,9p
SPOUT1,9q
SPTAN1,9q
SPTLC1,9q
SSNA1,9q
ST6GALNAC4,9q
ST6GALNAC6,9q
STKLD1,9q
STOM,9q
STOML2,9p
STPG3,9q
STPG3-AS1,9q
STRBP,9q
STX17,9q
STX17-AS1,9q
STXBP1,9q
SUGT1P1,9p
SUGT1P4-STRA6LP,9q
SUGT1P4-STRA6LP-CCDC180,9q
SURF1,9q
SURF2,9q
SURF4,9q
SURF6,9q
SUSD1,9q
SUSD3,9q
SVEP1,9q
SWI5,9q
SYK,9q
TAF1L,9p
TAL2,9q
TBC1D13,9q
TBC1D2,9q
TDRD7,9q
TEK,9p
TESK1,9p
TEX10,9q
TEX48,9q
TEX53,9q
TGFBR1,9q
TJP2,9q
TLE1,9q
TLE4,9q
TLN1,9p
TLR4,9q
TMC1,9q
TMEFF1,9q
TMEM141,9q
TMEM203,9q
TMEM210,9q
TMEM215,9p
TMEM245,9q
TMEM246-AS1,9q
TMEM250,9q
TMEM252,9q
TMEM268,9q
TMEM38B,9q
TMEM8B,9p
TMOD1,9q
TNC,9q
TNFSF15,9q
TNFSF8,9q
TOMM5,9p
TOPORS,9p
TOR1A,9q
TOR1B,9q
TOR2A,9q
TOR4A,9q
TPD52L3,9p
TPM2,9p
TPRN,9q
TRAF1,9q
TRAF2,9q
TRIM14,9q
TRIM32,9q
TRMO,9q
TRMT10B,9p
TRPM3,9q
TRPM6,9q
TRUB2,9q
TSC1,9q
TSTD2,9q
TTC16,9q
TTC39B,9p
TTF1,9q
TTLL11,9q
TUBB4B,9q
TUBBP5,9q
TUSC1,9p
TUT7,9q
TXN,9q
TXNDC8,9q
TYRP1,9p
UAP1L1,9q
UBAC1,9q
UBAP1,9p
UBAP2,9p
UBE2R2,9p
UBQLN1,9q
UCK1,9q
UGCG,9q
UHRF2,9p
UNC13B,9p
UNQ6494,9q
URM1,9q
USP20,9q
VAV2,9q
VCP,9p
VLDLR,9p
VLDLR-AS1,9p
VPS13A,9q
VPS13A-AS1,9q
WASHC1,9p
WDR31,9q
WDR38,9q
WDR5,9q
WHRN,9q
WNK2,9q
XLOC_007697,9p
XPA,9q
ZBTB26,9q
ZBTB34,9q
ZBTB43,9q
ZBTB5,9p
ZBTB6,9q
ZCCHC7,9p
ZDHHC12,9q
ZDHHC21,9p
ZER1,9q
ZFAND5,9q
ZFP37,9q
ZMYND19,9q
ZNF169,9q
ZNF189,9q
ZNF367,9q
ZNF462,9q
ZNF483,9q
ZNF484,9q
ZNF510,9q
ZNF618,9q
ZNF658,9q
ZNF658B,9p
ZNF782,9q
ZNF79,9q
ZNF883,9q
ABCB7,Xq
ABCD1,Xq
ACE2,Xp
ACOT9,Xp
ACSL4,Xq
ACTRT1,Xq
ADGRG2,Xp
ADGRG4,Xq
AFF2,Xq
AGTR2,Xq
AIFM1,Xq
AKAP14,Xq
AKAP17A,Xp
AKAP4,Xp
ALAS2,Xp
ALG13,Xq
AMELX,Xp
AMER1,Xq
AMMECR1,Xq
AMOT,Xq
ANOS1,Xp
AP1S2,Xp
APEX2,Xp
APLN,Xq
APOO,Xp
APOOL,Xq
AR,Xq
ARAF,Xp
ARHGAP36,Xq
ARHGAP4,Xq
ARHGAP6,Xp
ARHGEF6,Xq
ARHGEF9,Xq
ARHGEF9-IT1,Xq
ARL13A,Xq
ARMCX1,Xq
ARMCX2,Xq
ARMCX3,Xq
ARMCX4,Xq
ARMCX5,Xq
ARMCX5-GPRASP2,Xq
ARMCX6,Xq
ARR3,Xq
ARSD,Xp
ARSD-AS1,Xp
ARSF,Xp
ARSH,Xp
ARSL,Xp
ARX,Xp
ASB11,Xp
ASB12,Xq
ASB9,Xp
ASMT,Xp
ASMTL,Xp
ASMTL-AS1,Xp
ATG4A,Xq
ATP11C,Xq
ATP1B4,Xq
ATP2B3,Xq
ATP6AP1,Xq
ATP6AP2,Xp
ATP7A,Xq
ATRX,Xq
ATXN3L,Xp
AVPR2,Xq
AWAT1,Xq
AWAT2,Xq
BCAP31,Xq
BCLAF3,Xp
BCOR,Xp
BCORL1,Xq
BEND2,Xp
BEX1,Xq
BEX2,Xq
BEX3,Xq
BEX4,Xq
BEX5,Xq
BGN,Xq
BHLHB9,Xq
BMP15,Xp
BMX,Xp
BRCC3,Xq
BRDTP1,Xq
BRS3,Xq
BRWD3,Xq
BTK,Xq
C1GALT1C1,Xq
CA5B,Xp
CA5BP1,Xp
CA5BP1-CA5B,Xp
CACNA1F,Xp
CAPN6,Xq
CASK,Xp
CBLL2,Xp
CCDC120,Xp
CCDC160,Xq
CCDC22,Xp
CCNB3,Xp
CCNQ,Xq
CD40LG,Xq
CD99,Xp
CD99L2,Xq
CD99P1,Xp
CDK16,Xp
CDKL5,Xp
CDR1,Xq
CDX4,Xq
CENPI,Xq
CENPVL1,Xp
CENPVL2,Xp
CENPVL3,Xp
CETN2,Xq
CFAP47,Xp
CFP,Xp
CH17-340M24.3,Xq
CHIC1,Xq
CHM,Xq
CHMP1B2P,Xq
CHRDL1,Xq
CHST7,Xp
CITED1,Xq
CLCN4,Xp
CLCN5,Xp
CLDN2,Xq
CLDN34,Xp
CLIC2,Xq
CLTRN,Xp
CMC4,Xq
CNGA2,Xq
CNKSR2,Xp
COL4A5,Xq
COL4A6,Xq
COX7B,Xq
CPXCR1,Xq
CRLF2,Xp
CSAG1,Xq
CSAG3,Xq
CSAG4,Xq
CSF2RA,Xp
CSTF2,Xq
CT45A1,Xq
CT45A10,Xq
CT45A2,Xq
CT45A3,Xq
CT45A5,Xq
CT45A6,Xq
CT45A7,Xq
CT45A8,Xq
CT45A9,Xq
CT47A1,Xq
CT47A10,Xq
CT47A11,Xq
CT47A12,Xq
CT47A2,Xq
CT47A3,Xq
CT47A4,Xq
CT47A5,Xq
CT47A6,Xq
CT47A7,Xq
CT47A8,Xq
CT47A9,Xq
CT47B1,Xq
CT55,Xq
CT83,Xq
CTAG1A,Xq
CTAG1B,Xq
CTAG2,Xq
CTPS2,Xp
CUL4B,Xq
CXCR3,Xq
CXXC1P1,Xp
CXorf38,Xp
CXorf49,Xq
CXorf49B,Xq
CXorf51A,Xq
CXorf51B,Xq
CXorf56,Xq
CXorf58,Xp
CXorf65,Xq
CXorf66,Xq
CYBB,Xp
CYLC1,Xq
CYSLTR1,Xq
DACH2,Xq
DANT1,Xq
DANT2,Xq
DCAF12L1,Xq
DCAF12L2,Xq
DCAF8L1,Xp
DCAF8L2,Xp
DCX,Xq
DDX11L16,Xq
DDX3X,Xp
DDX53,Xp
DENND10P1,Xq
DGAT2L6,Xq
DGKK,Xp
DHRSX,Xp
DIAPH2,Xq
DIAPH2-AS1,Xq
DIPK2B,Xp
DKC1,Xq
DLG3,Xq
DLG3-AS1,Xq
DMD,Xp
DMRTC1,Xq
DMRTC1B,Xq
DNAAF6,Xq
DNASE1L1,Xq
DOCK11,Xq
DRP2,Xq
DUSP21,Xp
DUSP9,Xq
DYNLT3,Xp
EBP,Xp
ECMXP,Xq
EDA,Xq
EDA2R,Xq
EFHC2,Xp
EFNB1,Xq
EGFL6,Xp
EIF1AX,Xp
EIF1AX-AS1,Xp
EIF2S3,Xp
ELF4,Xq
ELK1,Xp
EMD,Xq
ENOX2,Xq
EOLA1,Xq
EOLA2,Xq
ERAS,Xp
ERCC6L,Xq
ESX1,Xq
ETDA,Xq
ETDB,Xq
ETDC,Xq
EZHIP,Xp
F8,Xq
F8A1,Xq
F8A2,Xq
F8A3,Xq
F9,Xq
FAAH2,Xp
FAM104B,Xp
FAM120C,Xp
FAM122B,Xq
FAM122C,Xq
FAM133A,Xq
FAM155B,Xq
FAM156A,Xp
FAM156B,Xp
FAM199X,Xq
FAM223A,Xq
FAM223B,Xq
FAM226A,Xq
FAM226B,Xq
FAM236A,Xq
FAM236B,Xq
FAM236C,Xq
FAM236D,Xq
FAM239A,Xp
FAM239B,Xp
FAM3A,Xq
FAM47A,Xp
FAM47B,Xp
FAM47C,Xp
FAM50A,Xq
FAM9A,Xp
FAM9B,Xp
FAM9C,Xp
FANCB,Xp
FATE1,Xq
FGD1,Xp
FGF13,Xq
FGF13-AS1,Xq
FGF16,Xq
FHL1,Xq
FIRRE,Xq
FLICR,Xp
FLJ44635,Xq
FLNA,Xq
FMR1,Xq
FMR1-AS1,Xq
FMR1NB,Xq
FOXO4,Xq
FOXP3,Xp
FOXR2,Xp
FRMD7,Xq
FRMD8P1,Xq
FRMPD3,Xq
FRMPD3-AS1,Xq
FRMPD4,Xp
FTHL17,Xp
FTHL18,Xp
FTSJ1,Xp
FTX,Xq
FUNDC1,Xp
FUNDC2,Xq
G6PD,Xq
GAB3,Xq
GABRA3,Xq
GABRE,Xq
GABRQ,Xq
GAGE1,Xp
GAGE10,Xp
GAGE12B,Xp
GAGE12C,Xp
GAGE12D,Xp
GAGE12E,Xp
GAGE12F,Xp
GAGE12G,Xp
GAGE12H,Xp
GAGE12I,Xp
GAGE12J,Xp
GAGE13,Xp
GAGE2A,Xp
GAGE2B,Xp
GAGE2C,Xp
GAGE2D,Xp
GAGE2E,Xp
GAGE4,Xp
GAGE5,Xp
GAGE6,Xp
GAGE7,Xp
GAGE8,Xp
GATA1,Xp
GCNA,Xq
GDI1,Xq
GDPD2,Xq
GEMIN8,Xp
GJB1,Xq
GK,Xp
GLA,Xq
GLOD5,Xp
GLRA2,Xp
GLRA4,Xq
GLUD2,Xq
GNL3L,Xp
GPC3,Xq
GPC3-AS1,Xq
GPC4,Xq
GPKOW,Xp
GPM6B,Xp
GPR101,Xq
GPR119,Xq
GPR143,Xp
GPR173,Xp
GPR174,Xq
GPR34,Xp
GPR50,Xq
GPR50-AS1,Xq
GPR82,Xp
GPRASP1,Xq
GPRASP2,Xq
GRIA3,Xq
GRIPAP1,Xp
GRPR,Xp
GS1-594A7.3,Xp
GS1-600G8.3,Xp
GSPT2,Xp
GTPBP6,Xp
GUCY2F,Xq
GYG2,Xp
H2AB1,Xq
H2AB2,Xq
H2AB3,Xq
H2AP,Xp
H2BW1,Xq
H2BW2,Xq
H2BW3P,Xq
H2BW4P,Xq
HAUS7,Xq
HCCS,Xp
HCFC1,Xq
HCFC1-AS1,Xq
HDAC6,Xp
HDAC8,Xq
HDX,Xq
HEPH,Xq
HMGB3,Xq
HMGN5,Xq
HNRNPH2,Xq
HPRT1,Xq
HS6ST2,Xq
HS6ST2-AS1,Xq
HSD17B10,Xp
HSFX1,Xq
HSFX2,Xq
HSFX3,Xq
HSFX4,Xq
HTATSF1,Xq
HTR2C,Xq
HUWE1,Xp
IDH3G,Xq
IDS,Xq
IGBP1,Xq
IGSF1,Xq
IKBKG,Xq
IL13RA1,Xq
IL13RA2,Xq
IL1RAPL1,Xp
IL1RAPL2,Xq
IL2RG,Xq
IL3RA,Xp
IL9R,Xq
INE1,Xp
INE2,Xp
INGX,Xq
INTS6L,Xq
INTS6L-AS1,Xq
IQSEC2,Xp
IRAK1,Xq
IRS4,Xq
ITGB1BP2,Xq
ITIH6,Xp
ITM2A,Xq
JADE3,Xp
JPX,Xq
KANTR,Xp
KCND1,Xp
KCNE5,Xq
KDM5C,Xp
KDM6A,Xp
KIAA1210,Xq
KIF4A,Xq
KLF8,Xp
KLHL13,Xq
KLHL15,Xp
KLHL34,Xp
KLHL4,Xq
KRBOX4,Xp
L1CAM,Xq
LAGE3,Xq
LAMP2,Xq
LANCL3,Xp
LAS1L,Xq
LCA10,Xq
LDOC1,Xq
LHFPL1,Xq
LINC00102,Xp
LINC00106,Xp
LINC00269,Xq
LINC00629,Xq
LINC00630,Xq
LINC00632,Xq
LINC00685,Xp
LINC00850,Xq
LINC00891,Xq
LINC00892,Xq
LINC00893,Xq
LINC00894,Xq
LINC01186,Xp
LINC01201,Xq
LINC01203,Xp
LINC01204,Xp
LINC01278,Xq
LINC01281,Xp
LINC01282,Xp
LINC01284,Xp
LINC01285,Xq
LINC01402,Xq
LINC01456,Xp
LINC01496,Xp
LINC01545,Xp
LINC01546,Xp
LINC01560,Xp
LINC02154,Xp
LINC02243,Xq
LINC02589,Xq
LINC02595,Xp
LINC02601,Xp
LOC100126447,Xq
LOC100129291,Xq
LOC100132741,Xq
LOC100421746,Xp
LOC100506790,Xq
LOC101059915,Xq
LOC101927476,Xp
LOC101927635,Xp
LOC101927830,Xq
LOC101928128,Xq
LOC101928201,Xp
LOC101928335,Xq
LOC101928336,Xq
LOC101928358,Xq
LOC101928389,Xp
LOC101928402,Xq
LOC101928437,Xq
LOC101928495,Xq
LOC101928627,Xp
LOC105373156,Xp
LOC105373311,Xq
LOC105373338,Xq
LOC105373378,Xq
LOC105373383,Xq
LOC105377213,Xq
LOC286437,Xq
LOC389895,Xq
LOC389906,Xp
LOC645188,Xq
LOC728660,Xq
LOC729609,Xp
LONRF3,Xq
LPAR4,Xq
LRCH2,Xq
LUZP4,Xq
MAGEA1,Xq
MAGEA10,Xq
MAGEA10-MAGEA5,Xq
MAGEA11,Xq
MAGEA12,Xq
MAGEA2,Xq
MAGEA2B,Xq
MAGEA3,Xq
MAGEA4,Xq
MAGEA4-AS1,Xq
MAGEA5,Xq
MAGEA6,Xq
MAGEA8,Xq
MAGEA8-AS1,Xq
MAGEA9,Xq
MAGEA9B,Xq
MAGEB1,Xp
MAGEB10,Xp
MAGEB16,Xp
MAGEB17,Xp
MAGEB18,Xp
MAGEB2,Xp
MAGEB3,Xp
MAGEB4,Xp
MAGEB5,Xp
MAGEB6,Xp
MAGEC1,Xq
MAGEC2,Xq
MAGEC3,Xq
MAGED1,Xp
MAGED2,Xp
MAGED4,Xp
MAGED4B,Xp
MAGEE1,Xq
MAGEE2,Xq
MAGEH1,Xp
MAGIX,Xp
MAGT1,Xq
MAMLD1,Xq
MAOA,Xp
MAOB,Xp
MAP2K4P1,Xq
MAP3K15,Xp
MAP7D2,Xp
MAP7D3,Xq
MBNL3,Xq
MBTPS2,Xp
MCF2,Xq
MCTS1,Xq
MECP2,Xq
MED12,Xq
MED14,Xp
MED14OS,Xp
MFFP3,Xp
MID1,Xp
MID1IP1,Xp
MID1IP1-AS1,Xp
MID2,Xq
MIR105-1,Xq
MIR105-2,Xq
MIR106A,Xq
MIR1184-1,Xq
MIR1184-2,Xq
MIR1184-3,Xq
MIR12129,Xq
MIR1264,Xq
MIR1277,Xq
MIR1298,Xq
MIR1321,Xq
MIR1468,Xq
MIR1587,Xp
MIR188,Xp
MIR18B,Xq
MIR1911,Xq
MIR1912,Xq
MIR19B2,Xq
MIR20B,Xq
MIR2114,Xq
MIR221,Xp
MIR222,Xp
MIR223,Xq
MIR224,Xq
MIR23C,Xp
MIR3202-1,Xq
MIR3202-2,Xq
MIR320D2,Xq
MIR325,Xq
MIR325HG,Xq
MIR361,Xq
MIR362,Xp
MIR363,Xq
MIR3672,Xq
MIR3690,Xp
MIR374A,Xq
MIR374B,Xq
MIR374C,Xq
MIR384,Xq
MIR3915,Xp
MIR3937,Xp
MIR3978,Xq
MIR421,Xq
MIR424,Xq
MIR4328,Xq
MIR4329,Xq
MIR4330,Xq
MIR448,Xq
MIR450A1,Xq
MIR450A2,Xq
MIR450B,Xq
MIR452,Xq
MIR4536-1,Xp
MIR4536-2,Xp
MIR4666B,Xp
MIR4767,Xp
MIR4768,Xp
MIR4769,Xp
MIR4770,Xp
MIR500A,Xp
MIR500B,Xp
MIR501,Xp
MIR502,Xp
MIR503,Xq
MIR503HG,Xq
MIR504,Xq
MIR505,Xq
MIR506,Xq
MIR507,Xq
MIR508,Xq
MIR509-1,Xq
MIR509-2,Xq
MIR509-3,Xq
MIR510,Xq
MIR513A1,Xq
MIR513A2,Xq
MIR513B,Xq
MIR513C,Xq
MIR514A1,Xq
MIR514A2,Xq
MIR514A3,Xq
MIR514B,Xq
MIR532,Xp
MIR542,Xq
MIR545,Xq
MIR548AJ2,Xp
MIR548AM,Xp
MIR548AN,Xq
MIR548AX,Xp
MIR548F5,Xp
MIR548I4,Xq
MIR548M,Xq
MIR6086,Xp
MIR6089,Xp
MIR6134,Xp
MIR651,Xp
MIR652,Xq
MIR660,Xp
MIR664B,Xq
MIR676,Xq
MIR6857,Xp
MIR6858,Xq
MIR6894,Xp
MIR6895,Xp
MIR718,Xq
MIR764,Xq
MIR766,Xq
MIR767,Xq
MIR8088,Xp
MIR888,Xq
MIR890,Xq
MIR891A,Xq
MIR891B,Xq
MIR892A,Xq
MIR892B,Xq
MIR892C,Xq
MIR92A2,Xq
MIR934,Xq
MIR98,Xp
MIRLET7F2,Xp
MMGT1,Xq
MORC4,Xq
MORF4L2,Xq
MORF4L2-AS1,Xq
MOSPD1,Xq
MOSPD2,Xp
MPC1L,Xp
MPP1,Xq
MSL3,Xp
MSN,Xq
MTCP1,Xq
MTM1,Xq
MTMR1,Xq
MTMR8,Xq
MTRNR2L10,Xp
MXRA5,Xp
NAA10,Xq
NAP1L2,Xq
NAP1L3,Xq
NAP1L6P,Xq
NBDY,Xp
NCBP2L,Xq
NDP,Xp
NDP-AS1,Xp
NDUFA1,Xq
NDUFB11,Xp
NEXMIF,Xq
NHS,Xp
NHS-AS1,Xp
NHSL2,Xq
NKAP,Xq
NKAPP1,Xq
NKRF,Xq
NLGN3,Xq
NLGN4X,Xp
NLRP2B,Xp
NONO,Xq
NOX1,Xq
NR0B1,Xp
NRK,Xq
NSDHL,Xq
NUDT10,Xp
NUDT11,Xp
NUP62CL,Xq
NXF2,Xq
NXF2B,Xq
NXF3,Xq
NXF4,Xq
NXF5,Xq
NXT2,Xq
NYX,Xp
OCRL,Xq
OFD1,Xp
OGT,Xq
OPHN1,Xq
OPN1LW,Xq
OPN1MW,Xq
OPN1MW2,Xq
OPN1MW3,Xq
OR13H1,Xq
OTC,Xp
OTUD5,Xp
OTUD6A,Xq
P2RY10,Xq
P2RY4,Xq
P2RY8,Xp
PABPC1L2A,Xq
PABPC1L2B,Xq
PABPC1L2B-AS1,Xq
PABPC5,Xq
PABPC5-AS1,Xq
PAGE1,Xp
PAGE2,Xp
PAGE2B,Xp
PAGE3,Xp
PAGE4,Xp
PAGE5,Xp
PAK3,Xq
PASD1,Xq
PBDC1,Xq
PCDH11X,Xq
PCDH19,Xq
PCSK1N,Xp
PCYT1B,Xp
PCYT1B-AS1,Xp
PDHA1,Xp
PDK3,Xp
PDZD11,Xq
PDZD4,Xq
PFKFB1,Xp
PGAM4,Xq
PGK1,Xq
PGRMC1,Xq
PHEX,Xp
PHEX-AS1,Xp
PHF6,Xq
PHF8,Xp
PHKA1,Xq
PHKA1-AS1,Xq
PHKA2,Xp
PHKA2-AS1,Xp
PIGA,Xp
PIM2,Xp
PIN4,Xq
PINCR,Xp
PIR,Xp
PIR-FIGF,Xp
PJA1,Xq
PLAC1,Xq
PLCXD1,Xp
PLP1,Xq
PLP2,Xp
PLS3,Xq
PLS3-AS1,Xq
PLXNA3,Xq
PLXNB3,Xq
PNCK,Xq
PNMA3,Xq
PNMA5,Xq
PNMA6A,Xq
PNMA6E,Xq
PNMA6F,Xq
PNPLA4,Xp
POF1B,Xq
POLA1,Xp
PORCN,Xp
POU3F4,Xq
PPEF1,Xp
PPEF1-AS1,Xp
PPP1R2C,Xp
PPP1R3F,Xp
PPP2R3B,Xp
PPP4R3C,Xp
PQBP1,Xp
PRAF2,Xp
PRDX4,Xp
PRICKLE3,Xp
PRKX,Xp
PRKX-AS1,Xp
PRPS1,Xq
PRPS2,Xp
PRR32,Xq
PRRG1,Xp
PRRG3,Xq
PSMD10,Xq
PTCHD1,Xp
PTCHD1-AS,Xp
PUDP,Xp
PWWP3B,Xq
RAB33A,Xq
RAB39B,Xq
RAB40A,Xq
RAB40AL,Xq
RAB41,Xq
RAB9A,Xp
RAB9B,Xq
RADX,Xq
RAI2,Xp
RAP2C,Xq
RAP2C-AS1,Xq
RBBP7,Xp
RBM10,Xp
RBM3,Xp
RBM41,Xq
RBMX,Xq
RBMX2,Xq
RBMXL3,Xq
RENBP,Xq
REPS2,Xp
RGN,Xp
RHOXF1,Xq
RHOXF1-AS1,Xq
RHOXF1P1,Xq
RHOXF2,Xq
RHOXF2B,Xq
RIBC1,Xp
RIPPLY1,Xq
RLIM,Xq
RNF113A,Xq
RNF128,Xq
RP2,Xp
RPA4,Xq
RPGR,Xp
RPL10,Xq
RPL36A,Xq
RPL36A-HNRNPH2,Xq
RPL39,Xq
RPS26P11,Xq
RPS4X,Xq
RPS6KA3,Xp
RPS6KA6,Xq
RRAGB,Xp
RS1,Xp
RTL3,Xq
RTL4,Xq
RTL5,Xq
RTL8A,Xq
RTL8B,Xq
RTL8C,Xq
RTL9,Xq
S100G,Xp
SAGE1,Xq
SAGE2P,Xq
SASH3,Xq
SAT1,Xp
SATL1,Xq
SCARNA23,Xp
SCARNA9L,Xp
SCML1,Xp
SCML2,Xp
SEPTIN6,Xq
SERPINA7,Xq
SERTM2,Xq
SH2D1A,Xq
SH3BGRL,Xq
SH3KBP1,Xp
SHOX,Xp
SHROOM2,Xp
SHROOM4,Xp
SLC10A3,Xq
SLC16A2,Xq
SLC25A14,Xq
SLC25A43,Xq
SLC25A5,Xq
SLC25A5-AS1,Xq
SLC25A53,Xq
SLC25A6,Xp
SLC35A2,Xp
SLC38A5,Xp
SLC6A14,Xq
SLC6A8,Xq
SLC7A3,Xq
SLC9A6,Xq
SLC9A7,Xp
SLITRK2,Xq
SLITRK4,Xq
SMARCA1,Xq
SMC1A,Xp
SMIM10,Xq
SMIM10L2A,Xq
SMIM10L2B,Xq
SMIM10L2B-AS1,Xq
SMIM9,Xq
SMPX,Xp
SMS,Xp
SNORA109,Xp
SNORA11,Xp
SNORA11C,Xp
SNORA11D,Xp
SNORA11E,Xp
SNORA11G,Xp
SNORA35,Xq
SNORA35B,Xq
SNORA36A,Xq
SNORA48B,Xp
SNORA56,Xq
SNORA69,Xq
SNORA70,Xq
SNORD3E,Xq
SNORD61,Xq
SNORD96B,Xq
SNX12,Xq
SOWAHD,Xq
SOX3,Xq
SPACA5,Xp
SPACA5B,Xp
SPANXA1,Xq
SPANXA2,Xq
SPANXA2-OT1,Xq
SPANXB1,Xq
SPANXC,Xq
SPANXD,Xq
SPANXN1,Xq
SPANXN2,Xq
SPANXN3,Xq
SPANXN4,Xq
SPANXN5,Xp
SPIN2A,Xp
SPIN2B,Xp
SPIN3,Xp
SPIN4,Xq
SPRY3,Xq
SRD5A1P1,Xq
SRPK3,Xq
SRPX,Xp
SRPX2,Xq
SSR4,Xq
SSX1,Xp
SSX2,Xp
SSX2B,Xp
SSX3,Xp
SSX4,Xp
SSX4B,Xp
SSX5,Xp
SSX6P,Xp
SSX7,Xp
SSX8P,Xp
SSX9P,Xp
STAG2,Xq
STARD8,Xq
STK26,Xq
STS,Xp
SUPT20HL1,Xp
SUPT20HL2,Xp
SUV39H1,Xp
SYAP1,Xp
SYN1,Xp
SYP,Xp
SYP-AS1,Xp
SYTL4,Xq
SYTL5,Xp
TAB3,Xp
TAB3-AS1,Xp
TAF1,Xq
TAF7L,Xq
TAF9B,Xq
TASL,Xp
TAZ,Xq
TBC1D25,Xp
TBC1D8B,Xq
TBL1X,Xp
TBX22,Xq
TCEAL1,Xq
TCEAL2,Xq
TCEAL3,Xq
TCEAL4,Xq
TCEAL5,Xq
TCEAL6,Xq
TCEAL7,Xq
TCEAL8,Xq
TCEAL9,Xq
TCEANC,Xp
TCP11X1,Xq
TCP11X2,Xq
TDGF1P3,Xq
TENM1,Xq
TENT5D,Xq
TEX11,Xq
TEX13A,Xq
TEX13B,Xq
TEX13C,Xq
TEX13D,Xq
TEX28,Xq
TFDP3,Xq
TFE3,Xp
TGIF2LX,Xq
THOC2,Xq
TIMM17B,Xp
TIMM8A,Xq
TIMP1,Xp
TKTL1,Xq
TLR7,Xp
TLR8,Xp
TLR8-AS1,Xp
TMEM164,Xq
TMEM185A,Xq
TMEM187,Xq
TMEM255A,Xq
TMEM31,Xq
TMEM35A,Xq
TMEM47,Xp
TMLHE,Xq
TMLHE-AS1,Xq
TMSB15A,Xq
TMSB15B,Xq
TMSB15B-AS1,Xq
TMSB4X,Xp
TNIP2P1,Xp
TNMD,Xq
TRAPPC2,Xp
TREX2,Xq
TRMT2B,Xq
TRO,Xp
TRPC5,Xq
TRPC5OS,Xq
TSC22D3,Xq
TSIX,Xq
TSPAN6,Xq
TSPAN7,Xp
TSPYL2,Xp
TSR2,Xp
TTC3P1,Xq
TXLNG,Xp
UBA1,Xp
UBE2A,Xq
UBE2DNL,Xq
UBE2E4P,Xp
UBE2NL,Xq
UBL4A,Xq
UBQLN2,Xp
UPF3B,Xq
UPRT,Xq
UQCRBP1,Xp
USP11,Xp
USP26,Xq
USP27X,Xp
USP27X-AS1,Xp
USP51,Xp
USP9X,Xp
UTP14A,Xq
UXT,Xp
UXT-AS1,Xp
VAMP7,Xq
VBP1,Xq
VCX,Xp
VCX2,Xp
VCX3A,Xp
VCX3B,Xp
VEGFD,Xp
VENTXP1,Xp
VGLL1,Xq
VMA21,Xq
VSIG1,Xq
VSIG4,Xq
WAS,Xp
WASIR1,Xq
WDR13,Xp
WDR44,Xq
WDR45,Xp
WNK3,Xp
WWC3,Xp
XACT,Xq
XAGE1A,Xp
XAGE1B,Xp
XAGE2,Xp
XAGE3,Xp
XAGE5,Xp
XG,Xp
XGY2,Xp
XIAP,Xq
XIST,Xq
XK,Xp
XKRX,Xq
XPNPEP2,Xq
YIPF6,Xq
YY2,Xp
ZBED1,Xp
ZBTB33,Xq
ZC3H12B,Xq
ZC4H2,Xq
ZCCHC12,Xq
ZCCHC13,Xq
ZCCHC18,Xq
ZDHHC15,Xq
ZDHHC9,Xq
ZFP92,Xq
ZFX,Xp
ZFX-AS1,Xp
ZIC3,Xq
ZMAT1,Xq
ZMYM3,Xq
ZNF157,Xp
ZNF182,Xp
ZNF185,Xq
ZNF275,Xq
ZNF280C,Xq
ZNF41,Xp
ZNF449,Xq
ZNF630,Xp
ZNF630-AS1,Xp
ZNF674,Xp
ZNF674-AS1,Xp
ZNF711,Xq
ZNF75D,Xq
ZNF81,Xp
ZRSR2,Xp
ZXDA,Xp
ZXDB,Xp
